2026-07-31 18:26:54 [INFO] module.loaded {'module': 'AI'}
2026-07-31 18:26:54 [INFO] module.enabled {'module': 'AI'}
2026-07-31 18:26:55 [INFO] ui.updated {'page': 'Dashboard'}
2026-07-31 18:26:55 [INFO] app.started
2026-07-31 18:27:07 [INFO] ui.updated {'page': 'Module Manager'}
2026-07-31 18:27:18 [INFO] ui.updated {'page': 'Analytics'}
2026-07-31 18:27:21 [INFO] ui.updated {'page': 'Health'}
2026-07-31 18:27:25 [INFO] ui.updated {'page': 'Console'}
2026-07-31 18:27:28 [INFO] ui.updated {'page': 'Settings'}
2026-07-31 18:27:46 [INFO] settings.changed
2026-07-31 18:27:48 [INFO] ui.updated {'page': 'Dashboard'}
2026-07-31 18:28:09 [INFO] ai.request {'prompt_length': 5}
2026-07-31 18:28:09 [INFO] ai.response {'elapsed_seconds': 0.401, 'response_length': 113}
2026-07-31 18:28:26 [INFO] ui.updated {'page': 'Analytics'}
2026-07-31 18:28:31 [INFO] ui.updated {'page': 'Dashboard'}
2026-08-01 11:57:35 [INFO] module.loaded {'module': 'AI'}
2026-08-01 11:57:35 [INFO] module.enabled {'module': 'AI'}
2026-08-01 11:57:36 [INFO] ui.updated {'page': 'Dashboard'}
2026-08-01 11:57:36 [INFO] app.started
2026-08-01 11:57:40 [INFO] ui.updated {'page': 'Settings'}
2026-08-01 11:57:58 [INFO] settings.changed
2026-08-01 11:58:00 [INFO] ui.updated {'page': 'Dashboard'}
2026-08-01 11:58:03 [INFO] ai.request {'prompt_length': 2}
2026-08-01 11:58:03 [ERROR] ai.error {'error': 'HTTP 404: '}
2026-08-01 11:58:08 [INFO] ui.updated {'page': 'Analytics'}
2026-08-01 11:58:11 [INFO] ui.updated {'page': 'Health'}
2026-08-01 11:58:15 [INFO] ui.updated {'page': 'Settings'}
2026-08-12 11:14:07 [INFO] module.loaded {'module': 'AI'}
2026-08-12 11:14:07 [INFO] module.enabled {'module': 'AI'}
2026-08-12 11:14:08 [INFO] ui.updated {'page': 'Dashboard'}
2026-08-12 11:14:08 [INFO] app.started
2026-08-12 11:14:19 [INFO] ui.updated {'page': 'Voice'}
2026-08-12 11:15:51 [INFO] module.loaded {'module': 'Voice'}
2026-08-12 11:15:51 [INFO] module.enabled {'module': 'Voice'}
2026-08-12 11:15:51 [ERROR] error {'error': 'Mic open failed: Error opening InputStream: Invalid sample rate [PaErrorCode -9997]'}
2026-08-12 11:15:51 [INFO] voice.listening.start
2026-08-12 11:16:04 [INFO] module.enabled {'module': 'Voice'}
2026-08-12 11:16:04 [INFO] voice.listening.start
2026-08-12 11:16:04 [INFO] voice.audio.level {'level': 1.0}
2026-08-12 11:16:04 [INFO] voice.audio.level {'level': 1.0}
2026-08-12 11:16:04 [INFO] voice.audio.level {'level': 1.0}
2026-08-12 11:16:04 [INFO] voice.audio.level {'level': 1.0}
2026-08-12 11:16:04 [INFO] voice.audio.level {'level': 1.0}
2026-08-12 11:16:04 [INFO] voice.audio.level {'level': 1.0}
2026-08-12 11:16:04 [INFO] voice.audio.level {'level': 1.0}
2026-08-12 11:16:04 [INFO] voice.audio.level {'level': 1.0}
2026-08-12 11:16:04 [INFO] voice.audio.level {'level': 1.0}
2026-08-12 11:16:04 [INFO] voice.audio.level {'level': 1.0}
2026-08-12 11:16:05 [INFO] voice.audio.level {'level': 1.0}
2026-08-12 11:16:05 [INFO] voice.audio.level {'level': 1.0}
2026-08-12 11:16:05 [INFO] voice.audio.level {'level': 1.0}
2026-08-12 11:16:05 [INFO] voice.audio.level {'level': 1.0}
2026-08-12 11:16:05 [INFO] voice.audio.level {'level': 1.0}
2026-08-12 11:16:05 [INFO] voice.audio.level {'level': 1.0}
2026-08-12 11:16:05 [INFO] voice.audio.level {'level': 1.0}
2026-08-12 11:16:05 [INFO] voice.audio.level {'level': 1.0}
2026-08-12 11:16:05 [INFO] voice.audio.level {'level': 1.0}
2026-08-12 11:16:05 [INFO] voice.audio.level {'level': 1.0}
2026-08-12 11:16:05 [INFO] voice.audio.level {'level': 1.0}
2026-08-12 11:16:05 [INFO] voice.audio.level {'level': 1.0}
2026-08-12 11:16:05 [INFO] voice.audio.level {'level': 1.0}
2026-08-12 11:16:05 [INFO] voice.audio.level {'level': 1.0}
2026-08-12 11:16:05 [INFO] voice.audio.level {'level': 1.0}
2026-08-12 11:16:05 [INFO] voice.audio.level {'level': 1.0}
2026-08-12 11:16:05 [INFO] voice.audio.level {'level': 1.0}
2026-08-12 11:16:05 [INFO] voice.audio.level {'level': 1.0}
2026-08-12 11:16:05 [INFO] voice.audio.level {'level': 1.0}
2026-08-12 11:16:05 [INFO] voice.audio.level {'level': 1.0}
2026-08-12 11:16:05 [INFO] voice.audio.level {'level': 1.0}
2026-08-12 11:16:05 [INFO] voice.audio.level {'level': 1.0}
2026-08-12 11:16:05 [INFO] voice.audio.level {'level': 1.0}
2026-08-12 11:16:05 [INFO] voice.audio.level {'level': 1.0}
2026-08-12 11:16:05 [INFO] voice.audio.level {'level': 1.0}
2026-08-12 11:16:05 [INFO] voice.audio.level {'level': 1.0}
2026-08-12 11:16:05 [INFO] voice.audio.level {'level': 1.0}
2026-08-12 11:16:05 [INFO] voice.audio.level {'level': 1.0}
2026-08-12 11:16:05 [INFO] voice.audio.level {'level': 1.0}
2026-08-12 11:16:05 [INFO] voice.audio.level {'level': 1.0}
2026-08-12 11:16:05 [INFO] voice.audio.level {'level': 1.0}
2026-08-12 11:16:05 [INFO] voice.audio.level {'level': 1.0}
2026-08-12 11:16:05 [INFO] voice.audio.level {'level': 1.0}
2026-08-12 11:16:06 [INFO] voice.audio.level {'level': 1.0}
2026-08-12 11:16:06 [INFO] voice.audio.level {'level': 1.0}
2026-08-12 11:16:06 [INFO] voice.audio.level {'level': 1.0}
2026-08-12 11:16:06 [INFO] voice.audio.level {'level': 1.0}
2026-08-12 11:16:06 [INFO] voice.audio.level {'level': 1.0}
2026-08-12 11:16:06 [INFO] voice.audio.level {'level': 1.0}
2026-08-12 11:16:06 [INFO] voice.audio.level {'level': 1.0}
2026-08-12 11:16:06 [INFO] voice.audio.level {'level': 1.0}
2026-08-12 11:16:06 [INFO] voice.audio.level {'level': 1.0}
2026-08-12 11:16:06 [INFO] voice.audio.level {'level': 1.0}
2026-08-12 11:16:06 [INFO] voice.audio.level {'level': 1.0}
2026-08-12 11:16:06 [INFO] voice.audio.level {'level': 1.0}
2026-08-12 11:16:06 [INFO] voice.audio.level {'level': 1.0}
2026-08-12 11:16:06 [INFO] voice.audio.level {'level': 1.0}
2026-08-12 11:16:06 [INFO] voice.audio.level {'level': 1.0}
2026-08-12 11:16:06 [INFO] voice.audio.level {'level': 1.0}
2026-08-12 11:16:06 [INFO] voice.audio.level {'level': 1.0}
2026-08-12 11:16:06 [INFO] voice.audio.level {'level': 1.0}
2026-08-12 11:16:06 [INFO] voice.audio.level {'level': 1.0}
2026-08-12 11:16:06 [INFO] voice.audio.level {'level': 1.0}
2026-08-12 11:16:06 [INFO] voice.audio.level {'level': 1.0}
2026-08-12 11:16:06 [INFO] voice.audio.level {'level': 1.0}
2026-08-12 11:16:06 [INFO] voice.audio.level {'level': 1.0}
2026-08-12 11:16:06 [INFO] voice.audio.level {'level': 1.0}
2026-08-12 11:16:06 [INFO] voice.audio.level {'level': 1.0}
2026-08-12 11:16:06 [INFO] voice.audio.level {'level': 1.0}
2026-08-12 11:16:06 [INFO] voice.audio.level {'level': 1.0}
2026-08-12 11:16:06 [INFO] voice.audio.level {'level': 1.0}
2026-08-12 11:16:06 [INFO] voice.audio.level {'level': 1.0}
2026-08-12 11:16:06 [INFO] voice.audio.level {'level': 1.0}
2026-08-12 11:16:06 [INFO] voice.audio.level {'level': 1.0}
2026-08-12 11:16:06 [INFO] voice.audio.level {'level': 1.0}
2026-08-12 11:16:06 [INFO] voice.audio.level {'level': 1.0}
2026-08-12 11:16:07 [INFO] voice.audio.level {'level': 1.0}
2026-08-12 11:16:07 [INFO] voice.audio.level {'level': 1.0}
2026-08-12 11:16:07 [INFO] voice.audio.level {'level': 1.0}
2026-08-12 11:16:07 [INFO] voice.audio.level {'level': 1.0}
2026-08-12 11:16:07 [INFO] voice.audio.level {'level': 1.0}
2026-08-12 11:16:07 [INFO] voice.audio.level {'level': 1.0}
2026-08-12 11:16:07 [INFO] voice.audio.level {'level': 1.0}
2026-08-12 11:16:07 [INFO] voice.audio.level {'level': 1.0}
2026-08-12 11:16:07 [INFO] voice.audio.level {'level': 1.0}
2026-08-12 11:16:07 [INFO] voice.audio.level {'level': 1.0}
2026-08-12 11:16:07 [INFO] voice.audio.level {'level': 1.0}
2026-08-12 11:16:07 [INFO] voice.audio.level {'level': 1.0}
2026-08-12 11:16:07 [INFO] voice.audio.level {'level': 1.0}
2026-08-12 11:16:07 [INFO] voice.audio.level {'level': 1.0}
2026-08-12 11:16:07 [INFO] voice.audio.level {'level': 1.0}
2026-08-12 11:16:07 [INFO] voice.audio.level {'level': 1.0}
2026-08-12 11:16:07 [INFO] voice.audio.level {'level': 1.0}
2026-08-12 11:16:07 [INFO] voice.audio.level {'level': 1.0}
2026-08-12 11:16:07 [INFO] voice.audio.level {'level': 1.0}
2026-08-12 11:16:07 [INFO] voice.audio.level {'level': 1.0}
2026-08-12 11:16:07 [INFO] voice.audio.level {'level': 1.0}
2026-08-12 11:16:07 [INFO] voice.listening.stop
2026-08-12 11:16:18 [INFO] module.enabled {'module': 'Voice'}
2026-08-12 11:16:18 [INFO] voice.listening.start
2026-08-12 11:16:18 [INFO] voice.audio.level {'level': 1.0}
2026-08-12 11:16:18 [INFO] voice.audio.level {'level': 1.0}
2026-08-12 11:16:18 [INFO] voice.audio.level {'level': 1.0}
2026-08-12 11:16:18 [INFO] voice.audio.level {'level': 1.0}
2026-08-12 11:16:18 [INFO] voice.audio.level {'level': 1.0}
2026-08-12 11:16:18 [INFO] voice.audio.level {'level': 1.0}
2026-08-12 11:16:18 [INFO] voice.audio.level {'level': 1.0}
2026-08-12 11:16:18 [INFO] voice.audio.level {'level': 1.0}
2026-08-12 11:16:18 [INFO] voice.audio.level {'level': 1.0}
2026-08-12 11:16:18 [INFO] voice.audio.level {'level': 1.0}
2026-08-12 11:16:18 [INFO] voice.audio.level {'level': 1.0}
2026-08-12 11:16:18 [INFO] voice.audio.level {'level': 1.0}
2026-08-12 11:16:18 [INFO] voice.audio.level {'level': 1.0}
2026-08-12 11:16:19 [INFO] voice.audio.level {'level': 1.0}
2026-08-12 11:16:19 [INFO] voice.audio.level {'level': 1.0}
2026-08-12 11:16:19 [INFO] voice.audio.level {'level': 1.0}
2026-08-12 11:16:19 [INFO] voice.audio.level {'level': 1.0}
2026-08-12 11:16:19 [INFO] voice.audio.level {'level': 1.0}
2026-08-12 11:16:19 [INFO] voice.audio.level {'level': 1.0}
2026-08-12 11:16:19 [INFO] voice.audio.level {'level': 1.0}
2026-08-12 11:16:19 [INFO] voice.audio.level {'level': 1.0}
2026-08-12 11:16:19 [INFO] voice.audio.level {'level': 1.0}
2026-08-12 11:16:19 [INFO] voice.audio.level {'level': 1.0}
2026-08-12 11:16:19 [INFO] voice.audio.level {'level': 1.0}
2026-08-12 11:16:19 [INFO] voice.audio.level {'level': 1.0}
2026-08-12 11:16:19 [INFO] voice.audio.level {'level': 1.0}
2026-08-12 11:16:19 [INFO] voice.audio.level {'level': 1.0}
2026-08-12 11:16:19 [INFO] voice.audio.level {'level': 1.0}
2026-08-12 11:16:19 [INFO] voice.audio.level {'level': 1.0}
2026-08-12 11:16:19 [INFO] voice.audio.level {'level': 1.0}
2026-08-12 11:16:19 [INFO] voice.audio.level {'level': 1.0}
2026-08-12 11:16:19 [INFO] voice.audio.level {'level': 1.0}
2026-08-12 11:16:19 [INFO] voice.audio.level {'level': 1.0}
2026-08-12 11:16:19 [INFO] voice.audio.level {'level': 1.0}
2026-08-12 11:16:19 [INFO] voice.audio.level {'level': 1.0}
2026-08-12 11:16:19 [INFO] voice.audio.level {'level': 1.0}
2026-08-12 11:16:19 [INFO] voice.audio.level {'level': 1.0}
2026-08-12 11:16:19 [INFO] voice.audio.level {'level': 1.0}
2026-08-12 11:16:19 [INFO] voice.audio.level {'level': 1.0}
2026-08-12 11:16:19 [INFO] voice.audio.level {'level': 1.0}
2026-08-12 11:16:19 [INFO] voice.audio.level {'level': 1.0}
2026-08-12 11:16:19 [INFO] voice.audio.level {'level': 1.0}
2026-08-12 11:16:19 [INFO] voice.audio.level {'level': 1.0}
2026-08-12 11:16:19 [INFO] voice.audio.level {'level': 1.0}
2026-08-12 11:16:19 [INFO] voice.audio.level {'level': 1.0}
2026-08-12 11:16:19 [INFO] voice.audio.level {'level': 1.0}
2026-08-12 11:16:20 [INFO] voice.audio.level {'level': 1.0}
2026-08-12 11:16:20 [INFO] voice.audio.level {'level': 1.0}
2026-08-12 11:16:20 [INFO] voice.audio.level {'level': 1.0}
2026-08-12 11:16:20 [INFO] voice.audio.level {'level': 1.0}
2026-08-12 11:16:20 [INFO] voice.audio.level {'level': 1.0}
2026-08-12 11:16:20 [INFO] voice.audio.level {'level': 1.0}
2026-08-12 11:16:20 [INFO] voice.audio.level {'level': 1.0}
2026-08-12 11:16:20 [INFO] voice.audio.level {'level': 1.0}
2026-08-12 11:16:20 [INFO] voice.audio.level {'level': 1.0}
2026-08-12 11:16:20 [INFO] voice.audio.level {'level': 1.0}
2026-08-12 11:16:20 [INFO] voice.audio.level {'level': 1.0}
2026-08-12 11:16:20 [INFO] voice.listening.stop
2026-08-12 11:16:20 [INFO] module.enabled {'module': 'Voice'}
2026-08-12 11:16:21 [INFO] voice.listening.start
2026-08-12 11:16:21 [INFO] voice.audio.level {'level': 1.0}
2026-08-12 11:16:21 [INFO] voice.audio.level {'level': 1.0}
2026-08-12 11:16:21 [INFO] voice.audio.level {'level': 1.0}
2026-08-12 11:16:21 [INFO] voice.audio.level {'level': 1.0}
2026-08-12 11:16:21 [INFO] voice.audio.level {'level': 1.0}
2026-08-12 11:16:21 [INFO] voice.audio.level {'level': 1.0}
2026-08-12 11:16:21 [INFO] voice.audio.level {'level': 1.0}
2026-08-12 11:16:21 [INFO] voice.audio.level {'level': 1.0}
2026-08-12 11:16:21 [INFO] voice.audio.level {'level': 1.0}
2026-08-12 11:16:21 [INFO] voice.audio.level {'level': 1.0}
2026-08-12 11:16:21 [INFO] voice.audio.level {'level': 1.0}
2026-08-12 11:16:21 [INFO] voice.audio.level {'level': 1.0}
2026-08-12 11:16:21 [INFO] voice.audio.level {'level': 1.0}
2026-08-12 11:16:21 [INFO] voice.audio.level {'level': 1.0}
2026-08-12 11:16:21 [INFO] voice.audio.level {'level': 1.0}
2026-08-12 11:16:21 [INFO] voice.audio.level {'level': 1.0}
2026-08-12 11:16:21 [INFO] voice.audio.level {'level': 1.0}
2026-08-12 11:16:21 [INFO] voice.audio.level {'level': 1.0}
2026-08-12 11:16:21 [INFO] voice.audio.level {'level': 1.0}
2026-08-12 11:16:21 [INFO] voice.audio.level {'level': 1.0}
2026-08-12 11:16:21 [INFO] voice.audio.level {'level': 1.0}
2026-08-12 11:16:21 [INFO] voice.audio.level {'level': 1.0}
2026-08-12 11:16:21 [INFO] voice.audio.level {'level': 1.0}
2026-08-12 11:16:21 [INFO] voice.audio.level {'level': 1.0}
2026-08-12 11:16:21 [INFO] voice.audio.level {'level': 1.0}
2026-08-12 11:16:21 [INFO] voice.audio.level {'level': 1.0}
2026-08-12 11:16:21 [INFO] voice.audio.level {'level': 1.0}
2026-08-12 11:16:21 [INFO] voice.audio.level {'level': 1.0}
2026-08-12 11:16:21 [INFO] voice.audio.level {'level': 1.0}
2026-08-12 11:16:21 [INFO] voice.audio.level {'level': 1.0}
2026-08-12 11:16:21 [INFO] voice.audio.level {'level': 1.0}
2026-08-12 11:16:21 [INFO] voice.audio.level {'level': 1.0}
2026-08-12 11:16:22 [INFO] voice.audio.level {'level': 1.0}
2026-08-12 11:16:22 [INFO] voice.audio.level {'level': 1.0}
2026-08-12 11:16:22 [INFO] voice.audio.level {'level': 1.0}
2026-08-12 11:16:22 [INFO] voice.audio.level {'level': 1.0}
2026-08-12 11:16:22 [INFO] voice.audio.level {'level': 1.0}
2026-08-12 11:16:22 [INFO] voice.audio.level {'level': 1.0}
2026-08-12 11:16:22 [INFO] voice.audio.level {'level': 1.0}
2026-08-12 11:16:22 [INFO] voice.audio.level {'level': 1.0}
2026-08-12 11:16:22 [INFO] voice.audio.level {'level': 1.0}
2026-08-12 11:16:22 [INFO] voice.audio.level {'level': 1.0}
2026-08-12 11:16:22 [INFO] voice.audio.level {'level': 1.0}
2026-08-12 11:16:22 [INFO] voice.audio.level {'level': 1.0}
2026-08-12 11:16:22 [INFO] voice.audio.level {'level': 1.0}
2026-08-12 11:16:22 [INFO] voice.audio.level {'level': 1.0}
2026-08-12 11:16:22 [INFO] voice.audio.level {'level': 1.0}
2026-08-12 11:16:22 [INFO] voice.audio.level {'level': 1.0}
2026-08-12 11:16:22 [INFO] voice.audio.level {'level': 1.0}
2026-08-12 11:16:22 [INFO] voice.audio.level {'level': 1.0}
2026-08-12 11:16:22 [INFO] voice.audio.level {'level': 1.0}
2026-08-12 11:16:22 [INFO] voice.audio.level {'level': 1.0}
2026-08-12 11:16:22 [INFO] voice.audio.level {'level': 1.0}
2026-08-12 11:16:22 [INFO] voice.audio.level {'level': 1.0}
2026-08-12 11:16:22 [INFO] voice.audio.level {'level': 1.0}
2026-08-12 11:16:22 [INFO] voice.audio.level {'level': 1.0}
2026-08-12 11:16:22 [INFO] voice.audio.level {'level': 1.0}
2026-08-12 11:16:22 [INFO] voice.audio.level {'level': 1.0}
2026-08-12 11:16:22 [INFO] voice.audio.level {'level': 1.0}
2026-08-12 11:16:22 [INFO] voice.audio.level {'level': 1.0}
2026-08-12 11:16:22 [INFO] voice.audio.level {'level': 1.0}
2026-08-12 11:16:22 [INFO] voice.audio.level {'level': 1.0}
2026-08-12 11:16:22 [INFO] voice.audio.level {'level': 1.0}
2026-08-12 11:16:22 [INFO] voice.audio.level {'level': 1.0}
2026-08-12 11:16:22 [INFO] voice.audio.level {'level': 1.0}
2026-08-12 11:16:23 [INFO] voice.audio.level {'level': 1.0}
2026-08-12 11:16:23 [INFO] voice.audio.level {'level': 1.0}
2026-08-12 11:16:23 [INFO] voice.audio.level {'level': 1.0}
2026-08-12 11:16:23 [INFO] voice.audio.level {'level': 1.0}
2026-08-12 11:16:23 [INFO] voice.audio.level {'level': 1.0}
2026-08-12 11:16:23 [INFO] voice.audio.level {'level': 1.0}
2026-08-12 11:16:23 [INFO] voice.audio.level {'level': 1.0}
2026-08-12 11:16:23 [INFO] voice.audio.level {'level': 1.0}
2026-08-12 11:16:23 [INFO] voice.audio.level {'level': 1.0}
2026-08-12 11:16:23 [INFO] voice.audio.level {'level': 1.0}
2026-08-12 11:16:23 [INFO] voice.audio.level {'level': 1.0}
2026-08-12 11:16:23 [INFO] voice.audio.level {'level': 1.0}
2026-08-12 11:16:23 [INFO] voice.audio.level {'level': 1.0}
2026-08-12 11:16:23 [INFO] voice.audio.level {'level': 1.0}
2026-08-12 11:16:23 [INFO] voice.audio.level {'level': 1.0}
2026-08-12 11:16:23 [INFO] voice.audio.level {'level': 1.0}
2026-08-12 11:16:23 [INFO] voice.audio.level {'level': 1.0}
2026-08-12 11:16:23 [INFO] voice.audio.level {'level': 1.0}
2026-08-12 11:16:23 [INFO] voice.audio.level {'level': 1.0}
2026-08-12 11:16:23 [INFO] voice.audio.level {'level': 1.0}
2026-08-12 11:16:23 [INFO] voice.audio.level {'level': 1.0}
2026-08-12 11:16:23 [INFO] voice.audio.level {'level': 1.0}
2026-08-12 11:16:23 [INFO] voice.audio.level {'level': 1.0}
2026-08-12 11:16:23 [INFO] voice.audio.level {'level': 1.0}
2026-08-12 11:16:23 [INFO] voice.audio.level {'level': 1.0}
2026-08-12 11:16:23 [INFO] voice.audio.level {'level': 1.0}
2026-08-12 11:16:23 [INFO] voice.audio.level {'level': 1.0}
2026-08-12 11:16:23 [INFO] voice.audio.level {'level': 1.0}
2026-08-12 11:16:23 [INFO] voice.audio.level {'level': 1.0}
2026-08-12 11:16:23 [INFO] voice.audio.level {'level': 1.0}
2026-08-12 11:16:23 [INFO] voice.audio.level {'level': 1.0}
2026-08-12 11:16:23 [INFO] voice.audio.level {'level': 1.0}
2026-08-12 11:16:23 [INFO] voice.audio.level {'level': 1.0}
2026-08-12 11:16:23 [INFO] voice.audio.level {'level': 1.0}
2026-08-12 11:16:24 [INFO] voice.audio.level {'level': 1.0}
2026-08-12 11:16:24 [INFO] voice.audio.level {'level': 1.0}
2026-08-12 11:16:24 [INFO] voice.audio.level {'level': 1.0}
2026-08-12 11:16:24 [INFO] voice.audio.level {'level': 1.0}
2026-08-12 11:16:24 [INFO] voice.audio.level {'level': 1.0}
2026-08-12 11:16:24 [INFO] voice.audio.level {'level': 1.0}
2026-08-12 11:16:24 [INFO] voice.audio.level {'level': 1.0}
2026-08-12 11:16:24 [INFO] voice.audio.level {'level': 1.0}
2026-08-12 11:16:24 [INFO] voice.audio.level {'level': 1.0}
2026-08-12 11:16:24 [INFO] voice.audio.level {'level': 1.0}
2026-08-12 11:16:24 [INFO] voice.audio.level {'level': 1.0}
2026-08-12 11:16:24 [INFO] voice.audio.level {'level': 1.0}
2026-08-12 11:16:24 [INFO] voice.audio.level {'level': 1.0}
2026-08-12 11:16:24 [INFO] voice.audio.level {'level': 1.0}
2026-08-12 11:16:24 [INFO] voice.audio.level {'level': 1.0}
2026-08-12 11:16:24 [INFO] voice.audio.level {'level': 1.0}
2026-08-12 11:16:24 [INFO] voice.audio.level {'level': 1.0}
2026-08-12 11:16:24 [INFO] voice.audio.level {'level': 1.0}
2026-08-12 11:16:24 [INFO] voice.audio.level {'level': 1.0}
2026-08-12 11:16:24 [INFO] voice.audio.level {'level': 1.0}
2026-08-12 11:16:24 [INFO] voice.audio.level {'level': 1.0}
2026-08-12 11:16:24 [INFO] voice.audio.level {'level': 1.0}
2026-08-12 11:16:24 [INFO] voice.audio.level {'level': 1.0}
2026-08-12 11:16:24 [INFO] voice.audio.level {'level': 1.0}
2026-08-12 11:16:24 [INFO] voice.audio.level {'level': 1.0}
2026-08-12 11:16:24 [INFO] voice.audio.level {'level': 1.0}
2026-08-12 11:16:24 [INFO] voice.audio.level {'level': 1.0}
2026-08-12 11:16:24 [INFO] voice.audio.level {'level': 1.0}
2026-08-12 11:16:24 [INFO] voice.audio.level {'level': 1.0}
2026-08-12 11:16:24 [INFO] voice.audio.level {'level': 1.0}
2026-08-12 11:16:24 [INFO] voice.audio.level {'level': 1.0}
2026-08-12 11:16:24 [INFO] voice.audio.level {'level': 1.0}
2026-08-12 11:16:24 [INFO] voice.audio.level {'level': 1.0}
2026-08-12 11:16:25 [INFO] voice.audio.level {'level': 1.0}
2026-08-12 11:16:25 [INFO] voice.audio.level {'level': 1.0}
2026-08-12 11:16:25 [INFO] voice.audio.level {'level': 1.0}
2026-08-12 11:16:25 [INFO] voice.audio.level {'level': 1.0}
2026-08-12 11:16:25 [INFO] voice.audio.level {'level': 1.0}
2026-08-12 11:16:25 [INFO] voice.audio.level {'level': 1.0}
2026-08-12 11:16:25 [INFO] voice.audio.level {'level': 1.0}
2026-08-12 11:16:25 [INFO] voice.audio.level {'level': 1.0}
2026-08-12 11:16:25 [INFO] voice.audio.level {'level': 1.0}
2026-08-12 11:16:25 [INFO] voice.audio.level {'level': 1.0}
2026-08-12 11:16:25 [INFO] voice.audio.level {'level': 1.0}
2026-08-12 11:16:25 [INFO] voice.audio.level {'level': 1.0}
2026-08-12 11:16:25 [INFO] voice.audio.level {'level': 1.0}
2026-08-12 11:16:25 [INFO] voice.audio.level {'level': 1.0}
2026-08-12 11:16:25 [INFO] voice.audio.level {'level': 1.0}
2026-08-12 11:16:25 [INFO] voice.audio.level {'level': 1.0}
2026-08-12 11:16:25 [INFO] voice.audio.level {'level': 1.0}
2026-08-12 11:16:25 [INFO] voice.audio.level {'level': 1.0}
2026-08-12 11:16:25 [INFO] voice.audio.level {'level': 1.0}
2026-08-12 11:16:25 [INFO] voice.audio.level {'level': 1.0}
2026-08-12 11:16:25 [INFO] voice.audio.level {'level': 1.0}
2026-08-12 11:16:25 [INFO] voice.audio.level {'level': 1.0}
2026-08-12 11:16:25 [INFO] voice.audio.level {'level': 1.0}
2026-08-12 11:16:25 [INFO] voice.audio.level {'level': 1.0}
2026-08-12 11:16:25 [INFO] voice.audio.level {'level': 1.0}
2026-08-12 11:16:25 [INFO] voice.audio.level {'level': 1.0}
2026-08-12 11:16:25 [INFO] voice.audio.level {'level': 1.0}
2026-08-12 11:16:25 [INFO] voice.audio.level {'level': 1.0}
2026-08-12 11:16:25 [INFO] voice.audio.level {'level': 1.0}
2026-08-12 11:16:25 [INFO] voice.audio.level {'level': 1.0}
2026-08-12 11:16:25 [INFO] voice.audio.level {'level': 1.0}
2026-08-12 11:16:25 [INFO] voice.audio.level {'level': 1.0}
2026-08-12 11:16:25 [INFO] voice.audio.level {'level': 1.0}
2026-08-12 11:16:26 [INFO] voice.audio.level {'level': 1.0}
2026-08-12 11:16:26 [INFO] voice.audio.level {'level': 1.0}
2026-08-12 11:16:26 [INFO] voice.audio.level {'level': 1.0}
2026-08-12 11:16:26 [INFO] voice.audio.level {'level': 1.0}
2026-08-12 11:16:26 [INFO] voice.audio.level {'level': 1.0}
2026-08-12 11:16:26 [INFO] voice.audio.level {'level': 1.0}
2026-08-12 11:16:26 [INFO] voice.audio.level {'level': 1.0}
2026-08-12 11:16:26 [INFO] voice.audio.level {'level': 1.0}
2026-08-12 11:16:26 [INFO] voice.audio.level {'level': 1.0}
2026-08-12 11:16:26 [INFO] voice.audio.level {'level': 1.0}
2026-08-12 11:16:26 [INFO] voice.audio.level {'level': 1.0}
2026-08-12 11:16:26 [INFO] voice.audio.level {'level': 1.0}
2026-08-12 11:16:26 [INFO] voice.audio.level {'level': 1.0}
2026-08-12 11:16:26 [INFO] voice.audio.level {'level': 1.0}
2026-08-12 11:16:26 [INFO] voice.audio.level {'level': 1.0}
2026-08-12 11:16:26 [INFO] voice.audio.level {'level': 1.0}
2026-08-12 11:16:26 [INFO] voice.audio.level {'level': 1.0}
2026-08-12 11:16:26 [INFO] voice.audio.level {'level': 1.0}
2026-08-12 11:16:26 [INFO] voice.audio.level {'level': 1.0}
2026-08-12 11:16:26 [INFO] voice.audio.level {'level': 1.0}
2026-08-12 11:16:26 [INFO] voice.audio.level {'level': 1.0}
2026-08-12 11:16:26 [INFO] voice.audio.level {'level': 1.0}
2026-08-12 11:16:26 [INFO] voice.audio.level {'level': 1.0}
2026-08-12 11:16:26 [INFO] voice.audio.level {'level': 1.0}
2026-08-12 11:16:26 [INFO] voice.audio.level {'level': 1.0}
2026-08-12 11:16:26 [INFO] voice.audio.level {'level': 1.0}
2026-08-12 11:16:26 [INFO] voice.audio.level {'level': 1.0}
2026-08-12 11:16:26 [INFO] voice.audio.level {'level': 1.0}
2026-08-12 11:16:26 [INFO] voice.audio.level {'level': 1.0}
2026-08-12 11:16:26 [INFO] voice.audio.level {'level': 1.0}
2026-08-12 11:16:26 [INFO] voice.audio.level {'level': 1.0}
2026-08-12 11:16:26 [INFO] voice.audio.level {'level': 1.0}
2026-08-12 11:16:26 [INFO] voice.audio.level {'level': 1.0}
2026-08-12 11:16:26 [INFO] voice.audio.level {'level': 1.0}
2026-08-12 11:16:27 [INFO] voice.audio.level {'level': 1.0}
2026-08-12 11:16:27 [INFO] voice.audio.level {'level': 1.0}
2026-08-12 11:16:27 [INFO] voice.audio.level {'level': 1.0}
2026-08-12 11:16:27 [INFO] voice.audio.level {'level': 1.0}
2026-08-12 11:16:27 [INFO] voice.audio.level {'level': 1.0}
2026-08-12 11:16:27 [INFO] voice.audio.level {'level': 1.0}
2026-08-12 11:16:27 [INFO] voice.audio.level {'level': 1.0}
2026-08-12 11:16:27 [INFO] voice.audio.level {'level': 1.0}
2026-08-12 11:16:27 [INFO] voice.audio.level {'level': 1.0}
2026-08-12 11:16:27 [INFO] voice.audio.level {'level': 1.0}
2026-08-12 11:16:27 [INFO] voice.audio.level {'level': 1.0}
2026-08-12 11:16:27 [INFO] voice.audio.level {'level': 1.0}
2026-08-12 11:16:27 [INFO] voice.audio.level {'level': 1.0}
2026-08-12 11:16:27 [INFO] voice.audio.level {'level': 1.0}
2026-08-12 11:16:27 [INFO] voice.audio.level {'level': 1.0}
2026-08-12 11:16:27 [INFO] voice.audio.level {'level': 1.0}
2026-08-12 11:16:27 [INFO] voice.audio.level {'level': 1.0}
2026-08-12 11:16:27 [INFO] voice.audio.level {'level': 1.0}
2026-08-12 11:16:27 [INFO] voice.audio.level {'level': 1.0}
2026-08-12 11:16:27 [INFO] voice.audio.level {'level': 1.0}
2026-08-12 11:16:27 [INFO] voice.audio.level {'level': 1.0}
2026-08-12 11:16:27 [INFO] voice.audio.level {'level': 1.0}
2026-08-12 11:16:27 [INFO] voice.audio.level {'level': 1.0}
2026-08-12 11:16:27 [INFO] voice.audio.level {'level': 1.0}
2026-08-12 11:16:27 [INFO] voice.audio.level {'level': 1.0}
2026-08-12 11:16:27 [INFO] voice.audio.level {'level': 1.0}
2026-08-12 11:16:27 [INFO] voice.audio.level {'level': 1.0}
2026-08-12 11:16:27 [INFO] voice.audio.level {'level': 1.0}
2026-08-12 11:16:27 [INFO] voice.audio.level {'level': 1.0}
2026-08-12 11:16:27 [INFO] voice.audio.level {'level': 1.0}
2026-08-12 11:16:27 [INFO] voice.audio.level {'level': 1.0}
2026-08-12 11:16:27 [INFO] voice.audio.level {'level': 1.0}
2026-08-12 11:16:27 [INFO] voice.audio.level {'level': 1.0}
2026-08-12 11:16:28 [INFO] voice.audio.level {'level': 1.0}
2026-08-12 11:16:28 [INFO] voice.audio.level {'level': 1.0}
2026-08-12 11:16:28 [INFO] voice.audio.level {'level': 1.0}
2026-08-12 11:16:28 [INFO] voice.audio.level {'level': 1.0}
2026-08-12 11:16:28 [INFO] voice.audio.level {'level': 1.0}
2026-08-12 11:16:28 [INFO] voice.audio.level {'level': 1.0}
2026-08-12 11:16:28 [INFO] voice.audio.level {'level': 1.0}
2026-08-12 11:16:28 [INFO] voice.audio.level {'level': 1.0}
2026-08-12 11:16:28 [INFO] voice.audio.level {'level': 1.0}
2026-08-12 11:16:28 [INFO] voice.audio.level {'level': 1.0}
2026-08-12 11:16:28 [INFO] voice.audio.level {'level': 1.0}
2026-08-12 11:16:28 [INFO] voice.audio.level {'level': 1.0}
2026-08-12 11:16:28 [INFO] voice.audio.level {'level': 1.0}
2026-08-12 11:16:28 [INFO] voice.audio.level {'level': 1.0}
2026-08-12 11:16:28 [INFO] voice.audio.level {'level': 1.0}
2026-08-12 11:16:28 [INFO] voice.audio.level {'level': 1.0}
2026-08-12 11:16:28 [INFO] voice.audio.level {'level': 1.0}
2026-08-12 11:16:28 [INFO] voice.audio.level {'level': 1.0}
2026-08-12 11:16:28 [INFO] voice.audio.level {'level': 1.0}
2026-08-12 11:16:28 [INFO] voice.audio.level {'level': 1.0}
2026-08-12 11:16:28 [INFO] voice.audio.level {'level': 1.0}
2026-08-12 11:16:28 [INFO] voice.audio.level {'level': 1.0}
2026-08-12 11:16:28 [INFO] voice.audio.level {'level': 1.0}
2026-08-12 11:16:28 [INFO] voice.audio.level {'level': 1.0}
2026-08-12 11:16:28 [INFO] voice.audio.level {'level': 1.0}
2026-08-12 11:16:28 [INFO] voice.audio.level {'level': 1.0}
2026-08-12 11:16:28 [INFO] voice.audio.level {'level': 1.0}
2026-08-12 11:16:28 [INFO] voice.audio.level {'level': 1.0}
2026-08-12 11:16:28 [INFO] voice.audio.level {'level': 1.0}
2026-08-12 11:16:28 [INFO] voice.audio.level {'level': 1.0}
2026-08-12 11:16:28 [INFO] voice.audio.level {'level': 1.0}
2026-08-12 11:16:28 [INFO] voice.audio.level {'level': 1.0}
2026-08-12 11:16:28 [INFO] voice.audio.level {'level': 1.0}
2026-08-12 11:16:29 [INFO] voice.audio.level {'level': 1.0}
2026-08-12 11:16:29 [INFO] voice.audio.level {'level': 1.0}
2026-08-12 11:16:29 [INFO] voice.audio.level {'level': 1.0}
2026-08-12 11:16:29 [INFO] voice.audio.level {'level': 1.0}
2026-08-12 11:16:29 [INFO] voice.audio.level {'level': 1.0}
2026-08-12 11:16:29 [INFO] voice.audio.level {'level': 1.0}
2026-08-12 11:16:29 [INFO] voice.audio.level {'level': 1.0}
2026-08-12 11:16:29 [INFO] voice.audio.level {'level': 1.0}
2026-08-12 11:16:29 [INFO] voice.audio.level {'level': 1.0}
2026-08-12 11:16:29 [INFO] voice.audio.level {'level': 1.0}
2026-08-12 11:16:29 [INFO] voice.audio.level {'level': 1.0}
2026-08-12 11:16:29 [INFO] voice.audio.level {'level': 1.0}
2026-08-12 11:16:29 [INFO] voice.audio.level {'level': 1.0}
2026-08-12 11:16:29 [INFO] voice.audio.level {'level': 1.0}
2026-08-12 11:16:29 [INFO] voice.audio.level {'level': 1.0}
2026-08-12 11:16:29 [INFO] voice.audio.level {'level': 1.0}
2026-08-12 11:16:29 [INFO] voice.audio.level {'level': 1.0}
2026-08-12 11:16:29 [INFO] voice.audio.level {'level': 1.0}
2026-08-12 11:16:29 [INFO] voice.audio.level {'level': 1.0}
2026-08-12 11:16:29 [INFO] voice.audio.level {'level': 1.0}
2026-08-12 11:16:29 [INFO] voice.audio.level {'level': 1.0}
2026-08-12 11:16:29 [INFO] voice.audio.level {'level': 1.0}
2026-08-12 11:16:29 [INFO] voice.audio.level {'level': 1.0}
2026-08-12 11:16:29 [INFO] voice.audio.level {'level': 1.0}
2026-08-12 11:16:29 [INFO] voice.audio.level {'level': 1.0}
2026-08-12 11:16:29 [INFO] voice.audio.level {'level': 1.0}
2026-08-12 11:16:29 [INFO] voice.audio.level {'level': 1.0}
2026-08-12 11:16:29 [INFO] voice.audio.level {'level': 1.0}
2026-08-12 11:16:29 [INFO] voice.audio.level {'level': 1.0}
2026-08-12 11:16:29 [INFO] voice.audio.level {'level': 1.0}
2026-08-12 11:16:29 [INFO] voice.audio.level {'level': 1.0}
2026-08-12 11:16:29 [INFO] voice.audio.level {'level': 1.0}
2026-08-12 11:16:29 [INFO] voice.audio.level {'level': 1.0}
2026-08-12 11:16:29 [INFO] voice.audio.level {'level': 1.0}
2026-08-12 11:16:30 [INFO] voice.audio.level {'level': 1.0}
2026-08-12 11:16:30 [INFO] voice.audio.level {'level': 1.0}
2026-08-12 11:16:30 [INFO] voice.audio.level {'level': 1.0}
2026-08-12 11:16:30 [INFO] voice.audio.level {'level': 1.0}
2026-08-12 11:16:30 [INFO] voice.audio.level {'level': 1.0}
2026-08-12 11:16:30 [INFO] voice.audio.level {'level': 1.0}
2026-08-12 11:16:30 [INFO] voice.audio.level {'level': 1.0}
2026-08-12 11:16:30 [INFO] voice.audio.level {'level': 1.0}
2026-08-12 11:16:30 [INFO] voice.audio.level {'level': 1.0}
2026-08-12 11:16:30 [INFO] voice.audio.level {'level': 1.0}
2026-08-12 11:16:30 [INFO] voice.audio.level {'level': 1.0}
2026-08-12 11:16:30 [INFO] voice.audio.level {'level': 1.0}
2026-08-12 11:16:30 [INFO] voice.audio.level {'level': 1.0}
2026-08-12 11:16:30 [INFO] voice.audio.level {'level': 1.0}
2026-08-12 11:16:30 [INFO] voice.audio.level {'level': 1.0}
2026-08-12 11:16:30 [INFO] voice.audio.level {'level': 1.0}
2026-08-12 11:16:30 [INFO] voice.audio.level {'level': 1.0}
2026-08-12 11:16:30 [INFO] voice.audio.level {'level': 1.0}
2026-08-12 11:16:30 [INFO] voice.audio.level {'level': 1.0}
2026-08-12 11:16:30 [INFO] voice.audio.level {'level': 1.0}
2026-08-12 11:16:30 [INFO] voice.audio.level {'level': 1.0}
2026-08-12 11:16:30 [INFO] voice.audio.level {'level': 1.0}
2026-08-12 11:16:30 [INFO] voice.audio.level {'level': 1.0}
2026-08-12 11:16:30 [INFO] voice.audio.level {'level': 1.0}
2026-08-12 11:16:30 [INFO] voice.audio.level {'level': 1.0}
2026-08-12 11:16:30 [INFO] voice.audio.level {'level': 1.0}
2026-08-12 11:16:30 [INFO] voice.audio.level {'level': 1.0}
2026-08-12 11:16:30 [INFO] voice.audio.level {'level': 1.0}
2026-08-12 11:16:30 [INFO] voice.audio.level {'level': 1.0}
2026-08-12 11:16:30 [INFO] voice.audio.level {'level': 1.0}
2026-08-12 11:16:30 [INFO] voice.audio.level {'level': 1.0}
2026-08-12 11:16:30 [INFO] voice.audio.level {'level': 1.0}
2026-08-12 11:16:30 [INFO] voice.audio.level {'level': 1.0}
2026-08-12 11:16:31 [INFO] voice.audio.level {'level': 1.0}
2026-08-12 11:16:31 [INFO] voice.audio.level {'level': 1.0}
2026-08-12 11:16:31 [INFO] voice.audio.level {'level': 1.0}
2026-08-12 11:16:31 [INFO] voice.audio.level {'level': 1.0}
2026-08-12 11:16:31 [INFO] voice.audio.level {'level': 1.0}
2026-08-12 11:16:31 [INFO] voice.audio.level {'level': 1.0}
2026-08-12 11:16:31 [INFO] voice.audio.level {'level': 1.0}
2026-08-12 11:16:31 [INFO] voice.audio.level {'level': 1.0}
2026-08-12 11:16:31 [INFO] voice.audio.level {'level': 1.0}
2026-08-12 11:16:31 [INFO] voice.audio.level {'level': 1.0}
2026-08-12 11:16:31 [INFO] voice.audio.level {'level': 1.0}
2026-08-12 11:16:31 [INFO] voice.audio.level {'level': 1.0}
2026-08-12 11:16:31 [INFO] voice.audio.level {'level': 1.0}
2026-08-12 11:16:31 [INFO] voice.audio.level {'level': 1.0}
2026-08-12 11:16:31 [INFO] voice.audio.level {'level': 1.0}
2026-08-12 11:16:31 [INFO] voice.audio.level {'level': 1.0}
2026-08-12 11:16:31 [INFO] voice.audio.level {'level': 1.0}
2026-08-12 11:16:31 [INFO] voice.audio.level {'level': 1.0}
2026-08-12 11:16:31 [INFO] voice.audio.level {'level': 1.0}
2026-08-12 11:16:31 [INFO] voice.audio.level {'level': 1.0}
2026-08-12 11:16:31 [INFO] voice.audio.level {'level': 1.0}
2026-08-12 11:16:31 [INFO] voice.audio.level {'level': 1.0}
2026-08-12 11:16:31 [INFO] voice.audio.level {'level': 1.0}
2026-08-12 11:16:31 [INFO] voice.audio.level {'level': 1.0}
2026-08-12 11:16:31 [INFO] voice.audio.level {'level': 1.0}
2026-08-12 11:16:31 [INFO] voice.audio.level {'level': 1.0}
2026-08-12 11:16:31 [INFO] voice.audio.level {'level': 1.0}
2026-08-12 11:16:31 [INFO] voice.audio.level {'level': 1.0}
2026-08-12 11:16:31 [INFO] voice.audio.level {'level': 1.0}
2026-08-12 11:16:31 [INFO] voice.audio.level {'level': 1.0}
2026-08-12 11:16:31 [INFO] voice.audio.level {'level': 1.0}
2026-08-12 11:16:31 [INFO] voice.audio.level {'level': 1.0}
2026-08-12 11:16:31 [INFO] voice.audio.level {'level': 1.0}
2026-08-12 11:16:32 [INFO] voice.audio.level {'level': 1.0}
2026-08-12 11:16:32 [INFO] voice.audio.level {'level': 1.0}
2026-08-12 11:16:32 [INFO] voice.audio.level {'level': 1.0}
2026-08-12 11:16:32 [INFO] voice.audio.level {'level': 1.0}
2026-08-12 11:16:32 [INFO] voice.audio.level {'level': 1.0}
2026-08-12 11:16:32 [INFO] voice.audio.level {'level': 1.0}
2026-08-12 11:16:32 [INFO] voice.audio.level {'level': 1.0}
2026-08-12 11:16:32 [INFO] voice.audio.level {'level': 1.0}
2026-08-12 11:16:32 [INFO] voice.audio.level {'level': 1.0}
2026-08-12 11:16:32 [INFO] voice.audio.level {'level': 1.0}
2026-08-12 11:16:32 [INFO] voice.audio.level {'level': 1.0}
2026-08-12 11:16:32 [INFO] voice.audio.level {'level': 1.0}
2026-08-12 11:16:32 [INFO] voice.audio.level {'level': 1.0}
2026-08-12 11:16:32 [INFO] voice.audio.level {'level': 1.0}
2026-08-12 11:16:32 [INFO] voice.audio.level {'level': 1.0}
2026-08-12 11:16:32 [INFO] voice.audio.level {'level': 1.0}
2026-08-12 11:16:32 [INFO] voice.audio.level {'level': 1.0}
2026-08-12 11:16:32 [INFO] voice.audio.level {'level': 1.0}
2026-08-12 11:16:32 [INFO] voice.audio.level {'level': 1.0}
2026-08-12 11:16:32 [INFO] voice.audio.level {'level': 1.0}
2026-08-12 11:16:32 [INFO] voice.audio.level {'level': 1.0}
2026-08-12 11:16:32 [INFO] voice.audio.level {'level': 1.0}
2026-08-12 11:16:32 [INFO] voice.audio.level {'level': 1.0}
2026-08-12 11:16:32 [INFO] voice.audio.level {'level': 1.0}
2026-08-12 11:16:32 [INFO] voice.audio.level {'level': 1.0}
2026-08-12 11:16:32 [INFO] voice.audio.level {'level': 1.0}
2026-08-12 11:16:32 [INFO] voice.audio.level {'level': 1.0}
2026-08-12 11:16:32 [INFO] voice.audio.level {'level': 1.0}
2026-08-12 11:16:32 [INFO] voice.audio.level {'level': 1.0}
2026-08-12 11:16:32 [INFO] voice.audio.level {'level': 1.0}
2026-08-12 11:16:32 [INFO] voice.audio.level {'level': 1.0}
2026-08-12 11:16:32 [INFO] voice.audio.level {'level': 1.0}
2026-08-12 11:16:32 [INFO] voice.audio.level {'level': 1.0}
2026-08-12 11:16:32 [INFO] voice.audio.level {'level': 1.0}
2026-08-12 11:16:33 [INFO] voice.audio.level {'level': 1.0}
2026-08-12 11:16:33 [INFO] voice.audio.level {'level': 1.0}
2026-08-12 11:16:33 [INFO] voice.audio.level {'level': 1.0}
2026-08-12 11:16:33 [INFO] voice.audio.level {'level': 1.0}
2026-08-12 11:16:33 [INFO] voice.audio.level {'level': 1.0}
2026-08-12 11:16:33 [INFO] voice.audio.level {'level': 1.0}
2026-08-12 11:16:33 [INFO] voice.audio.level {'level': 1.0}
2026-08-12 11:16:33 [INFO] voice.audio.level {'level': 1.0}
2026-08-12 11:16:33 [INFO] voice.audio.level {'level': 1.0}
2026-08-12 11:16:33 [INFO] voice.audio.level {'level': 1.0}
2026-08-12 11:16:33 [INFO] voice.audio.level {'level': 1.0}
2026-08-12 11:16:33 [INFO] voice.audio.level {'level': 1.0}
2026-08-12 11:16:33 [INFO] voice.audio.level {'level': 1.0}
2026-08-12 11:16:33 [INFO] voice.audio.level {'level': 1.0}
2026-08-12 11:16:33 [INFO] voice.audio.level {'level': 1.0}
2026-08-12 11:16:33 [INFO] voice.audio.level {'level': 1.0}
2026-08-12 11:16:33 [INFO] voice.audio.level {'level': 1.0}
2026-08-12 11:16:33 [INFO] voice.audio.level {'level': 1.0}
2026-08-12 11:16:33 [INFO] voice.audio.level {'level': 1.0}
2026-08-12 11:16:33 [INFO] voice.audio.level {'level': 1.0}
2026-08-12 11:16:33 [INFO] voice.audio.level {'level': 1.0}
2026-08-12 11:16:33 [INFO] voice.audio.level {'level': 1.0}
2026-08-12 11:16:33 [INFO] voice.audio.level {'level': 1.0}
2026-08-12 11:16:33 [INFO] voice.audio.level {'level': 1.0}
2026-08-12 11:16:33 [INFO] voice.audio.level {'level': 1.0}
2026-08-12 11:16:33 [INFO] voice.audio.level {'level': 1.0}
2026-08-12 11:16:33 [INFO] voice.audio.level {'level': 1.0}
2026-08-12 11:16:33 [INFO] voice.audio.level {'level': 1.0}
2026-08-12 11:16:33 [INFO] voice.audio.level {'level': 1.0}
2026-08-12 11:16:33 [INFO] voice.listening.stop
2026-08-12 11:16:34 [INFO] module.enabled {'module': 'Voice'}
2026-08-12 11:16:34 [INFO] voice.listening.start
2026-08-12 11:16:34 [INFO] voice.audio.level {'level': 1.0}
2026-08-12 11:16:34 [INFO] voice.audio.level {'level': 1.0}
2026-08-12 11:16:34 [INFO] voice.audio.level {'level': 1.0}
2026-08-12 11:16:34 [INFO] voice.audio.level {'level': 1.0}
2026-08-12 11:16:34 [INFO] voice.audio.level {'level': 1.0}
2026-08-12 11:16:34 [INFO] voice.audio.level {'level': 1.0}
2026-08-12 11:16:34 [INFO] voice.audio.level {'level': 1.0}
2026-08-12 11:16:34 [INFO] voice.audio.level {'level': 1.0}
2026-08-12 11:16:34 [INFO] voice.audio.level {'level': 1.0}
2026-08-12 11:16:34 [INFO] voice.audio.level {'level': 1.0}
2026-08-12 11:16:34 [INFO] voice.audio.level {'level': 1.0}
2026-08-12 11:16:34 [INFO] voice.audio.level {'level': 1.0}
2026-08-12 11:16:34 [INFO] voice.audio.level {'level': 1.0}
2026-08-12 11:16:35 [INFO] voice.audio.level {'level': 1.0}
2026-08-12 11:16:35 [INFO] voice.audio.level {'level': 1.0}
2026-08-12 11:16:35 [INFO] voice.audio.level {'level': 1.0}
2026-08-12 11:16:35 [INFO] voice.audio.level {'level': 1.0}
2026-08-12 11:16:35 [INFO] voice.audio.level {'level': 1.0}
2026-08-12 11:16:35 [INFO] voice.audio.level {'level': 1.0}
2026-08-12 11:16:35 [INFO] voice.audio.level {'level': 1.0}
2026-08-12 11:16:35 [INFO] voice.audio.level {'level': 1.0}
2026-08-12 11:16:35 [INFO] voice.speech.start
2026-08-12 11:16:35 [INFO] voice.audio.level {'level': 1.0}
2026-08-12 11:16:35 [INFO] voice.audio.level {'level': 1.0}
2026-08-12 11:16:35 [INFO] voice.audio.level {'level': 1.0}
2026-08-12 11:16:35 [INFO] voice.audio.level {'level': 1.0}
2026-08-12 11:16:35 [INFO] voice.audio.level {'level': 1.0}
2026-08-12 11:16:35 [INFO] voice.audio.level {'level': 1.0}
2026-08-12 11:16:35 [INFO] voice.audio.level {'level': 1.0}
2026-08-12 11:16:35 [INFO] voice.audio.level {'level': 1.0}
2026-08-12 11:16:35 [INFO] voice.audio.level {'level': 1.0}
2026-08-12 11:16:35 [INFO] voice.audio.level {'level': 1.0}
2026-08-12 11:16:35 [INFO] voice.audio.level {'level': 1.0}
2026-08-12 11:16:35 [INFO] voice.audio.level {'level': 1.0}
2026-08-12 11:16:35 [INFO] voice.audio.level {'level': 1.0}
2026-08-12 11:16:35 [INFO] voice.audio.level {'level': 1.0}
2026-08-12 11:16:35 [INFO] voice.audio.level {'level': 1.0}
2026-08-12 11:16:35 [INFO] voice.audio.level {'level': 1.0}
2026-08-12 11:16:35 [INFO] voice.audio.level {'level': 1.0}
2026-08-12 11:16:35 [INFO] voice.audio.level {'level': 1.0}
2026-08-12 11:16:35 [INFO] voice.audio.level {'level': 1.0}
2026-08-12 11:16:35 [INFO] voice.audio.level {'level': 1.0}
2026-08-12 11:16:35 [INFO] voice.audio.level {'level': 1.0}
2026-08-12 11:16:35 [INFO] voice.audio.level {'level': 1.0}
2026-08-12 11:16:35 [INFO] voice.audio.level {'level': 1.0}
2026-08-12 11:16:35 [INFO] voice.audio.level {'level': 1.0}
2026-08-12 11:16:35 [INFO] voice.audio.level {'level': 1.0}
2026-08-12 11:16:36 [INFO] voice.audio.level {'level': 1.0}
2026-08-12 11:16:36 [INFO] voice.audio.level {'level': 1.0}
2026-08-12 11:16:36 [INFO] voice.audio.level {'level': 1.0}
2026-08-12 11:16:36 [INFO] voice.audio.level {'level': 1.0}
2026-08-12 11:16:36 [INFO] voice.audio.level {'level': 1.0}
2026-08-12 11:16:36 [INFO] voice.audio.level {'level': 1.0}
2026-08-12 11:16:36 [INFO] voice.audio.level {'level': 1.0}
2026-08-12 11:16:36 [INFO] voice.audio.level {'level': 1.0}
2026-08-12 11:16:36 [INFO] voice.audio.level {'level': 1.0}
2026-08-12 11:16:36 [INFO] voice.audio.level {'level': 1.0}
2026-08-12 11:16:36 [INFO] voice.audio.level {'level': 1.0}
2026-08-12 11:16:36 [INFO] voice.audio.level {'level': 1.0}
2026-08-12 11:16:36 [INFO] voice.audio.level {'level': 1.0}
2026-08-12 11:16:36 [INFO] voice.audio.level {'level': 1.0}
2026-08-12 11:16:36 [INFO] voice.audio.level {'level': 1.0}
2026-08-12 11:16:36 [INFO] voice.audio.level {'level': 1.0}
2026-08-12 11:16:36 [INFO] voice.audio.level {'level': 1.0}
2026-08-12 11:16:36 [INFO] voice.audio.level {'level': 1.0}
2026-08-12 11:16:36 [INFO] voice.audio.level {'level': 1.0}
2026-08-12 11:16:36 [INFO] voice.audio.level {'level': 1.0}
2026-08-12 11:16:36 [INFO] voice.audio.level {'level': 1.0}
2026-08-12 11:16:36 [INFO] voice.audio.level {'level': 1.0}
2026-08-12 11:16:36 [INFO] voice.audio.level {'level': 1.0}
2026-08-12 11:16:36 [INFO] voice.audio.level {'level': 1.0}
2026-08-12 11:16:36 [INFO] voice.audio.level {'level': 1.0}
2026-08-12 11:16:36 [INFO] voice.audio.level {'level': 1.0}
2026-08-12 11:16:36 [INFO] voice.audio.level {'level': 1.0}
2026-08-12 11:16:36 [INFO] voice.audio.level {'level': 1.0}
2026-08-12 11:16:36 [INFO] voice.audio.level {'level': 1.0}
2026-08-12 11:16:36 [INFO] voice.audio.level {'level': 1.0}
2026-08-12 11:16:36 [INFO] voice.audio.level {'level': 1.0}
2026-08-12 11:16:36 [INFO] voice.audio.level {'level': 1.0}
2026-08-12 11:16:36 [INFO] voice.audio.level {'level': 1.0}
2026-08-12 11:16:37 [INFO] voice.audio.level {'level': 1.0}
2026-08-12 11:16:37 [INFO] voice.audio.level {'level': 1.0}
2026-08-12 11:16:37 [INFO] voice.audio.level {'level': 1.0}
2026-08-12 11:16:37 [INFO] voice.listening.stop
2026-08-12 11:25:06 [INFO] module.loaded {'module': 'AI'}
2026-08-12 11:25:06 [INFO] module.enabled {'module': 'AI'}
2026-08-12 11:25:06 [INFO] module.loaded {'module': 'Voice'}
2026-08-12 11:25:06 [INFO] module.enabled {'module': 'Voice'}
2026-08-12 11:25:11 [INFO] module.loaded {'module': 'AI'}
2026-08-12 11:25:11 [INFO] module.enabled {'module': 'AI'}
2026-08-12 11:25:11 [INFO] module.loaded {'module': 'Voice'}
2026-08-12 11:25:11 [INFO] module.enabled {'module': 'Voice'}
2026-08-12 11:25:37 [INFO] module.loaded {'module': 'AI'}
2026-08-12 11:25:37 [INFO] module.enabled {'module': 'AI'}
2026-08-12 11:25:37 [INFO] module.loaded {'module': 'Voice'}
2026-08-12 11:25:37 [INFO] module.enabled {'module': 'Voice'}
2026-08-12 11:25:57 [INFO] module.loaded {'module': 'AI'}
2026-08-12 11:25:57 [INFO] module.enabled {'module': 'AI'}
2026-08-12 11:25:57 [INFO] module.loaded {'module': 'Voice'}
2026-08-12 11:25:57 [INFO] module.enabled {'module': 'Voice'}
2026-08-12 11:25:57 [INFO] ui.updated {'page': 'Dashboard'}
2026-08-12 11:25:57 [INFO] app.started
2026-08-12 11:26:02 [INFO] ui.updated {'page': 'Voice'}
2026-08-12 11:26:36 [INFO] ui.updated {'page': 'Analytics'}
2026-08-12 11:26:39 [INFO] ui.updated {'page': 'Health'}
2026-08-12 11:26:40 [INFO] ui.updated {'page': 'Console'}
2026-08-12 11:26:55 [INFO] ui.updated {'page': 'Voice'}
2026-08-12 11:26:56 [INFO] module.enabled {'module': 'Voice'}
2026-08-12 11:26:56 [INFO] voice.listening.start
2026-08-12 11:26:56 [INFO] voice.audio.level {'level': 1.0}
2026-08-12 11:26:56 [INFO] voice.audio.level {'level': 1.0}
2026-08-12 11:26:56 [INFO] voice.audio.level {'level': 1.0}
2026-08-12 11:26:56 [INFO] voice.audio.level {'level': 1.0}
2026-08-12 11:26:56 [INFO] voice.audio.level {'level': 1.0}
2026-08-12 11:26:56 [INFO] voice.audio.level {'level': 1.0}
2026-08-12 11:26:56 [INFO] voice.audio.level {'level': 1.0}
2026-08-12 11:26:56 [INFO] voice.audio.level {'level': 1.0}
2026-08-12 11:26:56 [INFO] voice.audio.level {'level': 1.0}
2026-08-12 11:26:56 [INFO] voice.audio.level {'level': 1.0}
2026-08-12 11:26:56 [INFO] voice.audio.level {'level': 1.0}
2026-08-12 11:26:56 [INFO] voice.audio.level {'level': 1.0}
2026-08-12 11:26:56 [INFO] voice.audio.level {'level': 1.0}
2026-08-12 11:26:56 [INFO] voice.audio.level {'level': 1.0}
2026-08-12 11:26:56 [INFO] voice.audio.level {'level': 1.0}
2026-08-12 11:26:56 [INFO] voice.audio.level {'level': 1.0}
2026-08-12 11:26:56 [INFO] voice.audio.level {'level': 1.0}
2026-08-12 11:26:56 [INFO] voice.audio.level {'level': 1.0}
2026-08-12 11:26:56 [INFO] voice.audio.level {'level': 1.0}
2026-08-12 11:26:56 [INFO] voice.audio.level {'level': 1.0}
2026-08-12 11:26:56 [INFO] voice.audio.level {'level': 1.0}
2026-08-12 11:26:56 [INFO] voice.audio.level {'level': 1.0}
2026-08-12 11:26:56 [INFO] voice.audio.level {'level': 1.0}
2026-08-12 11:26:56 [INFO] voice.audio.level {'level': 1.0}
2026-08-12 11:26:56 [INFO] voice.audio.level {'level': 1.0}
2026-08-12 11:26:56 [INFO] voice.audio.level {'level': 1.0}
2026-08-12 11:26:57 [INFO] voice.audio.level {'level': 1.0}
2026-08-12 11:26:57 [INFO] voice.audio.level {'level': 1.0}
2026-08-12 11:26:57 [INFO] voice.audio.level {'level': 1.0}
2026-08-12 11:26:57 [INFO] voice.audio.level {'level': 1.0}
2026-08-12 11:26:57 [INFO] voice.audio.level {'level': 1.0}
2026-08-12 11:26:57 [INFO] voice.audio.level {'level': 1.0}
2026-08-12 11:26:57 [INFO] voice.audio.level {'level': 1.0}
2026-08-12 11:26:57 [INFO] voice.audio.level {'level': 1.0}
2026-08-12 11:26:57 [INFO] voice.audio.level {'level': 1.0}
2026-08-12 11:26:57 [INFO] voice.audio.level {'level': 1.0}
2026-08-12 11:26:57 [INFO] voice.audio.level {'level': 1.0}
2026-08-12 11:26:57 [INFO] voice.audio.level {'level': 1.0}
2026-08-12 11:26:57 [INFO] voice.audio.level {'level': 1.0}
2026-08-12 11:26:57 [INFO] voice.audio.level {'level': 1.0}
2026-08-12 11:26:57 [INFO] voice.audio.level {'level': 1.0}
2026-08-12 11:26:57 [INFO] voice.audio.level {'level': 1.0}
2026-08-12 11:26:57 [INFO] voice.audio.level {'level': 1.0}
2026-08-12 11:26:57 [INFO] voice.audio.level {'level': 1.0}
2026-08-12 11:26:57 [INFO] voice.audio.level {'level': 1.0}
2026-08-12 11:26:57 [INFO] voice.audio.level {'level': 1.0}
2026-08-12 11:26:57 [INFO] voice.audio.level {'level': 1.0}
2026-08-12 11:26:57 [INFO] voice.audio.level {'level': 1.0}
2026-08-12 11:26:57 [INFO] voice.audio.level {'level': 1.0}
2026-08-12 11:26:57 [INFO] voice.audio.level {'level': 1.0}
2026-08-12 11:26:57 [INFO] voice.audio.level {'level': 1.0}
2026-08-12 11:26:57 [INFO] voice.audio.level {'level': 1.0}
2026-08-12 11:26:57 [INFO] voice.audio.level {'level': 1.0}
2026-08-12 11:26:57 [INFO] voice.audio.level {'level': 1.0}
2026-08-12 11:26:57 [INFO] voice.audio.level {'level': 1.0}
2026-08-12 11:26:57 [INFO] voice.audio.level {'level': 1.0}
2026-08-12 11:26:57 [INFO] voice.audio.level {'level': 1.0}
2026-08-12 11:26:57 [INFO] voice.audio.level {'level': 1.0}
2026-08-12 11:26:57 [INFO] voice.audio.level {'level': 1.0}
2026-08-12 11:26:58 [INFO] voice.audio.level {'level': 1.0}
2026-08-12 11:26:58 [INFO] voice.audio.level {'level': 1.0}
2026-08-12 11:26:58 [INFO] voice.audio.level {'level': 1.0}
2026-08-12 11:26:58 [INFO] voice.audio.level {'level': 1.0}
2026-08-12 11:26:58 [INFO] voice.audio.level {'level': 1.0}
2026-08-12 11:26:58 [INFO] voice.audio.level {'level': 1.0}
2026-08-12 11:26:58 [INFO] voice.audio.level {'level': 1.0}
2026-08-12 11:26:58 [INFO] voice.audio.level {'level': 1.0}
2026-08-12 11:26:58 [INFO] voice.audio.level {'level': 1.0}
2026-08-12 11:26:58 [INFO] voice.audio.level {'level': 1.0}
2026-08-12 11:26:58 [INFO] voice.audio.level {'level': 1.0}
2026-08-12 11:26:58 [INFO] voice.audio.level {'level': 1.0}
2026-08-12 11:26:58 [INFO] voice.audio.level {'level': 1.0}
2026-08-12 11:26:58 [INFO] voice.audio.level {'level': 1.0}
2026-08-12 11:26:58 [INFO] voice.audio.level {'level': 1.0}
2026-08-12 11:26:58 [INFO] voice.audio.level {'level': 1.0}
2026-08-12 11:26:58 [INFO] voice.audio.level {'level': 1.0}
2026-08-12 11:26:58 [INFO] voice.audio.level {'level': 1.0}
2026-08-12 11:26:58 [INFO] voice.audio.level {'level': 1.0}
2026-08-12 11:26:58 [INFO] voice.audio.level {'level': 1.0}
2026-08-12 11:26:58 [INFO] voice.audio.level {'level': 1.0}
2026-08-12 11:26:58 [INFO] voice.audio.level {'level': 1.0}
2026-08-12 11:26:58 [INFO] voice.audio.level {'level': 1.0}
2026-08-12 11:26:58 [INFO] voice.audio.level {'level': 1.0}
2026-08-12 11:26:58 [INFO] voice.audio.level {'level': 1.0}
2026-08-12 11:26:58 [INFO] voice.audio.level {'level': 1.0}
2026-08-12 11:26:58 [INFO] voice.audio.level {'level': 1.0}
2026-08-12 11:26:58 [INFO] voice.audio.level {'level': 1.0}
2026-08-12 11:26:58 [INFO] voice.audio.level {'level': 1.0}
2026-08-12 11:26:58 [INFO] voice.audio.level {'level': 1.0}
2026-08-12 11:26:58 [INFO] voice.audio.level {'level': 1.0}
2026-08-12 11:26:58 [INFO] voice.audio.level {'level': 1.0}
2026-08-12 11:26:58 [INFO] voice.audio.level {'level': 1.0}
2026-08-12 11:26:59 [INFO] voice.audio.level {'level': 1.0}
2026-08-12 11:26:59 [INFO] voice.audio.level {'level': 1.0}
2026-08-12 11:26:59 [INFO] voice.audio.level {'level': 1.0}
2026-08-12 11:26:59 [INFO] voice.audio.level {'level': 1.0}
2026-08-12 11:26:59 [INFO] voice.audio.level {'level': 1.0}
2026-08-12 11:26:59 [INFO] voice.audio.level {'level': 1.0}
2026-08-12 11:26:59 [INFO] voice.audio.level {'level': 1.0}
2026-08-12 11:26:59 [INFO] voice.audio.level {'level': 1.0}
2026-08-12 11:26:59 [INFO] voice.audio.level {'level': 1.0}
2026-08-12 11:26:59 [INFO] voice.audio.level {'level': 1.0}
2026-08-12 11:26:59 [INFO] voice.audio.level {'level': 1.0}
2026-08-12 11:26:59 [INFO] voice.audio.level {'level': 1.0}
2026-08-12 11:26:59 [INFO] voice.audio.level {'level': 1.0}
2026-08-12 11:26:59 [INFO] voice.audio.level {'level': 1.0}
2026-08-12 11:26:59 [INFO] voice.audio.level {'level': 1.0}
2026-08-12 11:26:59 [INFO] voice.audio.level {'level': 1.0}
2026-08-12 11:26:59 [INFO] voice.audio.level {'level': 1.0}
2026-08-12 11:26:59 [INFO] voice.audio.level {'level': 1.0}
2026-08-12 11:26:59 [INFO] voice.audio.level {'level': 1.0}
2026-08-12 11:26:59 [INFO] voice.audio.level {'level': 1.0}
2026-08-12 11:26:59 [INFO] voice.audio.level {'level': 1.0}
2026-08-12 11:26:59 [INFO] voice.audio.level {'level': 1.0}
2026-08-12 11:26:59 [INFO] voice.audio.level {'level': 1.0}
2026-08-12 11:26:59 [INFO] voice.audio.level {'level': 1.0}
2026-08-12 11:26:59 [INFO] voice.audio.level {'level': 1.0}
2026-08-12 11:26:59 [INFO] voice.audio.level {'level': 1.0}
2026-08-12 11:26:59 [INFO] voice.audio.level {'level': 1.0}
2026-08-12 11:26:59 [INFO] voice.audio.level {'level': 1.0}
2026-08-12 11:26:59 [INFO] voice.audio.level {'level': 1.0}
2026-08-12 11:26:59 [INFO] voice.audio.level {'level': 1.0}
2026-08-12 11:26:59 [INFO] voice.audio.level {'level': 1.0}
2026-08-12 11:27:00 [INFO] voice.listening.stop
2026-08-12 11:27:18 [INFO] module.enabled {'module': 'Voice'}
2026-08-12 11:27:18 [INFO] voice.listening.start
2026-08-12 11:27:18 [INFO] voice.audio.level {'level': 1.0}
2026-08-12 11:27:18 [INFO] voice.audio.level {'level': 1.0}
2026-08-12 11:27:18 [INFO] voice.audio.level {'level': 1.0}
2026-08-12 11:27:18 [INFO] voice.audio.level {'level': 1.0}
2026-08-12 11:27:18 [INFO] voice.audio.level {'level': 1.0}
2026-08-12 11:27:18 [INFO] voice.audio.level {'level': 1.0}
2026-08-12 11:27:18 [INFO] voice.audio.level {'level': 1.0}
2026-08-12 11:27:18 [INFO] voice.audio.level {'level': 1.0}
2026-08-12 11:27:18 [INFO] voice.audio.level {'level': 1.0}
2026-08-12 11:27:18 [INFO] voice.audio.level {'level': 1.0}
2026-08-12 11:27:18 [INFO] voice.audio.level {'level': 1.0}
2026-08-12 11:27:18 [INFO] voice.audio.level {'level': 1.0}
2026-08-12 11:27:19 [INFO] voice.audio.level {'level': 1.0}
2026-08-12 11:27:19 [INFO] voice.audio.level {'level': 1.0}
2026-08-12 11:27:19 [INFO] voice.audio.level {'level': 1.0}
2026-08-12 11:27:19 [INFO] voice.audio.level {'level': 1.0}
2026-08-12 11:27:19 [INFO] voice.audio.level {'level': 1.0}
2026-08-12 11:27:19 [INFO] voice.audio.level {'level': 1.0}
2026-08-12 11:27:19 [INFO] voice.audio.level {'level': 1.0}
2026-08-12 11:27:19 [INFO] voice.audio.level {'level': 1.0}
2026-08-12 11:27:19 [INFO] voice.audio.level {'level': 1.0}
2026-08-12 11:27:19 [INFO] voice.audio.level {'level': 1.0}
2026-08-12 11:27:19 [INFO] voice.audio.level {'level': 1.0}
2026-08-12 11:27:19 [INFO] voice.audio.level {'level': 1.0}
2026-08-12 11:27:19 [INFO] voice.audio.level {'level': 1.0}
2026-08-12 11:27:19 [INFO] voice.audio.level {'level': 1.0}
2026-08-12 11:27:19 [INFO] voice.audio.level {'level': 1.0}
2026-08-12 11:27:19 [INFO] voice.audio.level {'level': 1.0}
2026-08-12 11:27:19 [INFO] voice.audio.level {'level': 1.0}
2026-08-12 11:27:19 [INFO] voice.audio.level {'level': 1.0}
2026-08-12 11:27:19 [INFO] voice.audio.level {'level': 1.0}
2026-08-12 11:27:19 [INFO] voice.audio.level {'level': 1.0}
2026-08-12 11:27:19 [INFO] voice.audio.level {'level': 1.0}
2026-08-12 11:27:19 [INFO] voice.audio.level {'level': 1.0}
2026-08-12 11:27:19 [INFO] voice.audio.level {'level': 1.0}
2026-08-12 11:27:19 [INFO] voice.audio.level {'level': 1.0}
2026-08-12 11:27:19 [INFO] voice.audio.level {'level': 1.0}
2026-08-12 11:27:19 [INFO] voice.audio.level {'level': 1.0}
2026-08-12 11:27:19 [INFO] voice.audio.level {'level': 1.0}
2026-08-12 11:27:19 [INFO] voice.audio.level {'level': 1.0}
2026-08-12 11:27:19 [INFO] voice.audio.level {'level': 1.0}
2026-08-12 11:27:19 [INFO] voice.audio.level {'level': 1.0}
2026-08-12 11:27:19 [INFO] voice.audio.level {'level': 1.0}
2026-08-12 11:27:19 [INFO] voice.audio.level {'level': 1.0}
2026-08-12 11:27:19 [INFO] voice.audio.level {'level': 1.0}
2026-08-12 11:27:20 [INFO] voice.audio.level {'level': 1.0}
2026-08-12 11:27:20 [INFO] voice.audio.level {'level': 1.0}
2026-08-12 11:27:20 [INFO] voice.audio.level {'level': 1.0}
2026-08-12 11:27:20 [INFO] voice.audio.level {'level': 1.0}
2026-08-12 11:27:20 [INFO] voice.audio.level {'level': 1.0}
2026-08-12 11:27:20 [INFO] voice.audio.level {'level': 1.0}
2026-08-12 11:27:20 [INFO] voice.audio.level {'level': 1.0}
2026-08-12 11:27:20 [INFO] voice.audio.level {'level': 1.0}
2026-08-12 11:27:20 [INFO] voice.audio.level {'level': 1.0}
2026-08-12 11:27:20 [INFO] voice.audio.level {'level': 1.0}
2026-08-12 11:27:20 [INFO] voice.audio.level {'level': 1.0}
2026-08-12 11:27:20 [INFO] voice.audio.level {'level': 1.0}
2026-08-12 11:27:20 [INFO] voice.audio.level {'level': 1.0}
2026-08-12 11:27:20 [INFO] voice.audio.level {'level': 1.0}
2026-08-12 11:27:20 [INFO] voice.audio.level {'level': 1.0}
2026-08-12 11:27:20 [INFO] voice.audio.level {'level': 1.0}
2026-08-12 11:27:20 [INFO] voice.audio.level {'level': 1.0}
2026-08-12 11:27:20 [INFO] voice.audio.level {'level': 1.0}
2026-08-12 11:27:20 [INFO] voice.audio.level {'level': 1.0}
2026-08-12 11:27:20 [INFO] voice.audio.level {'level': 1.0}
2026-08-12 11:27:20 [INFO] voice.audio.level {'level': 1.0}
2026-08-12 11:27:20 [INFO] voice.audio.level {'level': 1.0}
2026-08-12 11:27:20 [INFO] voice.audio.level {'level': 1.0}
2026-08-12 11:27:20 [INFO] voice.audio.level {'level': 1.0}
2026-08-12 11:27:20 [INFO] voice.audio.level {'level': 1.0}
2026-08-12 11:27:20 [INFO] voice.audio.level {'level': 1.0}
2026-08-12 11:27:20 [INFO] voice.audio.level {'level': 1.0}
2026-08-12 11:27:20 [INFO] voice.audio.level {'level': 1.0}
2026-08-12 11:27:20 [INFO] voice.audio.level {'level': 1.0}
2026-08-12 11:27:20 [INFO] voice.audio.level {'level': 1.0}
2026-08-12 11:27:20 [INFO] voice.audio.level {'level': 1.0}
2026-08-12 11:27:20 [INFO] voice.audio.level {'level': 1.0}
2026-08-12 11:27:20 [INFO] voice.audio.level {'level': 1.0}
2026-08-12 11:27:21 [INFO] voice.audio.level {'level': 1.0}
2026-08-12 11:27:21 [INFO] voice.audio.level {'level': 1.0}
2026-08-12 11:27:21 [INFO] voice.audio.level {'level': 1.0}
2026-08-12 11:27:21 [INFO] voice.audio.level {'level': 1.0}
2026-08-12 11:27:21 [INFO] voice.audio.level {'level': 1.0}
2026-08-12 11:27:21 [INFO] voice.audio.level {'level': 1.0}
2026-08-12 11:27:21 [INFO] voice.audio.level {'level': 1.0}
2026-08-12 11:27:21 [INFO] voice.audio.level {'level': 1.0}
2026-08-12 11:27:21 [INFO] voice.audio.level {'level': 1.0}
2026-08-12 11:27:21 [INFO] voice.audio.level {'level': 1.0}
2026-08-12 11:27:21 [INFO] voice.audio.level {'level': 1.0}
2026-08-12 11:27:21 [INFO] voice.audio.level {'level': 1.0}
2026-08-12 11:27:21 [INFO] voice.audio.level {'level': 1.0}
2026-08-12 11:27:21 [INFO] voice.audio.level {'level': 1.0}
2026-08-12 11:27:21 [INFO] voice.audio.level {'level': 1.0}
2026-08-12 11:27:21 [INFO] voice.audio.level {'level': 1.0}
2026-08-12 11:27:21 [INFO] voice.audio.level {'level': 1.0}
2026-08-12 11:27:21 [INFO] voice.audio.level {'level': 1.0}
2026-08-12 11:27:21 [INFO] voice.listening.stop
2026-08-12 11:27:21 [INFO] voice.audio.level {'level': 1.0}
2026-08-12 11:27:30 [INFO] module.enabled {'module': 'Voice'}
2026-08-12 11:27:30 [INFO] voice.listening.start
2026-08-12 11:27:30 [INFO] voice.audio.level {'level': 1.0}
2026-08-12 11:27:30 [INFO] voice.audio.level {'level': 1.0}
2026-08-12 11:27:30 [INFO] voice.audio.level {'level': 1.0}
2026-08-12 11:27:30 [INFO] voice.audio.level {'level': 1.0}
2026-08-12 11:27:30 [INFO] voice.audio.level {'level': 1.0}
2026-08-12 11:27:30 [INFO] voice.audio.level {'level': 1.0}
2026-08-12 11:27:30 [INFO] voice.audio.level {'level': 1.0}
2026-08-12 11:27:30 [INFO] voice.audio.level {'level': 1.0}
2026-08-12 11:27:30 [INFO] voice.audio.level {'level': 1.0}
2026-08-12 11:27:30 [INFO] voice.audio.level {'level': 1.0}
2026-08-12 11:27:30 [INFO] voice.audio.level {'level': 1.0}
2026-08-12 11:27:30 [INFO] voice.audio.level {'level': 1.0}
2026-08-12 11:27:30 [INFO] voice.audio.level {'level': 1.0}
2026-08-12 11:27:30 [INFO] voice.audio.level {'level': 1.0}
2026-08-12 11:27:30 [INFO] voice.audio.level {'level': 1.0}
2026-08-12 11:27:30 [INFO] voice.audio.level {'level': 1.0}
2026-08-12 11:27:30 [INFO] voice.speech.start
2026-08-12 11:27:30 [INFO] voice.audio.level {'level': 1.0}
2026-08-12 11:27:30 [INFO] voice.audio.level {'level': 1.0}
2026-08-12 11:27:30 [INFO] voice.audio.level {'level': 1.0}
2026-08-12 11:27:30 [INFO] voice.audio.level {'level': 1.0}
2026-08-12 11:27:30 [INFO] voice.audio.level {'level': 1.0}
2026-08-12 11:27:30 [INFO] voice.audio.level {'level': 1.0}
2026-08-12 11:27:30 [INFO] voice.audio.level {'level': 1.0}
2026-08-12 11:27:30 [INFO] voice.audio.level {'level': 1.0}
2026-08-12 11:27:30 [INFO] voice.audio.level {'level': 1.0}
2026-08-12 11:27:30 [INFO] voice.audio.level {'level': 1.0}
2026-08-12 11:27:30 [INFO] voice.audio.level {'level': 1.0}
2026-08-12 11:27:30 [INFO] voice.audio.level {'level': 1.0}
2026-08-12 11:27:31 [INFO] voice.audio.level {'level': 1.0}
2026-08-12 11:27:31 [INFO] voice.audio.level {'level': 1.0}
2026-08-12 11:27:31 [INFO] voice.audio.level {'level': 1.0}
2026-08-12 11:27:31 [INFO] voice.audio.level {'level': 1.0}
2026-08-12 11:27:31 [INFO] voice.audio.level {'level': 1.0}
2026-08-12 11:27:31 [INFO] voice.audio.level {'level': 1.0}
2026-08-12 11:27:31 [INFO] voice.audio.level {'level': 1.0}
2026-08-12 11:27:31 [INFO] voice.audio.level {'level': 1.0}
2026-08-12 11:27:31 [INFO] voice.audio.level {'level': 1.0}
2026-08-12 11:27:31 [INFO] voice.audio.level {'level': 1.0}
2026-08-12 11:27:31 [INFO] voice.audio.level {'level': 1.0}
2026-08-12 11:27:31 [INFO] voice.audio.level {'level': 1.0}
2026-08-12 11:27:31 [INFO] voice.audio.level {'level': 1.0}
2026-08-12 11:27:31 [INFO] voice.audio.level {'level': 1.0}
2026-08-12 11:27:31 [INFO] voice.audio.level {'level': 1.0}
2026-08-12 11:27:31 [INFO] voice.audio.level {'level': 1.0}
2026-08-12 11:27:31 [INFO] voice.audio.level {'level': 1.0}
2026-08-12 11:27:31 [INFO] voice.audio.level {'level': 1.0}
2026-08-12 11:27:31 [INFO] voice.audio.level {'level': 1.0}
2026-08-12 11:27:31 [INFO] voice.audio.level {'level': 1.0}
2026-08-12 11:27:31 [INFO] voice.audio.level {'level': 1.0}
2026-08-12 11:27:31 [INFO] voice.audio.level {'level': 1.0}
2026-08-12 11:27:31 [INFO] voice.audio.level {'level': 1.0}
2026-08-12 11:27:31 [INFO] voice.audio.level {'level': 1.0}
2026-08-12 11:27:31 [INFO] voice.audio.level {'level': 1.0}
2026-08-12 11:27:31 [INFO] voice.audio.level {'level': 1.0}
2026-08-12 11:27:31 [INFO] voice.audio.level {'level': 1.0}
2026-08-12 11:27:31 [INFO] voice.audio.level {'level': 1.0}
2026-08-12 11:27:31 [INFO] voice.audio.level {'level': 1.0}
2026-08-12 11:27:31 [INFO] voice.audio.level {'level': 1.0}
2026-08-12 11:27:31 [INFO] voice.audio.level {'level': 1.0}
2026-08-12 11:27:31 [INFO] voice.audio.level {'level': 1.0}
2026-08-12 11:27:31 [INFO] voice.audio.level {'level': 1.0}
2026-08-12 11:27:32 [INFO] voice.audio.level {'level': 1.0}
2026-08-12 11:27:32 [INFO] voice.audio.level {'level': 1.0}
2026-08-12 11:27:32 [INFO] voice.audio.level {'level': 1.0}
2026-08-12 11:27:32 [INFO] voice.audio.level {'level': 1.0}
2026-08-12 11:27:32 [INFO] voice.audio.level {'level': 1.0}
2026-08-12 11:27:32 [INFO] voice.audio.level {'level': 1.0}
2026-08-12 11:27:32 [INFO] voice.audio.level {'level': 1.0}
2026-08-12 11:27:37 [INFO] voice.listening.stop
2026-08-12 11:27:51 [INFO] voice.stt.error {'error': 'STT transcription error: Library cublas64_12.dll is not found or cannot be loaded'}
2026-08-12 11:30:47 [INFO] module.loaded {'module': 'AI'}
2026-08-12 11:30:47 [INFO] module.enabled {'module': 'AI'}
2026-08-12 11:30:47 [INFO] module.loaded {'module': 'Voice'}
2026-08-12 11:30:47 [INFO] module.enabled {'module': 'Voice'}
2026-08-12 11:30:48 [INFO] ui.updated {'page': 'Dashboard'}
2026-08-12 11:30:48 [INFO] app.started
2026-08-12 11:30:52 [INFO] ui.updated {'page': 'Voice'}
2026-08-12 11:31:31 [INFO] module.enabled {'module': 'Voice'}
2026-08-12 11:31:31 [INFO] voice.listening.start
2026-08-12 11:31:31 [INFO] voice.audio.level {'level': 4.8252525933397315e-05}
2026-08-12 11:31:31 [INFO] voice.audio.level {'level': 4.7350531531265005e-05}
2026-08-12 11:31:31 [INFO] voice.audio.level {'level': 4.869726277926627e-05}
2026-08-12 11:31:31 [INFO] voice.audio.level {'level': 4.891811234604878e-05}
2026-08-12 11:31:31 [INFO] voice.audio.level {'level': 5.10741180429856e-05}
2026-08-12 11:31:31 [INFO] voice.audio.level {'level': 4.9574758425781816e-05}
2026-08-12 11:31:32 [INFO] voice.audio.level {'level': 5.0007735505156844e-05}
2026-08-12 11:31:32 [INFO] voice.audio.level {'level': 4.689302841143217e-05}
2026-08-12 11:31:32 [INFO] voice.audio.level {'level': 4.596436156134587e-05}
2026-08-12 11:31:32 [INFO] voice.audio.level {'level': 5.0862630208333336e-05}
2026-08-12 11:31:32 [INFO] voice.audio.level {'level': 4.355615601525642e-05}
2026-08-12 11:31:32 [INFO] voice.audio.level {'level': 5.043699578285062e-05}
2026-08-12 11:31:32 [INFO] voice.audio.level {'level': 5.1703391363844275e-05}
2026-08-12 11:31:32 [INFO] voice.audio.level {'level': 4.935684652688603e-05}
2026-08-12 11:31:32 [INFO] voice.audio.level {'level': 5.0862630208333336e-05}
2026-08-12 11:31:32 [INFO] voice.audio.level {'level': 4.869726277926627e-05}
2026-08-12 11:31:32 [INFO] voice.audio.level {'level': 4.549291891938386e-05}
2026-08-12 11:31:32 [INFO] voice.audio.level {'level': 4.7350531531265005e-05}
2026-08-12 11:31:32 [INFO] voice.audio.level {'level': 4.847540367336478e-05}
2026-08-12 11:31:32 [INFO] voice.audio.level {'level': 4.780365694993331e-05}
2026-08-12 11:31:32 [INFO] voice.audio.level {'level': 4.913797056360636e-05}
2026-08-12 11:31:32 [INFO] voice.audio.level {'level': 5.065026016382035e-05}
2026-08-12 11:31:32 [INFO] voice.audio.level {'level': 5.0222824938828126e-05}
2026-08-12 11:31:32 [INFO] voice.audio.level {'level': 5.065026016382035e-05}
2026-08-12 11:31:32 [INFO] voice.audio.level {'level': 4.596436156134587e-05}
2026-08-12 11:31:32 [INFO] voice.audio.level {'level': 4.572924808599055e-05}
2026-08-12 11:31:32 [INFO] voice.audio.level {'level': 5.149448649414505e-05}
2026-08-12 11:31:32 [INFO] voice.audio.level {'level': 4.429236772314956e-05}
2026-08-12 11:31:32 [INFO] voice.audio.level {'level': 4.979171838688975e-05}
2026-08-12 11:31:32 [INFO] voice.audio.level {'level': 5.149448649414505e-05}
2026-08-12 11:31:32 [INFO] voice.audio.level {'level': 4.935684652688603e-05}
2026-08-12 11:31:32 [INFO] voice.audio.level {'level': 5.149448649414505e-05}
2026-08-12 11:31:32 [INFO] voice.audio.level {'level': 4.8252525933397315e-05}
2026-08-12 11:31:32 [INFO] voice.audio.level {'level': 4.4535066384317666e-05}
2026-08-12 11:31:32 [INFO] voice.audio.level {'level': 4.802861743276784e-05}
2026-08-12 11:31:32 [INFO] voice.audio.level {'level': 4.891811234604878e-05}
2026-08-12 11:31:32 [INFO] voice.audio.level {'level': 4.8252525933397315e-05}
2026-08-12 11:31:32 [INFO] voice.audio.level {'level': 4.891811234604878e-05}
2026-08-12 11:31:32 [INFO] voice.audio.level {'level': 5.0862630208333336e-05}
2026-08-12 11:31:33 [INFO] voice.audio.level {'level': 4.979171838688975e-05}
2026-08-12 11:31:33 [INFO] voice.audio.level {'level': 5.0222824938828126e-05}
2026-08-12 11:31:33 [INFO] voice.audio.level {'level': 4.689302841143217e-05}
2026-08-12 11:31:33 [INFO] voice.audio.level {'level': 4.525535890328077e-05}
2026-08-12 11:31:33 [INFO] voice.audio.level {'level': 5.149448649414505e-05}
2026-08-12 11:31:33 [INFO] voice.audio.level {'level': 4.429236772314956e-05}
2026-08-12 11:31:33 [INFO] voice.audio.level {'level': 4.935684652688603e-05}
2026-08-12 11:31:33 [INFO] voice.audio.level {'level': 5.065026016382035e-05}
2026-08-12 11:31:33 [INFO] voice.audio.level {'level': 5.065026016382035e-05}
2026-08-12 11:31:33 [INFO] voice.audio.level {'level': 5.1703391363844275e-05}
2026-08-12 11:31:33 [INFO] voice.audio.level {'level': 4.802861743276784e-05}
2026-08-12 11:31:33 [INFO] voice.audio.level {'level': 4.525535890328077e-05}
2026-08-12 11:31:33 [INFO] voice.audio.level {'level': 4.7577635389946714e-05}
2026-08-12 11:31:33 [INFO] voice.audio.level {'level': 4.935684652688603e-05}
2026-08-12 11:31:33 [INFO] voice.audio.level {'level': 4.7577635389946714e-05}
2026-08-12 11:31:33 [INFO] voice.audio.level {'level': 4.869726277926627e-05}
2026-08-12 11:31:33 [INFO] voice.audio.level {'level': 5.128473276272416e-05}
2026-08-12 11:31:33 [INFO] voice.audio.level {'level': 4.891811234604878e-05}
2026-08-12 11:31:33 [INFO] voice.audio.level {'level': 5.10741180429856e-05}
2026-08-12 11:31:33 [INFO] voice.audio.level {'level': 4.7577635389946714e-05}
2026-08-12 11:31:33 [INFO] voice.audio.level {'level': 4.3802932244337477e-05}
2026-08-12 11:31:33 [INFO] voice.audio.level {'level': 5.191145343511987e-05}
2026-08-12 11:31:33 [INFO] voice.audio.level {'level': 4.429236772314956e-05}
2026-08-12 11:31:33 [INFO] voice.audio.level {'level': 4.913797056360636e-05}
2026-08-12 11:31:33 [INFO] voice.audio.level {'level': 5.0862630208333336e-05}
2026-08-12 11:31:33 [INFO] voice.audio.level {'level': 5.0007735505156844e-05}
2026-08-12 11:31:33 [INFO] voice.audio.level {'level': 5.314272736238006e-05}
2026-08-12 11:31:33 [INFO] voice.audio.level {'level': 4.689302841143217e-05}
2026-08-12 11:31:33 [INFO] voice.audio.level {'level': 4.525535890328077e-05}
2026-08-12 11:31:33 [INFO] voice.audio.level {'level': 4.689302841143217e-05}
2026-08-12 11:31:33 [INFO] voice.audio.level {'level': 5.0222824938828126e-05}
2026-08-12 11:31:33 [INFO] voice.audio.level {'level': 4.7350531531265005e-05}
2026-08-12 11:31:33 [INFO] voice.audio.level {'level': 4.8252525933397315e-05}
2026-08-12 11:31:34 [INFO] voice.audio.level {'level': 5.128473276272416e-05}
2026-08-12 11:31:34 [INFO] voice.audio.level {'level': 4.9574758425781816e-05}
2026-08-12 11:31:34 [INFO] voice.audio.level {'level': 5.043699578285062e-05}
2026-08-12 11:31:34 [INFO] voice.audio.level {'level': 4.847540367336478e-05}
2026-08-12 11:31:34 [INFO] voice.audio.level {'level': 4.355615601525642e-05}
2026-08-12 11:31:34 [INFO] voice.audio.level {'level': 5.128473276272416e-05}
2026-08-12 11:31:34 [INFO] voice.audio.level {'level': 4.4535066384317666e-05}
2026-08-12 11:31:34 [INFO] voice.audio.level {'level': 4.9574758425781816e-05}
2026-08-12 11:31:34 [INFO] voice.audio.level {'level': 5.0222824938828126e-05}
2026-08-12 11:31:34 [INFO] voice.audio.level {'level': 5.0862630208333336e-05}
2026-08-12 11:31:34 [INFO] voice.audio.level {'level': 5.149448649414505e-05}
2026-08-12 11:31:34 [INFO] voice.audio.level {'level': 4.780365694993331e-05}
2026-08-12 11:31:34 [INFO] voice.audio.level {'level': 4.596436156134587e-05}
2026-08-12 11:31:34 [INFO] voice.audio.level {'level': 4.689302841143217e-05}
2026-08-12 11:31:34 [INFO] voice.audio.level {'level': 5.065026016382035e-05}
2026-08-12 11:31:34 [INFO] voice.audio.level {'level': 4.525535890328077e-05}
2026-08-12 11:31:34 [INFO] voice.audio.level {'level': 4.869726277926627e-05}
2026-08-12 11:31:34 [INFO] voice.audio.level {'level': 5.191145343511987e-05}
2026-08-12 11:31:34 [INFO] voice.audio.level {'level': 4.9574758425781816e-05}
2026-08-12 11:31:34 [INFO] voice.audio.level {'level': 5.128473276272416e-05}
2026-08-12 11:31:34 [INFO] voice.audio.level {'level': 4.7350531531265005e-05}
2026-08-12 11:31:34 [INFO] voice.audio.level {'level': 4.3802932244337477e-05}
2026-08-12 11:31:34 [INFO] voice.audio.level {'level': 5.128473276272416e-05}
2026-08-12 11:31:34 [INFO] voice.audio.level {'level': 4.549291891938386e-05}
2026-08-12 11:31:34 [INFO] voice.audio.level {'level': 4.847540367336478e-05}
2026-08-12 11:31:34 [INFO] voice.audio.level {'level': 5.065026016382035e-05}
2026-08-12 11:31:34 [INFO] voice.audio.level {'level': 5.043699578285062e-05}
2026-08-12 11:31:34 [INFO] voice.audio.level {'level': 5.065026016382035e-05}
2026-08-12 11:31:34 [INFO] voice.audio.level {'level': 4.9574758425781816e-05}
2026-08-12 11:31:34 [INFO] voice.audio.level {'level': 4.549291891938386e-05}
2026-08-12 11:31:34 [INFO] voice.audio.level {'level': 4.643101722952755e-05}
2026-08-12 11:31:34 [INFO] voice.audio.level {'level': 5.10741180429856e-05}
2026-08-12 11:31:35 [INFO] voice.listening.stop
2026-08-12 11:31:36 [INFO] module.enabled {'module': 'Voice'}
2026-08-12 11:31:36 [INFO] voice.listening.start
2026-08-12 11:31:36 [INFO] voice.audio.level {'level': 4.8252525933397315e-05}
2026-08-12 11:31:36 [INFO] voice.audio.level {'level': 4.7350531531265005e-05}
2026-08-12 11:31:36 [INFO] voice.audio.level {'level': 4.869726277926627e-05}
2026-08-12 11:31:36 [INFO] voice.audio.level {'level': 4.891811234604878e-05}
2026-08-12 11:31:36 [INFO] voice.audio.level {'level': 5.10741180429856e-05}
2026-08-12 11:31:36 [INFO] voice.audio.level {'level': 4.9574758425781816e-05}
2026-08-12 11:31:36 [INFO] voice.audio.level {'level': 5.0007735505156844e-05}
2026-08-12 11:31:36 [INFO] voice.audio.level {'level': 4.689302841143217e-05}
2026-08-12 11:31:36 [INFO] voice.audio.level {'level': 4.596436156134587e-05}
2026-08-12 11:31:36 [INFO] voice.audio.level {'level': 5.0862630208333336e-05}
2026-08-12 11:31:36 [INFO] voice.audio.level {'level': 4.355615601525642e-05}
2026-08-12 11:31:36 [INFO] voice.audio.level {'level': 5.043699578285062e-05}
2026-08-12 11:31:36 [INFO] voice.audio.level {'level': 5.1703391363844275e-05}
2026-08-12 11:31:36 [INFO] voice.audio.level {'level': 4.935684652688603e-05}
2026-08-12 11:31:36 [INFO] voice.audio.level {'level': 5.0862630208333336e-05}
2026-08-12 11:31:36 [INFO] voice.audio.level {'level': 4.869726277926627e-05}
2026-08-12 11:31:36 [INFO] voice.audio.level {'level': 4.549291891938386e-05}
2026-08-12 11:31:36 [INFO] voice.audio.level {'level': 4.7350531531265005e-05}
2026-08-12 11:31:36 [INFO] voice.audio.level {'level': 4.847540367336478e-05}
2026-08-12 11:31:36 [INFO] voice.audio.level {'level': 4.780365694993331e-05}
2026-08-12 11:31:37 [INFO] voice.audio.level {'level': 4.913797056360636e-05}
2026-08-12 11:31:37 [INFO] voice.audio.level {'level': 5.065026016382035e-05}
2026-08-12 11:31:37 [INFO] voice.audio.level {'level': 5.0222824938828126e-05}
2026-08-12 11:31:37 [INFO] voice.audio.level {'level': 5.065026016382035e-05}
2026-08-12 11:31:37 [INFO] voice.audio.level {'level': 4.596436156134587e-05}
2026-08-12 11:31:37 [INFO] voice.audio.level {'level': 4.572924808599055e-05}
2026-08-12 11:31:37 [INFO] voice.audio.level {'level': 5.149448649414505e-05}
2026-08-12 11:31:37 [INFO] voice.audio.level {'level': 4.429236772314956e-05}
2026-08-12 11:31:37 [INFO] voice.audio.level {'level': 4.979171838688975e-05}
2026-08-12 11:31:37 [INFO] voice.audio.level {'level': 5.149448649414505e-05}
2026-08-12 11:31:37 [INFO] voice.audio.level {'level': 4.935684652688603e-05}
2026-08-12 11:31:37 [INFO] voice.audio.level {'level': 5.149448649414505e-05}
2026-08-12 11:31:37 [INFO] voice.audio.level {'level': 4.8252525933397315e-05}
2026-08-12 11:31:37 [INFO] voice.audio.level {'level': 4.4535066384317666e-05}
2026-08-12 11:31:37 [INFO] voice.audio.level {'level': 4.802861743276784e-05}
2026-08-12 11:31:37 [INFO] voice.audio.level {'level': 4.891811234604878e-05}
2026-08-12 11:31:37 [INFO] voice.audio.level {'level': 4.8252525933397315e-05}
2026-08-12 11:31:37 [INFO] voice.audio.level {'level': 4.891811234604878e-05}
2026-08-12 11:31:37 [INFO] voice.audio.level {'level': 5.0862630208333336e-05}
2026-08-12 11:31:37 [INFO] voice.audio.level {'level': 4.979171838688975e-05}
2026-08-12 11:31:37 [INFO] voice.audio.level {'level': 5.0222824938828126e-05}
2026-08-12 11:31:37 [INFO] voice.audio.level {'level': 4.689302841143217e-05}
2026-08-12 11:31:37 [INFO] voice.audio.level {'level': 4.525535890328077e-05}
2026-08-12 11:31:37 [INFO] voice.audio.level {'level': 5.149448649414505e-05}
2026-08-12 11:31:37 [INFO] voice.audio.level {'level': 4.429236772314956e-05}
2026-08-12 11:31:37 [INFO] voice.audio.level {'level': 4.935684652688603e-05}
2026-08-12 11:31:37 [INFO] voice.audio.level {'level': 5.065026016382035e-05}
2026-08-12 11:31:37 [INFO] voice.audio.level {'level': 5.065026016382035e-05}
2026-08-12 11:31:37 [INFO] voice.audio.level {'level': 5.1703391363844275e-05}
2026-08-12 11:31:37 [INFO] voice.audio.level {'level': 4.802861743276784e-05}
2026-08-12 11:31:37 [INFO] voice.audio.level {'level': 4.525535890328077e-05}
2026-08-12 11:31:37 [INFO] voice.audio.level {'level': 4.7577635389946714e-05}
2026-08-12 11:31:37 [INFO] voice.audio.level {'level': 4.935684652688603e-05}
2026-08-12 11:31:38 [INFO] voice.audio.level {'level': 4.7577635389946714e-05}
2026-08-12 11:31:38 [INFO] voice.audio.level {'level': 4.869726277926627e-05}
2026-08-12 11:31:38 [INFO] voice.audio.level {'level': 5.128473276272416e-05}
2026-08-12 11:31:38 [INFO] voice.audio.level {'level': 4.891811234604878e-05}
2026-08-12 11:31:38 [INFO] voice.audio.level {'level': 5.10741180429856e-05}
2026-08-12 11:31:38 [INFO] voice.audio.level {'level': 4.7577635389946714e-05}
2026-08-12 11:31:38 [INFO] voice.audio.level {'level': 4.3802932244337477e-05}
2026-08-12 11:31:38 [INFO] voice.audio.level {'level': 5.191145343511987e-05}
2026-08-12 11:31:38 [INFO] voice.audio.level {'level': 4.429236772314956e-05}
2026-08-12 11:31:38 [INFO] voice.audio.level {'level': 4.913797056360636e-05}
2026-08-12 11:31:38 [INFO] voice.audio.level {'level': 5.0862630208333336e-05}
2026-08-12 11:31:38 [INFO] voice.audio.level {'level': 5.0007735505156844e-05}
2026-08-12 11:31:38 [INFO] voice.audio.level {'level': 5.314272736238006e-05}
2026-08-12 11:31:38 [INFO] voice.audio.level {'level': 4.689302841143217e-05}
2026-08-12 11:31:38 [INFO] voice.audio.level {'level': 4.525535890328077e-05}
2026-08-12 11:31:38 [INFO] voice.audio.level {'level': 4.689302841143217e-05}
2026-08-12 11:31:38 [INFO] voice.audio.level {'level': 5.0222824938828126e-05}
2026-08-12 11:31:38 [INFO] voice.audio.level {'level': 4.7350531531265005e-05}
2026-08-12 11:31:38 [INFO] voice.audio.level {'level': 4.8252525933397315e-05}
2026-08-12 11:31:38 [INFO] voice.audio.level {'level': 5.128473276272416e-05}
2026-08-12 11:31:38 [INFO] voice.audio.level {'level': 4.9574758425781816e-05}
2026-08-12 11:31:38 [INFO] voice.audio.level {'level': 5.043699578285062e-05}
2026-08-12 11:31:38 [INFO] voice.audio.level {'level': 4.847540367336478e-05}
2026-08-12 11:31:38 [INFO] voice.audio.level {'level': 4.355615601525642e-05}
2026-08-12 11:31:38 [INFO] voice.audio.level {'level': 5.128473276272416e-05}
2026-08-12 11:31:38 [INFO] voice.audio.level {'level': 4.4535066384317666e-05}
2026-08-12 11:31:38 [INFO] voice.audio.level {'level': 4.9574758425781816e-05}
2026-08-12 11:31:38 [INFO] voice.audio.level {'level': 5.0222824938828126e-05}
2026-08-12 11:31:38 [INFO] voice.audio.level {'level': 5.0862630208333336e-05}
2026-08-12 11:31:38 [INFO] voice.audio.level {'level': 5.149448649414505e-05}
2026-08-12 11:31:38 [INFO] voice.audio.level {'level': 4.780365694993331e-05}
2026-08-12 11:31:38 [INFO] voice.audio.level {'level': 4.596436156134587e-05}
2026-08-12 11:31:38 [INFO] voice.audio.level {'level': 4.689302841143217e-05}
2026-08-12 11:31:39 [INFO] voice.audio.level {'level': 5.065026016382035e-05}
2026-08-12 11:31:39 [INFO] voice.audio.level {'level': 4.525535890328077e-05}
2026-08-12 11:31:39 [INFO] voice.audio.level {'level': 4.869726277926627e-05}
2026-08-12 11:31:39 [INFO] voice.audio.level {'level': 5.191145343511987e-05}
2026-08-12 11:31:39 [INFO] voice.audio.level {'level': 4.9574758425781816e-05}
2026-08-12 11:31:39 [INFO] voice.audio.level {'level': 5.128473276272416e-05}
2026-08-12 11:31:39 [INFO] voice.audio.level {'level': 4.7350531531265005e-05}
2026-08-12 11:31:39 [INFO] voice.audio.level {'level': 4.3802932244337477e-05}
2026-08-12 11:31:39 [INFO] voice.audio.level {'level': 5.128473276272416e-05}
2026-08-12 11:31:39 [INFO] voice.audio.level {'level': 4.549291891938386e-05}
2026-08-12 11:31:39 [INFO] voice.audio.level {'level': 4.847540367336478e-05}
2026-08-12 11:31:39 [INFO] voice.audio.level {'level': 5.065026016382035e-05}
2026-08-12 11:31:39 [INFO] voice.audio.level {'level': 5.043699578285062e-05}
2026-08-12 11:31:39 [INFO] voice.audio.level {'level': 5.065026016382035e-05}
2026-08-12 11:31:39 [INFO] voice.audio.level {'level': 4.9574758425781816e-05}
2026-08-12 11:31:39 [INFO] voice.audio.level {'level': 4.549291891938386e-05}
2026-08-12 11:31:39 [INFO] voice.audio.level {'level': 4.643101722952755e-05}
2026-08-12 11:31:39 [INFO] voice.audio.level {'level': 5.10741180429856e-05}
2026-08-12 11:31:39 [INFO] voice.audio.level {'level': 4.355615601525642e-05}
2026-08-12 11:31:39 [INFO] voice.audio.level {'level': 4.9574758425781816e-05}
2026-08-12 11:31:39 [INFO] voice.audio.level {'level': 5.273549807801222e-05}
2026-08-12 11:31:39 [INFO] voice.audio.level {'level': 4.979171838688975e-05}
2026-08-12 11:31:39 [INFO] voice.audio.level {'level': 4.979171838688975e-05}
2026-08-12 11:31:39 [INFO] voice.audio.level {'level': 4.847540367336478e-05}
2026-08-12 11:31:39 [INFO] voice.audio.level {'level': 4.477644930981721e-05}
2026-08-12 11:31:39 [INFO] voice.audio.level {'level': 5.0007735505156844e-05}
2026-08-12 11:31:39 [INFO] voice.audio.level {'level': 4.6198277535343855e-05}
2026-08-12 11:31:39 [INFO] voice.audio.level {'level': 4.780365694993331e-05}
2026-08-12 11:31:39 [INFO] voice.audio.level {'level': 4.9574758425781816e-05}
2026-08-12 11:31:39 [INFO] voice.audio.level {'level': 5.1703391363844275e-05}
2026-08-12 11:31:39 [INFO] voice.audio.level {'level': 4.9574758425781816e-05}
2026-08-12 11:31:39 [INFO] voice.audio.level {'level': 5.0222824938828126e-05}
2026-08-12 11:31:39 [INFO] voice.audio.level {'level': 4.572924808599055e-05}
2026-08-12 11:31:39 [INFO] voice.audio.level {'level': 4.666259277049297e-05}
2026-08-12 11:31:40 [INFO] voice.audio.level {'level': 5.10741180429856e-05}
2026-08-12 11:31:40 [INFO] voice.audio.level {'level': 4.355615601525642e-05}
2026-08-12 11:31:40 [INFO] voice.audio.level {'level': 5.065026016382035e-05}
2026-08-12 11:31:40 [INFO] voice.audio.level {'level': 5.149448649414505e-05}
2026-08-12 11:31:40 [INFO] voice.audio.level {'level': 4.9574758425781816e-05}
2026-08-12 11:31:40 [INFO] voice.audio.level {'level': 5.043699578285062e-05}
2026-08-12 11:31:40 [INFO] voice.audio.level {'level': 4.8252525933397315e-05}
2026-08-12 11:31:40 [INFO] voice.audio.level {'level': 4.596436156134587e-05}
2026-08-12 11:31:40 [INFO] voice.audio.level {'level': 4.8252525933397315e-05}
2026-08-12 11:31:40 [INFO] voice.audio.level {'level': 4.7350531531265005e-05}
2026-08-12 11:31:40 [INFO] voice.audio.level {'level': 4.869726277926627e-05}
2026-08-12 11:31:40 [INFO] voice.audio.level {'level': 4.891811234604878e-05}
2026-08-12 11:31:40 [INFO] voice.audio.level {'level': 5.10741180429856e-05}
2026-08-12 11:31:40 [INFO] voice.audio.level {'level': 4.9574758425781816e-05}
2026-08-12 11:31:40 [INFO] voice.audio.level {'level': 5.0007735505156844e-05}
2026-08-12 11:31:40 [INFO] voice.audio.level {'level': 4.689302841143217e-05}
2026-08-12 11:31:40 [INFO] voice.listening.stop
2026-08-12 11:31:55 [INFO] module.enabled {'module': 'Voice'}
2026-08-12 11:31:55 [INFO] voice.listening.start
2026-08-12 11:31:55 [INFO] voice.audio.level {'level': 4.8252525933397315e-05}
2026-08-12 11:31:55 [INFO] voice.audio.level {'level': 4.7350531531265005e-05}
2026-08-12 11:31:55 [INFO] voice.audio.level {'level': 4.869726277926627e-05}
2026-08-12 11:31:55 [INFO] voice.audio.level {'level': 4.891811234604878e-05}
2026-08-12 11:31:55 [INFO] voice.audio.level {'level': 5.10741180429856e-05}
2026-08-12 11:31:55 [INFO] voice.audio.level {'level': 0.0003365208006774386}
2026-08-12 11:31:55 [INFO] voice.audio.level {'level': 0.0005374377845631292}
2026-08-12 11:31:55 [INFO] voice.audio.level {'level': 0.0002068135654553771}
2026-08-12 11:31:55 [INFO] voice.audio.level {'level': 0.0001801260198893336}
2026-08-12 11:31:55 [INFO] voice.audio.level {'level': 0.00010235906908443819}
2026-08-12 11:31:55 [INFO] voice.audio.level {'level': 6.949157977942377e-05}
2026-08-12 11:31:55 [INFO] voice.audio.level {'level': 5.128473276272416e-05}
2026-08-12 11:31:55 [INFO] voice.audio.level {'level': 5.648576916428283e-05}
2026-08-12 11:31:55 [INFO] voice.audio.level {'level': 5.3345174819696695e-05}
2026-08-12 11:31:55 [INFO] voice.audio.level {'level': 0.0018190947594121099}
2026-08-12 11:31:55 [INFO] voice.audio.level {'level': 0.0031888341375937066}
2026-08-12 11:31:55 [INFO] voice.audio.level {'level': 0.0009900264558382332}
2026-08-12 11:31:55 [INFO] voice.audio.level {'level': 0.0010903778214318058}
2026-08-12 11:31:55 [INFO] voice.audio.level {'level': 0.046502615635593735}
2026-08-12 11:31:55 [INFO] voice.audio.level {'level': 0.38842101891835534}
2026-08-12 11:31:55 [INFO] voice.audio.level {'level': 0.3837858885526657}
2026-08-12 11:31:55 [INFO] voice.audio.level {'level': 0.39275045196215314}
2026-08-12 11:31:56 [INFO] voice.audio.level {'level': 0.43534388144811}
2026-08-12 11:31:56 [INFO] voice.audio.level {'level': 0.5077460408210754}
2026-08-12 11:31:56 [INFO] voice.audio.level {'level': 0.5992747843265533}
2026-08-12 11:31:56 [INFO] voice.audio.level {'level': 0.5726587772369385}
2026-08-12 11:31:56 [INFO] voice.audio.level {'level': 0.6880748768647512}
2026-08-12 11:31:56 [INFO] voice.audio.level {'level': 0.7717727621396383}
2026-08-12 11:31:56 [INFO] voice.audio.level {'level': 0.691264271736145}
2026-08-12 11:31:56 [INFO] voice.audio.level {'level': 0.5665724972883861}
2026-08-12 11:31:56 [INFO] voice.audio.level {'level': 0.4130713144938151}
2026-08-12 11:31:56 [INFO] voice.audio.level {'level': 0.476740300655365}
2026-08-12 11:31:56 [INFO] voice.audio.level {'level': 0.6015371282895406}
2026-08-12 11:31:56 [INFO] voice.audio.level {'level': 0.6734196841716766}
2026-08-12 11:31:56 [INFO] voice.audio.level {'level': 0.5977193017800649}
2026-08-12 11:31:56 [INFO] voice.audio.level {'level': 0.4808623095353445}
2026-08-12 11:31:56 [INFO] voice.audio.level {'level': 0.41579430301984155}
2026-08-12 11:31:56 [INFO] voice.audio.level {'level': 0.6600555280844371}
2026-08-12 11:31:56 [INFO] voice.audio.level {'level': 0.7492125531037649}
2026-08-12 11:31:56 [INFO] voice.audio.level {'level': 0.7058325906594595}
2026-08-12 11:31:56 [INFO] voice.audio.level {'level': 0.6546781460444133}
2026-08-12 11:31:56 [INFO] voice.audio.level {'level': 0.681220938762029}
2026-08-12 11:31:56 [INFO] voice.audio.level {'level': 0.6515657405058544}
2026-08-12 11:31:56 [INFO] voice.audio.level {'level': 0.4873613516489665}
2026-08-12 11:31:56 [INFO] voice.audio.level {'level': 0.40211014449596405}
2026-08-12 11:31:56 [INFO] voice.audio.level {'level': 0.2762666096289953}
2026-08-12 11:31:56 [INFO] voice.audio.level {'level': 0.21613736947377524}
2026-08-12 11:31:56 [INFO] voice.audio.level {'level': 0.13840645551681519}
2026-08-12 11:31:56 [INFO] voice.audio.level {'level': 0.09623263652125995}
2026-08-12 11:31:56 [INFO] voice.audio.level {'level': 0.09281168381373088}
2026-08-12 11:31:56 [INFO] voice.audio.level {'level': 0.09000921001036963}
2026-08-12 11:31:56 [INFO] voice.audio.level {'level': 0.02004091317454974}
2026-08-12 11:31:56 [INFO] voice.audio.level {'level': 0.0030392637321104607}
2026-08-12 11:31:56 [INFO] voice.audio.level {'level': 0.001804918865673244}
2026-08-12 11:31:56 [INFO] voice.audio.level {'level': 0.0010842412787800035}
2026-08-12 11:31:56 [INFO] voice.audio.level {'level': 0.0008701325471823415}
2026-08-12 11:31:57 [INFO] voice.audio.level {'level': 0.0004415343088718752}
2026-08-12 11:31:57 [INFO] voice.audio.level {'level': 0.0014648967771790922}
2026-08-12 11:31:57 [INFO] voice.audio.level {'level': 0.022776975917319458}
2026-08-12 11:31:57 [INFO] voice.audio.level {'level': 0.07657589390873909}
2026-08-12 11:31:57 [INFO] voice.audio.level {'level': 0.18626004457473755}
2026-08-12 11:31:57 [INFO] voice.audio.level {'level': 0.3417787204186122}
2026-08-12 11:31:57 [INFO] voice.audio.level {'level': 0.7003103196620941}
2026-08-12 11:31:57 [INFO] voice.audio.level {'level': 0.8329068124294281}
2026-08-12 11:31:57 [INFO] voice.audio.level {'level': 0.9230067332585653}
2026-08-12 11:31:57 [INFO] voice.audio.level {'level': 1.0}
2026-08-12 11:31:57 [INFO] voice.audio.level {'level': 1.0}
2026-08-12 11:31:57 [INFO] voice.audio.level {'level': 1.0}
2026-08-12 11:31:57 [INFO] voice.audio.level {'level': 1.0}
2026-08-12 11:31:57 [INFO] voice.audio.level {'level': 1.0}
2026-08-12 11:31:57 [INFO] voice.audio.level {'level': 0.9643438458442688}
2026-08-12 11:31:57 [INFO] voice.audio.level {'level': 0.8903800447781881}
2026-08-12 11:31:57 [INFO] voice.audio.level {'level': 0.48834259311358136}
2026-08-12 11:31:57 [INFO] voice.audio.level {'level': 0.5912300944328308}
2026-08-12 11:31:57 [INFO] voice.audio.level {'level': 0.9702922900517782}
2026-08-12 11:31:57 [INFO] voice.audio.level {'level': 0.9110977252324423}
2026-08-12 11:31:57 [INFO] voice.audio.level {'level': 0.8747627337773641}
2026-08-12 11:31:57 [INFO] voice.audio.level {'level': 0.8954899509747823}
2026-08-12 11:31:57 [INFO] voice.audio.level {'level': 0.8588524659474691}
2026-08-12 11:31:57 [INFO] voice.audio.level {'level': 0.6970182061195374}
2026-08-12 11:31:57 [INFO] voice.audio.level {'level': 0.42262474695841473}
2026-08-12 11:31:57 [INFO] voice.audio.level {'level': 0.06982467447717985}
2026-08-12 11:31:57 [INFO] voice.audio.level {'level': 0.18232131997744244}
2026-08-12 11:31:57 [INFO] voice.audio.level {'level': 0.5349625150362651}
2026-08-12 11:31:57 [INFO] voice.audio.level {'level': 0.3786557912826538}
2026-08-12 11:31:57 [INFO] voice.audio.level {'level': 0.2782154828310013}
2026-08-12 11:31:57 [INFO] voice.audio.level {'level': 0.17242401838302612}
2026-08-12 11:31:57 [INFO] voice.audio.level {'level': 0.11049980918566386}
2026-08-12 11:31:57 [INFO] voice.audio.level {'level': 0.1552562415599823}
2026-08-12 11:31:58 [INFO] voice.audio.level {'level': 0.33991366624832153}
2026-08-12 11:31:58 [INFO] voice.audio.level {'level': 0.47687833507855737}
2026-08-12 11:31:58 [INFO] voice.audio.level {'level': 0.5011419951915741}
2026-08-12 11:31:58 [INFO] voice.audio.level {'level': 0.499565452337265}
2026-08-12 11:31:58 [INFO] voice.audio.level {'level': 0.5768330891927084}
2026-08-12 11:31:58 [INFO] voice.audio.level {'level': 0.4008907576402029}
2026-08-12 11:31:58 [INFO] voice.audio.level {'level': 0.03519412440558275}
2026-08-12 11:31:58 [INFO] voice.audio.level {'level': 0.08081587652365367}
2026-08-12 11:31:58 [INFO] voice.audio.level {'level': 0.01699489075690508}
2026-08-12 11:31:58 [INFO] voice.audio.level {'level': 0.18083035945892334}
2026-08-12 11:31:58 [INFO] voice.audio.level {'level': 0.3015094747145971}
2026-08-12 11:31:58 [INFO] voice.audio.level {'level': 0.26057615876197815}
2026-08-12 11:31:58 [INFO] voice.audio.level {'level': 0.2598441392183304}
2026-08-12 11:31:58 [INFO] voice.audio.level {'level': 0.1330827797452609}
2026-08-12 11:31:58 [INFO] voice.audio.level {'level': 0.017271554097533226}
2026-08-12 11:31:58 [INFO] voice.audio.level {'level': 0.010923401763041815}
2026-08-12 11:31:58 [INFO] voice.audio.level {'level': 0.07644074658552806}
2026-08-12 11:31:58 [INFO] voice.audio.level {'level': 0.2602524061997732}
2026-08-12 11:31:58 [INFO] voice.audio.level {'level': 0.22550766666730246}
2026-08-12 11:31:58 [INFO] voice.audio.level {'level': 0.09493061030904452}
2026-08-12 11:31:58 [INFO] voice.audio.level {'level': 0.041967195769151054}
2026-08-12 11:31:58 [INFO] voice.audio.level {'level': 0.032703985149661705}
2026-08-12 11:31:58 [INFO] voice.audio.level {'level': 0.02153522800654173}
2026-08-12 11:31:58 [INFO] voice.audio.level {'level': 0.0037848087958991528}
2026-08-12 11:31:58 [INFO] voice.audio.level {'level': 0.0014513610706975064}
2026-08-12 11:31:58 [INFO] voice.listening.stop
2026-08-12 11:32:00 [INFO] module.enabled {'module': 'Voice'}
2026-08-12 11:32:00 [INFO] voice.listening.start
2026-08-12 11:32:00 [INFO] voice.audio.level {'level': 0.0002595987947036823}
2026-08-12 11:32:00 [INFO] voice.audio.level {'level': 0.0014782355477412543}
2026-08-12 11:32:00 [INFO] voice.audio.level {'level': 0.0010018131191221378}
2026-08-12 11:32:00 [INFO] voice.audio.level {'level': 0.00039112448575906456}
2026-08-12 11:32:00 [INFO] voice.audio.level {'level': 0.0002619137376314029}
2026-08-12 11:32:00 [INFO] voice.audio.level {'level': 0.003333698259666562}
2026-08-12 11:32:00 [INFO] voice.audio.level {'level': 5.0007735505156844e-05}
2026-08-12 11:32:00 [INFO] voice.audio.level {'level': 4.689302841143217e-05}
2026-08-12 11:32:00 [INFO] voice.audio.level {'level': 4.596436156134587e-05}
2026-08-12 11:32:00 [INFO] voice.audio.level {'level': 5.0862630208333336e-05}
2026-08-12 11:32:00 [INFO] voice.audio.level {'level': 4.355615601525642e-05}
2026-08-12 11:32:00 [INFO] voice.audio.level {'level': 5.043699578285062e-05}
2026-08-12 11:32:00 [INFO] voice.audio.level {'level': 5.1703391363844275e-05}
2026-08-12 11:32:00 [INFO] voice.audio.level {'level': 4.935684652688603e-05}
2026-08-12 11:32:00 [INFO] voice.audio.level {'level': 5.0862630208333336e-05}
2026-08-12 11:32:01 [INFO] voice.audio.level {'level': 0.21686077117919922}
2026-08-12 11:32:01 [INFO] voice.audio.level {'level': 0.4084638754526774}
2026-08-12 11:32:01 [INFO] voice.audio.level {'level': 0.4368537167708079}
2026-08-12 11:32:01 [INFO] voice.audio.level {'level': 0.4342743257681529}
2026-08-12 11:32:01 [INFO] voice.audio.level {'level': 0.3488469123840332}
2026-08-12 11:32:01 [INFO] voice.audio.level {'level': 0.28970611592133844}
2026-08-12 11:32:01 [INFO] voice.audio.level {'level': 0.24233072996139526}
2026-08-12 11:32:01 [INFO] voice.audio.level {'level': 0.22923608620961508}
2026-08-12 11:32:01 [INFO] voice.audio.level {'level': 0.4070562620957693}
2026-08-12 11:32:01 [INFO] voice.audio.level {'level': 0.5833409229914348}
2026-08-12 11:32:01 [INFO] voice.audio.level {'level': 0.6549513836701711}
2026-08-12 11:32:01 [INFO] voice.audio.level {'level': 0.6290684640407562}
2026-08-12 11:32:01 [INFO] voice.audio.level {'level': 0.6049333016077678}
2026-08-12 11:32:01 [INFO] voice.audio.level {'level': 0.573330322901408}
2026-08-12 11:32:01 [INFO] voice.audio.level {'level': 0.609451433022817}
2026-08-12 11:32:01 [INFO] voice.audio.level {'level': 0.6449323892593384}
2026-08-12 11:32:01 [INFO] voice.audio.level {'level': 0.6837325294812521}
2026-08-12 11:32:01 [INFO] voice.audio.level {'level': 0.699554185072581}
2026-08-12 11:32:01 [INFO] voice.audio.level {'level': 0.6935910383860271}
2026-08-12 11:32:01 [INFO] voice.audio.level {'level': 0.653623640537262}
2026-08-12 11:32:01 [INFO] voice.audio.level {'level': 0.6702190140883129}
2026-08-12 11:32:01 [INFO] voice.audio.level {'level': 0.6373158593972524}
2026-08-12 11:32:01 [INFO] voice.audio.level {'level': 0.6156824032465618}
2026-08-12 11:32:01 [INFO] voice.audio.level {'level': 0.6614095469315847}
2026-08-12 11:32:01 [INFO] voice.audio.level {'level': 0.6696118911107382}
2026-08-12 11:32:01 [INFO] voice.audio.level {'level': 0.6505542000134786}
2026-08-12 11:32:01 [INFO] voice.audio.level {'level': 0.629543165365855}
2026-08-12 11:32:01 [INFO] voice.audio.level {'level': 0.6025872131188711}
2026-08-12 11:32:01 [INFO] voice.audio.level {'level': 0.5652476350466411}
2026-08-12 11:32:01 [INFO] voice.audio.level {'level': 0.5205715199311575}
2026-08-12 11:32:01 [INFO] voice.audio.level {'level': 0.5104775230089824}
2026-08-12 11:32:01 [INFO] voice.audio.level {'level': 0.5078128476937612}
2026-08-12 11:32:01 [INFO] voice.audio.level {'level': 0.48455451925595605}
2026-08-12 11:32:02 [INFO] voice.audio.level {'level': 0.4476505517959595}
2026-08-12 11:32:02 [INFO] voice.audio.level {'level': 0.40861298640569055}
2026-08-12 11:32:02 [INFO] voice.audio.level {'level': 0.37131860852241516}
2026-08-12 11:32:02 [INFO] voice.audio.level {'level': 0.3358536958694458}
2026-08-12 11:32:02 [INFO] voice.audio.level {'level': 0.33895231783390045}
2026-08-12 11:32:02 [INFO] voice.audio.level {'level': 0.3399764249722163}
2026-08-12 11:32:02 [INFO] voice.audio.level {'level': 0.3275036563475927}
2026-08-12 11:32:02 [INFO] voice.audio.level {'level': 0.33222317695617676}
2026-08-12 11:32:02 [INFO] voice.audio.level {'level': 0.30531023939450586}
2026-08-12 11:32:02 [INFO] voice.audio.level {'level': 0.2762964616219203}
2026-08-12 11:32:02 [INFO] voice.audio.level {'level': 0.2403402328491211}
2026-08-12 11:32:02 [INFO] voice.audio.level {'level': 0.20175907760858536}
2026-08-12 11:32:02 [INFO] voice.audio.level {'level': 0.1674241696794828}
2026-08-12 11:32:02 [INFO] voice.audio.level {'level': 0.14562464008728665}
2026-08-12 11:32:02 [INFO] voice.audio.level {'level': 0.12072132279475531}
2026-08-12 11:32:02 [INFO] voice.audio.level {'level': 0.059898135562737785}
2026-08-12 11:32:02 [INFO] voice.audio.level {'level': 0.01213567719484369}
2026-08-12 11:32:02 [INFO] voice.audio.level {'level': 0.0017756328452378511}
2026-08-12 11:32:02 [INFO] voice.audio.level {'level': 0.0016827064488704007}
2026-08-12 11:32:02 [INFO] voice.audio.level {'level': 0.0007820008613634855}
2026-08-12 11:32:02 [INFO] voice.audio.level {'level': 0.00038794217592415714}
2026-08-12 11:32:02 [INFO] voice.audio.level {'level': 0.00027323381800670177}
2026-08-12 11:32:02 [INFO] voice.audio.level {'level': 0.0008260416022191446}
2026-08-12 11:32:02 [INFO] voice.audio.level {'level': 0.0003847896005026996}
2026-08-12 11:32:02 [INFO] voice.audio.level {'level': 0.0003142594505334273}
2026-08-12 11:32:02 [INFO] voice.audio.level {'level': 0.0007057056063786149}
2026-08-12 11:32:02 [INFO] voice.audio.level {'level': 0.0008886416132251422}
2026-08-12 11:32:02 [INFO] voice.audio.level {'level': 0.0008939387043938041}
2026-08-12 11:32:02 [INFO] voice.audio.level {'level': 0.08925457174579303}
2026-08-12 11:32:02 [INFO] voice.audio.level {'level': 0.22965560356775921}
2026-08-12 11:32:02 [INFO] voice.audio.level {'level': 0.4414510230223338}
2026-08-12 11:32:02 [INFO] voice.audio.level {'level': 0.5551248788833618}
2026-08-12 11:32:02 [INFO] voice.audio.level {'level': 0.5690871675809225}
2026-08-12 11:32:03 [INFO] voice.audio.level {'level': 0.6012650827566783}
2026-08-12 11:32:03 [INFO] voice.audio.level {'level': 0.6778691212336223}
2026-08-12 11:32:03 [INFO] voice.audio.level {'level': 0.5759484072526296}
2026-08-12 11:32:03 [INFO] voice.audio.level {'level': 0.5044953028361003}
2026-08-12 11:32:03 [INFO] voice.audio.level {'level': 0.4382598400115967}
2026-08-12 11:32:03 [INFO] voice.audio.level {'level': 0.34907435377438867}
2026-08-12 11:32:03 [INFO] voice.audio.level {'level': 0.4019223401943843}
2026-08-12 11:32:03 [INFO] voice.audio.level {'level': 0.47966832915941876}
2026-08-12 11:32:03 [INFO] voice.audio.level {'level': 0.5913042525450389}
2026-08-12 11:32:03 [INFO] voice.audio.level {'level': 0.5994356671969097}
2026-08-12 11:32:03 [INFO] voice.audio.level {'level': 0.5823834737141927}
2026-08-12 11:32:03 [INFO] voice.audio.level {'level': 0.5755238234996796}
2026-08-12 11:32:03 [INFO] voice.audio.level {'level': 0.524888684352239}
2026-08-12 11:32:03 [INFO] voice.audio.level {'level': 0.4975836972395579}
2026-08-12 11:32:03 [INFO] voice.audio.level {'level': 0.3137905150651932}
2026-08-12 11:32:03 [INFO] voice.audio.level {'level': 0.1683335875471433}
2026-08-12 11:32:03 [INFO] voice.audio.level {'level': 0.2741120258967082}
2026-08-12 11:32:03 [INFO] voice.audio.level {'level': 0.29223109285036725}
2026-08-12 11:32:03 [INFO] voice.audio.level {'level': 0.26155367493629456}
2026-08-12 11:32:03 [INFO] voice.audio.level {'level': 0.16791950911283493}
2026-08-12 11:32:03 [INFO] voice.audio.level {'level': 0.18395863473415375}
2026-08-12 11:32:03 [INFO] voice.audio.level {'level': 0.39589782555898034}
2026-08-12 11:32:03 [INFO] voice.audio.level {'level': 0.4729969302813212}
2026-08-12 11:32:03 [INFO] voice.audio.level {'level': 0.5341087281703949}
2026-08-12 11:32:03 [INFO] voice.audio.level {'level': 0.4443743824958801}
2026-08-12 11:32:03 [INFO] voice.audio.level {'level': 0.33194611469904584}
2026-08-12 11:32:03 [INFO] voice.audio.level {'level': 0.3866452475388845}
2026-08-12 11:32:03 [INFO] voice.audio.level {'level': 0.3105943650007248}
2026-08-12 11:32:03 [INFO] voice.audio.level {'level': 0.044240839779376984}
2026-08-12 11:32:03 [INFO] voice.audio.level {'level': 0.04907547185818355}
2026-08-12 11:32:03 [INFO] voice.audio.level {'level': 0.12590110301971436}
2026-08-12 11:32:03 [INFO] voice.audio.level {'level': 0.19486927737792334}
2026-08-12 11:32:03 [INFO] voice.audio.level {'level': 0.21282163759072623}
2026-08-12 11:32:04 [INFO] voice.audio.level {'level': 0.21932028234004974}
2026-08-12 11:32:04 [INFO] voice.audio.level {'level': 0.133474866549174}
2026-08-12 11:32:04 [INFO] voice.audio.level {'level': 0.3764742861191432}
2026-08-12 11:32:04 [INFO] voice.audio.level {'level': 0.6857556601365408}
2026-08-12 11:32:04 [INFO] voice.audio.level {'level': 0.7298313577969869}
2026-08-12 11:32:04 [INFO] voice.audio.level {'level': 0.6588602562745413}
2026-08-12 11:32:04 [INFO] voice.audio.level {'level': 0.4804480572541555}
2026-08-12 11:32:04 [INFO] voice.audio.level {'level': 0.17647662510474524}
2026-08-12 11:32:04 [INFO] voice.audio.level {'level': 0.008893831788251799}
2026-08-12 11:32:04 [INFO] voice.audio.level {'level': 0.014122816113134226}
2026-08-12 11:32:04 [INFO] voice.audio.level {'level': 0.04979747657974561}
2026-08-12 11:32:04 [INFO] voice.audio.level {'level': 0.017927844698230427}
2026-08-12 11:32:04 [INFO] voice.audio.level {'level': 0.01221933246900638}
2026-08-12 11:32:04 [INFO] voice.audio.level {'level': 0.008798607935508093}
2026-08-12 11:32:04 [INFO] voice.audio.level {'level': 0.0019925237090016408}
2026-08-12 11:32:04 [INFO] voice.audio.level {'level': 0.000838256673887372}
2026-08-12 11:32:04 [INFO] voice.audio.level {'level': 0.000540936259009565}
2026-08-12 11:32:04 [INFO] voice.audio.level {'level': 0.000446076204146569}
2026-08-12 11:32:04 [INFO] voice.audio.level {'level': 0.0004941359899627666}
2026-08-12 11:32:04 [INFO] voice.audio.level {'level': 0.0005152378677545737}
2026-08-12 11:32:04 [INFO] voice.audio.level {'level': 0.0003890797233907506}
2026-08-12 11:32:04 [INFO] voice.audio.level {'level': 0.0002134817138236637}
2026-08-12 11:32:04 [INFO] voice.audio.level {'level': 0.00022803256191158047}
2026-08-12 11:32:04 [INFO] voice.listening.stop
2026-08-12 11:32:11 [INFO] module.enabled {'module': 'Voice'}
2026-08-12 11:32:11 [INFO] voice.listening.start
2026-08-12 11:32:11 [INFO] voice.audio.level {'level': 4.8252525933397315e-05}
2026-08-12 11:32:11 [INFO] voice.audio.level {'level': 0.00014879674078353372}
2026-08-12 11:32:11 [INFO] voice.audio.level {'level': 0.0012375934359927974}
2026-08-12 11:32:12 [INFO] voice.audio.level {'level': 0.00034813975313833606}
2026-08-12 11:32:12 [INFO] voice.audio.level {'level': 0.00012934184875727323}
2026-08-12 11:32:12 [INFO] voice.audio.level {'level': 5.946071420718606e-05}
2026-08-12 11:32:12 [INFO] voice.audio.level {'level': 6.089370799600147e-05}
2026-08-12 11:32:12 [INFO] voice.audio.level {'level': 0.0008902171005805334}
2026-08-12 11:32:12 [INFO] voice.audio.level {'level': 0.00018584010831546038}
2026-08-12 11:32:12 [INFO] voice.audio.level {'level': 6.871163350297138e-05}
2026-08-12 11:32:12 [INFO] voice.audio.level {'level': 4.802861743276784e-05}
2026-08-12 11:32:12 [INFO] voice.audio.level {'level': 4.979171838688975e-05}
2026-08-12 11:32:12 [INFO] voice.audio.level {'level': 5.1703391363844275e-05}
2026-08-12 11:32:12 [INFO] voice.audio.level {'level': 4.935684652688603e-05}
2026-08-12 11:32:12 [INFO] voice.audio.level {'level': 5.0862630208333336e-05}
2026-08-12 11:32:12 [INFO] voice.audio.level {'level': 4.869726277926627e-05}
2026-08-12 11:32:12 [INFO] voice.audio.level {'level': 4.549291891938386e-05}
2026-08-12 11:32:12 [INFO] voice.audio.level {'level': 4.7350531531265005e-05}
2026-08-12 11:32:12 [INFO] voice.audio.level {'level': 4.847540367336478e-05}
2026-08-12 11:32:12 [INFO] voice.audio.level {'level': 4.780365694993331e-05}
2026-08-12 11:32:12 [INFO] voice.audio.level {'level': 4.913797056360636e-05}
2026-08-12 11:32:12 [INFO] voice.audio.level {'level': 5.065026016382035e-05}
2026-08-12 11:32:12 [INFO] voice.audio.level {'level': 0.031021302565932274}
2026-08-12 11:32:12 [INFO] voice.audio.level {'level': 0.24219264586766562}
2026-08-12 11:32:12 [INFO] voice.audio.level {'level': 0.3180749714374542}
2026-08-12 11:32:12 [INFO] voice.audio.level {'level': 0.4030008614063263}
2026-08-12 11:32:12 [INFO] voice.audio.level {'level': 0.3966936220725378}
2026-08-12 11:32:12 [INFO] voice.audio.level {'level': 0.40480973819891614}
2026-08-12 11:32:12 [INFO] voice.audio.level {'level': 0.4347116748491923}
2026-08-12 11:32:12 [INFO] voice.audio.level {'level': 0.38552691539128625}
2026-08-12 11:32:12 [INFO] voice.audio.level {'level': 0.29854868849118554}
2026-08-12 11:32:12 [INFO] voice.audio.level {'level': 0.07672851905226707}
2026-08-12 11:32:12 [INFO] voice.audio.level {'level': 0.00525094335898757}
2026-08-12 11:32:12 [INFO] voice.audio.level {'level': 0.09634922568996748}
2026-08-12 11:32:12 [INFO] voice.audio.level {'level': 0.031817726170023285}
2026-08-12 11:32:12 [INFO] voice.audio.level {'level': 0.20187282313903174}
2026-08-12 11:32:13 [INFO] voice.audio.level {'level': 0.5556920170783997}
2026-08-12 11:32:13 [INFO] voice.audio.level {'level': 0.4903963704903921}
2026-08-12 11:32:13 [INFO] voice.audio.level {'level': 0.4108539720376333}
2026-08-12 11:32:13 [INFO] voice.audio.level {'level': 0.2958713471889496}
2026-08-12 11:32:13 [INFO] voice.audio.level {'level': 0.16655847430229187}
2026-08-12 11:32:13 [INFO] voice.audio.level {'level': 0.1836238925655683}
2026-08-12 11:32:13 [INFO] voice.audio.level {'level': 0.09167257696390152}
2026-08-12 11:32:13 [INFO] voice.audio.level {'level': 0.08536546801527342}
2026-08-12 11:32:13 [INFO] voice.audio.level {'level': 0.09762412557999293}
2026-08-12 11:32:13 [INFO] voice.audio.level {'level': 0.12676294893026352}
2026-08-12 11:32:13 [INFO] voice.audio.level {'level': 0.35426912208398187}
2026-08-12 11:32:13 [INFO] voice.audio.level {'level': 0.576533724864324}
2026-08-12 11:32:13 [INFO] voice.audio.level {'level': 0.6177860001722972}
2026-08-12 11:32:13 [INFO] voice.audio.level {'level': 0.7117765148480734}
2026-08-12 11:32:13 [INFO] voice.audio.level {'level': 0.7466416557629904}
2026-08-12 11:32:13 [INFO] voice.audio.level {'level': 0.6406381229559581}
2026-08-12 11:32:13 [INFO] voice.audio.level {'level': 0.6368305285771688}
2026-08-12 11:32:13 [INFO] voice.audio.level {'level': 0.5991032222906749}
2026-08-12 11:32:13 [INFO] voice.audio.level {'level': 0.5405320723851522}
2026-08-12 11:32:13 [INFO] voice.audio.level {'level': 0.4845915238062541}
2026-08-12 11:32:13 [INFO] voice.audio.level {'level': 0.3704462697108587}
2026-08-12 11:32:13 [INFO] voice.audio.level {'level': 0.398646742105484}
2026-08-12 11:32:13 [INFO] voice.audio.level {'level': 0.37696701784928643}
2026-08-12 11:32:13 [INFO] voice.audio.level {'level': 0.3807277729113897}
2026-08-12 11:32:13 [INFO] voice.audio.level {'level': 0.3295814742644628}
2026-08-12 11:32:13 [INFO] voice.audio.level {'level': 0.32485825320084893}
2026-08-12 11:32:13 [INFO] voice.audio.level {'level': 0.24693205952644348}
2026-08-12 11:32:13 [INFO] voice.audio.level {'level': 0.1495260869463285}
2026-08-12 11:32:13 [INFO] voice.audio.level {'level': 0.0253569878016909}
2026-08-12 11:32:13 [INFO] voice.audio.level {'level': 0.0023787730606272817}
2026-08-12 11:32:13 [INFO] voice.audio.level {'level': 0.04681034944951534}
2026-08-12 11:32:13 [INFO] voice.audio.level {'level': 0.2325177441040675}
2026-08-12 11:32:13 [INFO] voice.audio.level {'level': 0.4288044571876526}
2026-08-12 11:32:14 [INFO] voice.audio.level {'level': 0.4879063367843628}
2026-08-12 11:32:14 [INFO] voice.audio.level {'level': 0.24248771369457245}
2026-08-12 11:32:14 [INFO] voice.audio.level {'level': 0.0637277401983738}
2026-08-12 11:32:14 [INFO] voice.audio.level {'level': 0.23135637243588766}
2026-08-12 11:32:14 [INFO] voice.audio.level {'level': 0.2221961816151937}
2026-08-12 11:32:14 [INFO] voice.audio.level {'level': 0.13568777590990067}
2026-08-12 11:32:14 [INFO] voice.audio.level {'level': 0.04896277872224649}
2026-08-12 11:32:14 [INFO] voice.audio.level {'level': 0.04900995331505935}
2026-08-12 11:32:14 [INFO] voice.audio.level {'level': 0.36976630489031476}
2026-08-12 11:32:14 [INFO] voice.audio.level {'level': 0.47556057572364807}
2026-08-12 11:32:14 [INFO] voice.audio.level {'level': 0.48319314916928613}
2026-08-12 11:32:14 [INFO] voice.audio.level {'level': 0.46915551026662194}
2026-08-12 11:32:14 [INFO] voice.audio.level {'level': 0.4381429155667623}
2026-08-12 11:32:14 [INFO] voice.audio.level {'level': 0.3369917223850886}
2026-08-12 11:32:14 [INFO] voice.audio.level {'level': 0.0508193268130223}
2026-08-12 11:32:14 [INFO] voice.audio.level {'level': 0.004097602407758435}
2026-08-12 11:32:14 [INFO] voice.audio.level {'level': 0.048416098579764366}
2026-08-12 11:32:14 [INFO] voice.audio.level {'level': 0.5678190290927887}
2026-08-12 11:32:14 [INFO] voice.audio.level {'level': 0.6242425243059795}
2026-08-12 11:32:14 [INFO] voice.audio.level {'level': 0.6611078977584839}
2026-08-12 11:32:14 [INFO] voice.audio.level {'level': 0.4309745132923126}
2026-08-12 11:32:14 [INFO] voice.audio.level {'level': 0.16695227473974228}
2026-08-12 11:32:14 [INFO] voice.audio.level {'level': 0.22542762259642285}
2026-08-12 11:32:14 [INFO] voice.audio.level {'level': 0.1435003181298574}
2026-08-12 11:32:14 [INFO] voice.audio.level {'level': 0.009632266592234373}
2026-08-12 11:32:14 [INFO] voice.audio.level {'level': 0.10671567171812057}
2026-08-12 11:32:14 [INFO] voice.audio.level {'level': 0.25738457838694256}
2026-08-12 11:32:14 [INFO] voice.audio.level {'level': 0.35966239869594574}
2026-08-12 11:32:14 [INFO] voice.audio.level {'level': 0.22739792863527936}
2026-08-12 11:32:14 [INFO] voice.audio.level {'level': 0.24025780459245047}
2026-08-12 11:32:14 [INFO] voice.audio.level {'level': 0.16662004093329114}
2026-08-12 11:32:14 [INFO] voice.audio.level {'level': 0.35996166368325555}
2026-08-12 11:32:14 [INFO] voice.audio.level {'level': 0.5247007310390472}
2026-08-12 11:32:14 [INFO] voice.audio.level {'level': 0.513574630022049}
2026-08-12 11:32:15 [INFO] voice.audio.level {'level': 0.452449768781662}
2026-08-12 11:32:15 [INFO] voice.audio.level {'level': 0.3464906911055247}
2026-08-12 11:32:15 [INFO] voice.audio.level {'level': 0.3336479266484579}
2026-08-12 11:32:15 [INFO] voice.audio.level {'level': 0.2891922990481059}
2026-08-12 11:32:15 [INFO] voice.audio.level {'level': 0.3477939714988073}
2026-08-12 11:32:15 [INFO] voice.audio.level {'level': 0.2947746465603511}
2026-08-12 11:32:15 [INFO] voice.audio.level {'level': 0.26975207030773163}
2026-08-12 11:32:15 [INFO] voice.audio.level {'level': 0.2226197471221288}
2026-08-12 11:32:15 [INFO] voice.audio.level {'level': 0.1731916144490242}
2026-08-12 11:32:15 [INFO] voice.audio.level {'level': 0.1341906562447548}
2026-08-12 11:32:15 [INFO] voice.audio.level {'level': 0.06429414575298628}
2026-08-12 11:32:15 [INFO] voice.audio.level {'level': 0.07175346836447716}
2026-08-12 11:32:15 [INFO] voice.audio.level {'level': 0.07874912271896999}
2026-08-12 11:32:15 [INFO] voice.audio.level {'level': 0.1706043506662051}
2026-08-12 11:32:15 [INFO] voice.audio.level {'level': 0.22581949830055237}
2026-08-12 11:32:15 [INFO] voice.audio.level {'level': 0.25174746910731}
2026-08-12 11:32:15 [INFO] voice.audio.level {'level': 0.045445027450720474}
2026-08-12 11:32:15 [INFO] voice.audio.level {'level': 0.041352019955714546}
2026-08-12 11:32:15 [INFO] voice.audio.level {'level': 0.16844786703586578}
2026-08-12 11:32:15 [INFO] voice.audio.level {'level': 0.35266148547331494}
2026-08-12 11:32:15 [INFO] voice.audio.level {'level': 0.16606349498033524}
2026-08-12 11:32:15 [INFO] voice.audio.level {'level': 0.3538651764392853}
2026-08-12 11:32:15 [INFO] voice.audio.level {'level': 0.29307375351587933}
2026-08-12 11:32:15 [INFO] voice.audio.level {'level': 0.287443275252978}
2026-08-12 11:32:15 [INFO] voice.audio.level {'level': 0.1946269472440084}
2026-08-12 11:32:15 [INFO] voice.audio.level {'level': 0.17761961867411932}
2026-08-12 11:32:15 [INFO] voice.audio.level {'level': 0.1858116313815117}
2026-08-12 11:32:15 [INFO] voice.audio.level {'level': 0.2518699566523234}
2026-08-12 11:32:15 [INFO] voice.audio.level {'level': 0.34787125885486603}
2026-08-12 11:32:15 [INFO] voice.audio.level {'level': 0.3621580948432287}
2026-08-12 11:32:15 [INFO] voice.audio.level {'level': 0.36444075405597687}
2026-08-12 11:32:15 [INFO] voice.audio.level {'level': 0.2374651034673055}
2026-08-12 11:32:15 [INFO] voice.audio.level {'level': 0.2126738429069519}
2026-08-12 11:32:16 [INFO] voice.audio.level {'level': 0.05763751144210498}
2026-08-12 11:32:16 [INFO] voice.audio.level {'level': 0.060826738675435386}
2026-08-12 11:32:16 [INFO] voice.audio.level {'level': 0.029950827981034916}
2026-08-12 11:32:16 [INFO] voice.audio.level {'level': 0.008374690854301056}
2026-08-12 11:32:16 [INFO] voice.audio.level {'level': 0.003235688782297075}
2026-08-12 11:32:16 [INFO] voice.audio.level {'level': 0.0014400952689660094}
2026-08-12 11:32:16 [INFO] voice.audio.level {'level': 0.001353955788848301}
2026-08-12 11:32:16 [INFO] voice.audio.level {'level': 0.0006224354243992518}
2026-08-12 11:32:16 [INFO] voice.audio.level {'level': 0.00048321729991585016}
2026-08-12 11:32:16 [INFO] voice.audio.level {'level': 0.0003433384457215046}
2026-08-12 11:32:16 [INFO] voice.listening.stop
2026-08-12 11:32:22 [INFO] module.enabled {'module': 'Voice'}
2026-08-12 11:32:22 [INFO] voice.listening.start
2026-08-12 11:32:22 [INFO] voice.audio.level {'level': 0.0004991064391409358}
2026-08-12 11:32:22 [INFO] voice.audio.level {'level': 0.0006801153358537704}
2026-08-12 11:32:22 [INFO] voice.audio.level {'level': 0.0004680559504777193}
2026-08-12 11:32:22 [INFO] voice.audio.level {'level': 0.0036940828431397676}
2026-08-12 11:32:22 [INFO] voice.audio.level {'level': 0.000964089510186265}
2026-08-12 11:32:22 [INFO] voice.audio.level {'level': 0.00027488572717023396}
2026-08-12 11:32:22 [INFO] voice.audio.level {'level': 5.0007735505156844e-05}
2026-08-12 11:32:22 [INFO] voice.audio.level {'level': 4.689302841143217e-05}
2026-08-12 11:32:22 [INFO] voice.audio.level {'level': 4.596436156134587e-05}
2026-08-12 11:32:22 [INFO] voice.audio.level {'level': 5.0862630208333336e-05}
2026-08-12 11:32:22 [INFO] voice.audio.level {'level': 4.355615601525642e-05}
2026-08-12 11:32:22 [INFO] voice.audio.level {'level': 5.043699578285062e-05}
2026-08-12 11:32:22 [INFO] voice.audio.level {'level': 5.1703391363844275e-05}
2026-08-12 11:32:22 [INFO] voice.audio.level {'level': 4.935684652688603e-05}
2026-08-12 11:32:23 [INFO] voice.audio.level {'level': 5.0862630208333336e-05}
2026-08-12 11:32:23 [INFO] voice.audio.level {'level': 4.869726277926627e-05}
2026-08-12 11:32:23 [INFO] voice.audio.level {'level': 4.549291891938386e-05}
2026-08-12 11:32:23 [INFO] voice.audio.level {'level': 4.7350531531265005e-05}
2026-08-12 11:32:23 [INFO] voice.audio.level {'level': 4.847540367336478e-05}
2026-08-12 11:32:23 [INFO] voice.audio.level {'level': 4.780365694993331e-05}
2026-08-12 11:32:23 [INFO] voice.audio.level {'level': 4.913797056360636e-05}
2026-08-12 11:32:23 [INFO] voice.audio.level {'level': 5.065026016382035e-05}
2026-08-12 11:32:23 [INFO] voice.audio.level {'level': 5.0222824938828126e-05}
2026-08-12 11:32:23 [INFO] voice.audio.level {'level': 5.065026016382035e-05}
2026-08-12 11:32:23 [INFO] voice.audio.level {'level': 4.596436156134587e-05}
2026-08-12 11:32:23 [INFO] voice.audio.level {'level': 4.572924808599055e-05}
2026-08-12 11:32:23 [INFO] voice.audio.level {'level': 0.0016966962721198797}
2026-08-12 11:32:23 [INFO] voice.audio.level {'level': 0.18113271643718085}
2026-08-12 11:32:23 [INFO] voice.audio.level {'level': 0.25891455511252087}
2026-08-12 11:32:23 [INFO] voice.audio.level {'level': 0.34926553567250573}
2026-08-12 11:32:23 [INFO] voice.audio.level {'level': 0.4349245627721151}
2026-08-12 11:32:23 [INFO] voice.audio.level {'level': 0.47149782379468286}
2026-08-12 11:32:23 [INFO] voice.audio.level {'level': 0.48026899496714276}
2026-08-12 11:32:23 [INFO] voice.audio.level {'level': 0.5238966643810272}
2026-08-12 11:32:23 [INFO] voice.audio.level {'level': 0.5910411973794302}
2026-08-12 11:32:23 [INFO] voice.audio.level {'level': 0.547391672929128}
2026-08-12 11:32:23 [INFO] voice.audio.level {'level': 0.5426764984925588}
2026-08-12 11:32:23 [INFO] voice.audio.level {'level': 0.52715336283048}
2026-08-12 11:32:23 [INFO] voice.audio.level {'level': 0.4689035813013713}
2026-08-12 11:32:23 [INFO] voice.audio.level {'level': 0.42275259892145794}
2026-08-12 11:32:23 [INFO] voice.audio.level {'level': 0.3768905500570933}
2026-08-12 11:32:23 [INFO] voice.audio.level {'level': 0.3489946822325389}
2026-08-12 11:32:23 [INFO] voice.audio.level {'level': 0.32132014632225037}
2026-08-12 11:32:23 [INFO] voice.audio.level {'level': 0.33989856640497845}
2026-08-12 11:32:23 [INFO] voice.audio.level {'level': 0.3142022341489792}
2026-08-12 11:32:23 [INFO] voice.audio.level {'level': 0.28214087088902795}
2026-08-12 11:32:23 [INFO] voice.audio.level {'level': 0.232155645887057}
2026-08-12 11:32:24 [INFO] voice.audio.level {'level': 0.21678773065408072}
2026-08-12 11:32:24 [INFO] voice.listening.stop
2026-08-12 11:39:32 [INFO] module.loaded {'module': 'AI'}
2026-08-12 11:39:32 [INFO] module.enabled {'module': 'AI'}
2026-08-12 11:39:32 [INFO] module.loaded {'module': 'Voice'}
2026-08-12 11:39:32 [INFO] module.enabled {'module': 'Voice'}
2026-08-12 11:39:33 [INFO] ui.updated {'page': 'Dashboard'}
2026-08-12 11:39:33 [INFO] app.started
2026-08-12 11:39:39 [INFO] ui.updated {'page': 'Voice'}
2026-08-12 11:40:17 [INFO] module.enabled {'module': 'Voice'}
2026-08-12 11:40:17 [INFO] voice.listening.start
2026-08-12 11:40:17 [INFO] voice.audio.level {'level': 4.8252525933397315e-05}
2026-08-12 11:40:17 [INFO] voice.audio.level {'level': 4.7350531531265005e-05}
2026-08-12 11:40:17 [INFO] voice.audio.level {'level': 4.869726277926627e-05}
2026-08-12 11:40:17 [INFO] voice.audio.level {'level': 4.891811234604878e-05}
2026-08-12 11:40:17 [INFO] voice.audio.level {'level': 5.10741180429856e-05}
2026-08-12 11:40:17 [INFO] voice.audio.level {'level': 4.9574758425781816e-05}
2026-08-12 11:40:17 [INFO] voice.audio.level {'level': 5.0007735505156844e-05}
2026-08-12 11:40:17 [INFO] voice.audio.level {'level': 4.689302841143217e-05}
2026-08-12 11:40:17 [INFO] voice.audio.level {'level': 4.596436156134587e-05}
2026-08-12 11:40:17 [INFO] voice.audio.level {'level': 5.0862630208333336e-05}
2026-08-12 11:40:17 [INFO] voice.audio.level {'level': 4.355615601525642e-05}
2026-08-12 11:40:17 [INFO] voice.audio.level {'level': 5.043699578285062e-05}
2026-08-12 11:40:17 [INFO] voice.audio.level {'level': 5.1703391363844275e-05}
2026-08-12 11:40:17 [INFO] voice.audio.level {'level': 4.935684652688603e-05}
2026-08-12 11:40:17 [INFO] voice.audio.level {'level': 5.0862630208333336e-05}
2026-08-12 11:40:17 [INFO] voice.audio.level {'level': 4.869726277926627e-05}
2026-08-12 11:40:17 [INFO] voice.audio.level {'level': 4.549291891938386e-05}
2026-08-12 11:40:17 [INFO] voice.audio.level {'level': 4.7350531531265005e-05}
2026-08-12 11:40:17 [INFO] voice.audio.level {'level': 4.847540367336478e-05}
2026-08-12 11:40:17 [INFO] voice.audio.level {'level': 4.780365694993331e-05}
2026-08-12 11:40:17 [INFO] voice.audio.level {'level': 4.913797056360636e-05}
2026-08-12 11:40:17 [INFO] voice.audio.level {'level': 5.065026016382035e-05}
2026-08-12 11:40:17 [INFO] voice.audio.level {'level': 5.0222824938828126e-05}
2026-08-12 11:40:18 [INFO] voice.audio.level {'level': 5.065026016382035e-05}
2026-08-12 11:40:18 [INFO] voice.audio.level {'level': 4.596436156134587e-05}
2026-08-12 11:40:18 [INFO] voice.audio.level {'level': 4.572924808599055e-05}
2026-08-12 11:40:18 [INFO] voice.audio.level {'level': 5.149448649414505e-05}
2026-08-12 11:40:18 [INFO] voice.audio.level {'level': 4.429236772314956e-05}
2026-08-12 11:40:18 [INFO] voice.audio.level {'level': 4.979171838688975e-05}
2026-08-12 11:40:18 [INFO] voice.audio.level {'level': 5.149448649414505e-05}
2026-08-12 11:40:18 [INFO] voice.audio.level {'level': 4.935684652688603e-05}
2026-08-12 11:40:18 [INFO] voice.audio.level {'level': 5.149448649414505e-05}
2026-08-12 11:40:18 [INFO] voice.audio.level {'level': 4.8252525933397315e-05}
2026-08-12 11:40:18 [INFO] voice.audio.level {'level': 4.4535066384317666e-05}
2026-08-12 11:40:18 [INFO] voice.audio.level {'level': 4.802861743276784e-05}
2026-08-12 11:40:18 [INFO] voice.audio.level {'level': 4.891811234604878e-05}
2026-08-12 11:40:18 [INFO] voice.audio.level {'level': 4.8252525933397315e-05}
2026-08-12 11:40:18 [INFO] voice.audio.level {'level': 4.891811234604878e-05}
2026-08-12 11:40:18 [INFO] voice.audio.level {'level': 5.0862630208333336e-05}
2026-08-12 11:40:18 [INFO] voice.audio.level {'level': 4.979171838688975e-05}
2026-08-12 11:40:18 [INFO] voice.audio.level {'level': 5.0222824938828126e-05}
2026-08-12 11:40:18 [INFO] voice.audio.level {'level': 4.689302841143217e-05}
2026-08-12 11:40:18 [INFO] voice.audio.level {'level': 4.525535890328077e-05}
2026-08-12 11:40:18 [INFO] voice.audio.level {'level': 5.149448649414505e-05}
2026-08-12 11:40:18 [INFO] voice.audio.level {'level': 4.429236772314956e-05}
2026-08-12 11:40:18 [INFO] voice.audio.level {'level': 4.935684652688603e-05}
2026-08-12 11:40:18 [INFO] voice.listening.stop
2026-08-12 11:40:21 [INFO] module.enabled {'module': 'Voice'}
2026-08-12 11:40:21 [INFO] voice.listening.start
2026-08-12 11:40:21 [INFO] voice.audio.level {'level': 4.8252525933397315e-05}
2026-08-12 11:40:21 [INFO] voice.audio.level {'level': 4.8252525933397315e-05}
2026-08-12 11:40:21 [INFO] voice.audio.level {'level': 4.869726277926627e-05}
2026-08-12 11:40:21 [INFO] voice.audio.level {'level': 4.891811234604878e-05}
2026-08-12 11:40:21 [INFO] voice.audio.level {'level': 5.10741180429856e-05}
2026-08-12 11:40:21 [INFO] voice.audio.level {'level': 4.9574758425781816e-05}
2026-08-12 11:40:21 [INFO] voice.audio.level {'level': 5.0007735505156844e-05}
2026-08-12 11:40:21 [INFO] voice.audio.level {'level': 4.689302841143217e-05}
2026-08-12 11:40:21 [INFO] voice.audio.level {'level': 4.596436156134587e-05}
2026-08-12 11:40:21 [INFO] voice.audio.level {'level': 5.0862630208333336e-05}
2026-08-12 11:40:21 [INFO] voice.audio.level {'level': 4.355615601525642e-05}
2026-08-12 11:40:21 [INFO] voice.audio.level {'level': 5.043699578285062e-05}
2026-08-12 11:40:21 [INFO] voice.audio.level {'level': 5.1703391363844275e-05}
2026-08-12 11:40:21 [INFO] voice.audio.level {'level': 4.935684652688603e-05}
2026-08-12 11:40:21 [INFO] voice.audio.level {'level': 5.0862630208333336e-05}
2026-08-12 11:40:21 [INFO] voice.audio.level {'level': 4.869726277926627e-05}
2026-08-12 11:40:21 [INFO] voice.audio.level {'level': 0.00024068111088126898}
2026-08-12 11:40:21 [INFO] voice.speech.start
2026-08-12 11:40:21 [INFO] voice.audio.level {'level': 0.38583452502886456}
2026-08-12 11:40:21 [INFO] voice.audio.level {'level': 0.6249263882637024}
2026-08-12 11:40:21 [INFO] voice.audio.level {'level': 0.6276069581508636}
2026-08-12 11:40:22 [INFO] voice.audio.level {'level': 0.5188523729642233}
2026-08-12 11:40:22 [INFO] voice.audio.level {'level': 0.7790425916512808}
2026-08-12 11:40:22 [INFO] voice.audio.level {'level': 0.7868246237436931}
2026-08-12 11:40:22 [INFO] voice.audio.level {'level': 0.8573327461878459}
2026-08-12 11:40:22 [INFO] voice.audio.level {'level': 0.8989672859509786}
2026-08-12 11:40:22 [INFO] voice.audio.level {'level': 1.0}
2026-08-12 11:40:22 [INFO] voice.audio.level {'level': 0.6969021260738373}
2026-08-12 11:40:22 [INFO] voice.audio.level {'level': 0.5629901587963104}
2026-08-12 11:40:22 [INFO] voice.audio.level {'level': 0.7407056291898092}
2026-08-12 11:40:22 [INFO] voice.audio.level {'level': 0.7207585871219635}
2026-08-12 11:40:22 [INFO] voice.audio.level {'level': 0.7692549626032512}
2026-08-12 11:40:22 [INFO] voice.audio.level {'level': 0.687211553255717}
2026-08-12 11:40:22 [INFO] voice.audio.level {'level': 0.5103321373462677}
2026-08-12 11:40:22 [INFO] voice.audio.level {'level': 0.607802172501882}
2026-08-12 11:40:22 [INFO] voice.audio.level {'level': 0.7254238923390707}
2026-08-12 11:40:22 [INFO] voice.audio.level {'level': 0.7673137883345287}
2026-08-12 11:40:22 [INFO] voice.audio.level {'level': 0.7331273456414541}
2026-08-12 11:40:22 [INFO] voice.audio.level {'level': 0.7641444603602092}
2026-08-12 11:40:22 [INFO] voice.audio.level {'level': 0.703006237745285}
2026-08-12 11:40:22 [INFO] voice.audio.level {'level': 0.6586821873982748}
2026-08-12 11:40:22 [INFO] voice.audio.level {'level': 0.5690837403138479}
2026-08-12 11:40:22 [INFO] voice.audio.level {'level': 0.5030772089958191}
2026-08-12 11:40:22 [INFO] voice.audio.level {'level': 0.4483766357103984}
2026-08-12 11:40:22 [INFO] voice.audio.level {'level': 0.3781293829282125}
2026-08-12 11:40:22 [INFO] voice.audio.level {'level': 0.4117489606142044}
2026-08-12 11:40:22 [INFO] voice.audio.level {'level': 0.5666386087735494}
2026-08-12 11:40:22 [INFO] voice.audio.level {'level': 0.5613441268603008}
2026-08-12 11:40:22 [INFO] voice.audio.level {'level': 0.13994667679071426}
2026-08-12 11:40:22 [INFO] voice.audio.level {'level': 0.023558478181560837}
2026-08-12 11:40:22 [INFO] voice.audio.level {'level': 0.08707389235496521}
2026-08-12 11:40:22 [INFO] voice.audio.level {'level': 0.15377325316270193}
2026-08-12 11:40:22 [INFO] voice.audio.level {'level': 0.12037895619869232}
2026-08-12 11:40:22 [INFO] voice.audio.level {'level': 0.07177804907162985}
2026-08-12 11:40:23 [INFO] voice.audio.level {'level': 0.5240465700626373}
2026-08-12 11:40:23 [INFO] voice.audio.level {'level': 0.615366945664088}
2026-08-12 11:40:23 [INFO] voice.audio.level {'level': 0.654142697652181}
2026-08-12 11:40:23 [INFO] voice.audio.level {'level': 0.697154700756073}
2026-08-12 11:40:23 [INFO] voice.audio.level {'level': 0.6449480851491293}
2026-08-12 11:40:23 [INFO] voice.audio.level {'level': 0.6146704157193502}
2026-08-12 11:40:23 [INFO] voice.audio.level {'level': 0.5009303490320842}
2026-08-12 11:40:23 [INFO] voice.audio.level {'level': 0.41808873414993286}
2026-08-12 11:40:23 [INFO] voice.audio.level {'level': 0.2846033126115799}
2026-08-12 11:40:23 [INFO] voice.audio.level {'level': 0.01683697725335757}
2026-08-12 11:40:23 [INFO] voice.audio.level {'level': 0.003109207609668374}
2026-08-12 11:40:23 [INFO] voice.audio.level {'level': 0.0014330795966088772}
2026-08-12 11:40:23 [INFO] voice.audio.level {'level': 0.000793277674044172}
2026-08-12 11:40:23 [INFO] voice.audio.level {'level': 0.0033583880091706915}
2026-08-12 11:40:23 [INFO] voice.audio.level {'level': 0.12932055940230688}
2026-08-12 11:40:23 [INFO] voice.audio.level {'level': 0.06234036758542061}
2026-08-12 11:40:23 [INFO] voice.audio.level {'level': 0.02951799271007379}
2026-08-12 11:40:23 [INFO] voice.audio.level {'level': 0.02187522128224373}
2026-08-12 11:40:23 [INFO] voice.audio.level {'level': 0.008265390060842037}
2026-08-12 11:40:23 [INFO] voice.audio.level {'level': 0.010582937393337488}
2026-08-12 11:40:23 [INFO] voice.audio.level {'level': 0.005859861072773735}
2026-08-12 11:40:23 [INFO] voice.audio.level {'level': 0.0035052280873060226}
2026-08-12 11:40:23 [INFO] voice.audio.level {'level': 0.0018956766386205952}
2026-08-12 11:40:23 [INFO] voice.audio.level {'level': 0.0017502645884330075}
2026-08-12 11:40:23 [INFO] voice.audio.level {'level': 0.0017954461509361863}
2026-08-12 11:40:23 [INFO] voice.audio.level {'level': 0.0009953796203869085}
2026-08-12 11:40:23 [INFO] voice.audio.level {'level': 0.0009526735326896112}
2026-08-12 11:40:23 [INFO] voice.audio.level {'level': 0.0010976689130378268}
2026-08-12 11:40:23 [INFO] voice.audio.level {'level': 0.004545854947840175}
2026-08-12 11:40:23 [INFO] voice.audio.level {'level': 0.0059458555188030005}
2026-08-12 11:40:23 [INFO] voice.audio.level {'level': 0.004381550631175439}
2026-08-12 11:40:23 [INFO] voice.audio.level {'level': 0.0034145805208633346}
2026-08-12 11:40:23 [INFO] voice.audio.level {'level': 0.0018168772415568433}
2026-08-12 11:40:23 [INFO] voice.audio.level {'level': 0.0011322505694503586}
2026-08-12 11:40:24 [INFO] voice.audio.level {'level': 0.0004316836323899528}
2026-08-12 11:40:24 [INFO] voice.audio.level {'level': 0.0004109603954323878}
2026-08-12 11:40:24 [INFO] voice.audio.level {'level': 0.0005258607173648974}
2026-08-12 11:40:24 [INFO] voice.audio.level {'level': 0.0001562871087420111}
2026-08-12 11:40:24 [INFO] voice.audio.level {'level': 0.00011982441113408035}
2026-08-12 11:40:24 [INFO] voice.audio.level {'level': 0.00010809555533342063}
2026-08-12 11:40:24 [INFO] voice.audio.level {'level': 0.00015166675439104438}
2026-08-12 11:40:24 [INFO] voice.audio.level {'level': 9.639329315784077e-05}
2026-08-12 11:40:24 [INFO] voice.audio.level {'level': 8.20135270866255e-05}
2026-08-12 11:40:24 [INFO] voice.audio.level {'level': 8.674029838099766e-05}
2026-08-12 11:40:24 [INFO] voice.audio.level {'level': 8.357583283213899e-05}
2026-08-12 11:40:24 [INFO] voice.audio.level {'level': 8.292844844011901e-05}
2026-08-12 11:40:24 [INFO] voice.audio.level {'level': 6.696376658510417e-05}
2026-08-12 11:40:24 [INFO] voice.audio.level {'level': 0.00012415413948474452}
2026-08-12 11:40:24 [INFO] voice.audio.level {'level': 9.470106306253001e-05}
2026-08-12 11:40:24 [INFO] voice.audio.level {'level': 0.0002156919314681242}
2026-08-12 11:40:24 [INFO] voice.audio.level {'level': 6.26388646196574e-05}
2026-08-12 11:40:24 [INFO] voice.audio.level {'level': 0.00012450094800442457}
2026-08-12 11:40:24 [INFO] voice.audio.level {'level': 9.332518554098594e-05}
2026-08-12 11:40:24 [INFO] voice.audio.level {'level': 6.071642928873189e-05}
2026-08-12 11:40:24 [INFO] voice.audio.level {'level': 6.615401919892369e-05}
2026-08-12 11:40:24 [INFO] voice.audio.level {'level': 0.0002438402104113872}
2026-08-12 11:40:24 [INFO] voice.audio.level {'level': 0.000203238475175264}
2026-08-12 11:40:24 [INFO] voice.audio.level {'level': 0.0005452432863724729}
2026-08-12 11:40:24 [INFO] voice.audio.level {'level': 0.0008660473395138979}
2026-08-12 11:40:24 [INFO] voice.audio.level {'level': 0.00028051404418268555}
2026-08-12 11:40:24 [INFO] voice.audio.level {'level': 4.8252525933397315e-05}
2026-08-12 11:40:24 [INFO] voice.audio.level {'level': 4.9574758425781816e-05}
2026-08-12 11:40:24 [INFO] voice.audio.level {'level': 5.1703391363844275e-05}
2026-08-12 11:40:24 [INFO] voice.audio.level {'level': 4.9574758425781816e-05}
2026-08-12 11:40:24 [INFO] voice.audio.level {'level': 5.0222824938828126e-05}
2026-08-12 11:40:24 [INFO] voice.audio.level {'level': 4.572924808599055e-05}
2026-08-12 11:40:24 [INFO] voice.audio.level {'level': 4.666259277049297e-05}
2026-08-12 11:40:25 [INFO] voice.audio.level {'level': 5.10741180429856e-05}
2026-08-12 11:40:25 [INFO] voice.audio.level {'level': 4.355615601525642e-05}
2026-08-12 11:40:25 [INFO] voice.audio.level {'level': 5.065026016382035e-05}
2026-08-12 11:40:25 [INFO] voice.audio.level {'level': 5.149448649414505e-05}
2026-08-12 11:40:25 [INFO] voice.audio.level {'level': 4.9574758425781816e-05}
2026-08-12 11:40:25 [INFO] voice.audio.level {'level': 5.043699578285062e-05}
2026-08-12 11:40:25 [INFO] voice.audio.level {'level': 4.8252525933397315e-05}
2026-08-12 11:40:25 [INFO] voice.audio.level {'level': 4.596436156134587e-05}
2026-08-12 11:40:25 [INFO] voice.audio.level {'level': 4.8252525933397315e-05}
2026-08-12 11:40:25 [INFO] voice.audio.level {'level': 4.7350531531265005e-05}
2026-08-12 11:40:25 [INFO] voice.audio.level {'level': 4.869726277926627e-05}
2026-08-12 11:40:25 [INFO] voice.audio.level {'level': 4.891811234604878e-05}
2026-08-12 11:40:25 [INFO] voice.audio.level {'level': 5.10741180429856e-05}
2026-08-12 11:40:25 [INFO] voice.audio.level {'level': 4.9574758425781816e-05}
2026-08-12 11:40:25 [INFO] voice.audio.level {'level': 5.0007735505156844e-05}
2026-08-12 11:40:25 [INFO] voice.audio.level {'level': 4.689302841143217e-05}
2026-08-12 11:40:25 [INFO] voice.stt.error {'error': 'STT transcription error: Library cublas64_12.dll is not found or cannot be loaded'}
2026-08-12 11:40:25 [INFO] voice.audio.level {'level': 4.596436156134587e-05}
2026-08-12 11:40:25 [INFO] voice.audio.level {'level': 5.0862630208333336e-05}
2026-08-12 11:40:25 [INFO] voice.audio.level {'level': 4.355615601525642e-05}
2026-08-12 11:40:25 [INFO] voice.audio.level {'level': 5.043699578285062e-05}
2026-08-12 11:40:25 [INFO] voice.audio.level {'level': 5.1703391363844275e-05}
2026-08-12 11:40:25 [INFO] voice.audio.level {'level': 4.935684652688603e-05}
2026-08-12 11:40:25 [INFO] voice.audio.level {'level': 5.0862630208333336e-05}
2026-08-12 11:40:25 [INFO] voice.audio.level {'level': 4.869726277926627e-05}
2026-08-12 11:40:25 [INFO] voice.audio.level {'level': 4.549291891938386e-05}
2026-08-12 11:40:25 [INFO] voice.audio.level {'level': 4.7350531531265005e-05}
2026-08-12 11:40:25 [INFO] voice.audio.level {'level': 4.847540367336478e-05}
2026-08-12 11:40:25 [INFO] voice.audio.level {'level': 4.780365694993331e-05}
2026-08-12 11:40:25 [INFO] voice.audio.level {'level': 4.913797056360636e-05}
2026-08-12 11:40:25 [INFO] voice.audio.level {'level': 5.065026016382035e-05}
2026-08-12 11:40:25 [INFO] voice.audio.level {'level': 5.0222824938828126e-05}
2026-08-12 11:40:25 [INFO] voice.audio.level {'level': 5.065026016382035e-05}
2026-08-12 11:40:25 [INFO] voice.audio.level {'level': 4.596436156134587e-05}
2026-08-12 11:40:26 [INFO] voice.audio.level {'level': 4.572924808599055e-05}
2026-08-12 11:40:26 [INFO] voice.audio.level {'level': 5.149448649414505e-05}
2026-08-12 11:40:26 [INFO] voice.audio.level {'level': 4.429236772314956e-05}
2026-08-12 11:40:26 [INFO] voice.audio.level {'level': 4.979171838688975e-05}
2026-08-12 11:40:26 [INFO] voice.audio.level {'level': 5.149448649414505e-05}
2026-08-12 11:40:26 [INFO] voice.audio.level {'level': 4.935684652688603e-05}
2026-08-12 11:40:26 [INFO] voice.audio.level {'level': 5.149448649414505e-05}
2026-08-12 11:40:26 [INFO] voice.listening.stop
2026-08-12 11:44:59 [INFO] module.loaded {'module': 'AI'}
2026-08-12 11:44:59 [INFO] module.enabled {'module': 'AI'}
2026-08-12 11:44:59 [INFO] module.loaded {'module': 'Voice'}
2026-08-12 11:44:59 [INFO] module.enabled {'module': 'Voice'}
2026-08-12 11:44:59 [INFO] ui.updated {'page': 'Dashboard'}
2026-08-12 11:44:59 [INFO] app.started
2026-08-12 11:46:01 [INFO] ui.updated {'page': 'Voice'}
2026-08-12 11:46:06 [INFO] module.enabled {'module': 'Voice'}
2026-08-12 11:46:06 [INFO] voice.listening.start
2026-08-12 11:46:06 [INFO] voice.audio.level {'level': 4.8252525933397315e-05}
2026-08-12 11:46:06 [INFO] voice.audio.level {'level': 0.003627397818490863}
2026-08-12 11:46:06 [INFO] voice.audio.level {'level': 0.000908838992472738}
2026-08-12 11:46:06 [INFO] voice.audio.level {'level': 0.00026420840489057207}
2026-08-12 11:46:06 [INFO] voice.audio.level {'level': 0.00010256946552544832}
2026-08-12 11:46:06 [INFO] voice.audio.level {'level': 0.0001006600480953542}
2026-08-12 11:46:06 [INFO] voice.audio.level {'level': 8.37047021680822e-05}
2026-08-12 11:46:06 [INFO] voice.audio.level {'level': 4.9574758425781816e-05}
2026-08-12 11:46:06 [INFO] voice.audio.level {'level': 4.7122336278941176e-05}
2026-08-12 11:46:06 [INFO] voice.audio.level {'level': 5.0862630208333336e-05}
2026-08-12 11:46:06 [INFO] voice.audio.level {'level': 4.847540367336478e-05}
2026-08-12 11:46:06 [INFO] voice.audio.level {'level': 5.043699578285062e-05}
2026-08-12 11:46:06 [INFO] voice.audio.level {'level': 0.00018980009675336382}
2026-08-12 11:46:06 [INFO] voice.audio.level {'level': 8.809665814624168e-05}
2026-08-12 11:46:06 [INFO] voice.audio.level {'level': 0.012134683784097433}
2026-08-12 11:46:06 [INFO] voice.audio.level {'level': 0.07235481714208922}
2026-08-12 11:46:06 [INFO] voice.speech.start
2026-08-12 11:46:06 [INFO] voice.audio.level {'level': 0.08138062432408333}
2026-08-12 11:46:06 [INFO] voice.audio.level {'level': 0.06402939558029175}
2026-08-12 11:46:06 [INFO] voice.audio.level {'level': 0.052447443207105}
2026-08-12 11:46:06 [INFO] voice.audio.level {'level': 0.06249811500310898}
2026-08-12 11:46:06 [INFO] voice.audio.level {'level': 0.10120597978432974}
2026-08-12 11:46:07 [INFO] voice.audio.level {'level': 0.12078884989023209}
2026-08-12 11:46:07 [INFO] voice.audio.level {'level': 0.14154769480228424}
2026-08-12 11:46:07 [INFO] voice.audio.level {'level': 0.1439473032951355}
2026-08-12 11:46:07 [INFO] voice.audio.level {'level': 0.16036519159873328}
2026-08-12 11:46:07 [INFO] voice.audio.level {'level': 0.13222164163986844}
2026-08-12 11:46:07 [INFO] voice.audio.level {'level': 0.19468087702989578}
2026-08-12 11:46:07 [INFO] voice.audio.level {'level': 0.2583360920349757}
2026-08-12 11:46:07 [INFO] voice.audio.level {'level': 0.26535672446091974}
2026-08-12 11:46:07 [INFO] voice.audio.level {'level': 0.27909373243649804}
2026-08-12 11:46:07 [INFO] voice.audio.level {'level': 0.29781267046928406}
2026-08-12 11:46:07 [INFO] voice.audio.level {'level': 0.22213011980056763}
2026-08-12 11:46:07 [INFO] voice.audio.level {'level': 0.15783677498499554}
2026-08-12 11:46:07 [INFO] voice.audio.level {'level': 0.14267483105262121}
2026-08-12 11:46:07 [INFO] voice.audio.level {'level': 0.15235016743342084}
2026-08-12 11:46:07 [INFO] voice.audio.level {'level': 0.15477381646633148}
2026-08-12 11:46:07 [INFO] voice.audio.level {'level': 0.14386498679717383}
2026-08-12 11:46:07 [INFO] voice.audio.level {'level': 0.16168728470802307}
2026-08-12 11:46:07 [INFO] voice.audio.level {'level': 0.15731260180473328}
2026-08-12 11:46:07 [INFO] voice.audio.level {'level': 0.14043480157852173}
2026-08-12 11:46:07 [INFO] voice.audio.level {'level': 0.18678676337003708}
2026-08-12 11:46:07 [INFO] voice.audio.level {'level': 0.17365239560604095}
2026-08-12 11:46:07 [INFO] voice.audio.level {'level': 0.18468769888083142}
2026-08-12 11:46:07 [INFO] voice.audio.level {'level': 0.16167187442382178}
2026-08-12 11:46:07 [INFO] voice.audio.level {'level': 0.13672232627868652}
2026-08-12 11:46:07 [INFO] voice.audio.level {'level': 0.11919298519690832}
2026-08-12 11:46:07 [INFO] voice.audio.level {'level': 0.08919540171821913}
2026-08-12 11:46:07 [INFO] voice.audio.level {'level': 0.11648505926132202}
2026-08-12 11:46:07 [INFO] voice.audio.level {'level': 0.12740898877382278}
2026-08-12 11:46:07 [INFO] voice.audio.level {'level': 0.15722769002119702}
2026-08-12 11:46:07 [INFO] voice.audio.level {'level': 0.16179345548152924}
2026-08-12 11:46:07 [INFO] voice.audio.level {'level': 0.14397924145062765}
2026-08-12 11:46:07 [INFO] voice.audio.level {'level': 0.1840765898426374}
2026-08-12 11:46:07 [INFO] voice.audio.level {'level': 0.21703449388345084}
2026-08-12 11:46:07 [INFO] voice.audio.level {'level': 0.2395553638537725}
2026-08-12 11:46:08 [INFO] voice.audio.level {'level': 0.232921044031779}
2026-08-12 11:46:08 [INFO] voice.audio.level {'level': 0.22329337894916534}
2026-08-12 11:46:08 [INFO] voice.audio.level {'level': 0.17758732040723166}
2026-08-12 11:46:08 [INFO] voice.audio.level {'level': 0.17828083286682767}
2026-08-12 11:46:08 [INFO] voice.audio.level {'level': 0.18840988477071127}
2026-08-12 11:46:08 [INFO] voice.audio.level {'level': 0.1785304273168246}
2026-08-12 11:46:08 [INFO] voice.audio.level {'level': 0.14998725305000943}
2026-08-12 11:46:08 [INFO] voice.audio.level {'level': 0.12396986285845439}
2026-08-12 11:46:08 [INFO] voice.audio.level {'level': 0.13062963883082074}
2026-08-12 11:46:08 [INFO] voice.audio.level {'level': 0.12452900409698486}
2026-08-12 11:46:08 [INFO] voice.audio.level {'level': 0.1319814349214236}
2026-08-12 11:46:08 [INFO] voice.audio.level {'level': 0.11906260003646216}
2026-08-12 11:46:08 [INFO] voice.audio.level {'level': 0.08784255012869835}
2026-08-12 11:46:08 [INFO] voice.audio.level {'level': 0.10106278583407402}
2026-08-12 11:46:08 [INFO] voice.audio.level {'level': 0.11293645948171616}
2026-08-12 11:46:08 [INFO] voice.audio.level {'level': 0.1127531627813975}
2026-08-12 11:46:08 [INFO] voice.audio.level {'level': 0.09864143406351408}
2026-08-12 11:46:08 [INFO] voice.audio.level {'level': 0.07766816765069962}
2026-08-12 11:46:08 [INFO] voice.audio.level {'level': 0.08267049988110861}
2026-08-12 11:46:08 [INFO] voice.audio.level {'level': 0.04234271434446176}
2026-08-12 11:46:08 [INFO] voice.audio.level {'level': 0.2010249843200048}
2026-08-12 11:46:08 [INFO] voice.audio.level {'level': 0.3138797730207443}
2026-08-12 11:46:08 [INFO] voice.audio.level {'level': 0.2925351510445277}
2026-08-12 11:46:08 [INFO] voice.audio.level {'level': 0.159683662156264}
2026-08-12 11:46:08 [INFO] voice.audio.level {'level': 0.12324721862872443}
2026-08-12 11:46:08 [INFO] voice.audio.level {'level': 0.08267132565379143}
2026-08-12 11:46:08 [INFO] voice.audio.level {'level': 0.08535336082180342}
2026-08-12 11:46:08 [INFO] voice.audio.level {'level': 0.37673547863960266}
2026-08-12 11:46:08 [INFO] voice.audio.level {'level': 0.5690973003705343}
2026-08-12 11:46:08 [INFO] voice.audio.level {'level': 0.6761955221494039}
2026-08-12 11:46:08 [INFO] voice.audio.level {'level': 0.6211067736148834}
2026-08-12 11:46:08 [INFO] voice.audio.level {'level': 0.2991010745366415}
2026-08-12 11:46:08 [INFO] voice.audio.level {'level': 0.05764386927088102}
2026-08-12 11:46:09 [INFO] voice.audio.level {'level': 0.005965865372369687}
2026-08-12 11:46:09 [INFO] voice.audio.level {'level': 0.09323849032322566}
2026-08-12 11:46:09 [INFO] voice.audio.level {'level': 0.5258638660113018}
2026-08-12 11:46:09 [INFO] voice.audio.level {'level': 0.6186417738596599}
2026-08-12 11:46:09 [INFO] voice.audio.level {'level': 0.6343782444794973}
2026-08-12 11:46:09 [INFO] voice.audio.level {'level': 0.6235706806182861}
2026-08-12 11:46:09 [INFO] voice.audio.level {'level': 0.5627962946891785}
2026-08-12 11:46:09 [INFO] voice.audio.level {'level': 0.44128085176150006}
2026-08-12 11:46:09 [INFO] voice.audio.level {'level': 0.4661504924297333}
2026-08-12 11:46:09 [INFO] voice.audio.level {'level': 0.5526164670785269}
2026-08-12 11:46:09 [INFO] voice.audio.level {'level': 0.5780242880185446}
2026-08-12 11:46:09 [INFO] voice.audio.level {'level': 0.5546766022841136}
2026-08-12 11:46:09 [INFO] voice.audio.level {'level': 0.47419602672259015}
2026-08-12 11:46:09 [INFO] voice.audio.level {'level': 0.4326954483985901}
2026-08-12 11:46:09 [INFO] voice.audio.level {'level': 0.42287225524584454}
2026-08-12 11:46:09 [INFO] voice.audio.level {'level': 0.44084444642066956}
2026-08-12 11:46:09 [INFO] voice.audio.level {'level': 0.4120203604300817}
2026-08-12 11:46:09 [INFO] voice.audio.level {'level': 0.330422247449557}
2026-08-12 11:46:09 [INFO] voice.audio.level {'level': 0.2984599769115448}
2026-08-12 11:46:09 [INFO] voice.audio.level {'level': 0.22650485237439474}
2026-08-12 11:46:09 [INFO] voice.audio.level {'level': 0.13652914514144263}
2026-08-12 11:46:09 [INFO] voice.audio.level {'level': 0.08918728058536848}
2026-08-12 11:46:09 [INFO] voice.audio.level {'level': 0.07399824137489001}
2026-08-12 11:46:09 [INFO] voice.audio.level {'level': 0.05948067953189214}
2026-08-12 11:46:09 [INFO] voice.audio.level {'level': 0.03651824158926805}
2026-08-12 11:46:09 [INFO] voice.audio.level {'level': 0.023247372979919117}
2026-08-12 11:46:09 [INFO] voice.audio.level {'level': 0.01881535320232312}
2026-08-12 11:46:09 [INFO] voice.audio.level {'level': 0.016144934731225174}
2026-08-12 11:46:09 [INFO] voice.audio.level {'level': 0.00507665992093583}
2026-08-12 11:46:09 [INFO] voice.audio.level {'level': 0.0014081311140519879}
2026-08-12 11:46:09 [INFO] voice.audio.level {'level': 0.0012216210598126054}
2026-08-12 11:46:09 [INFO] voice.audio.level {'level': 0.0004435073545513054}
2026-08-12 11:46:09 [INFO] voice.audio.level {'level': 0.000351896863624764}
2026-08-12 11:46:09 [INFO] voice.audio.level {'level': 0.00018589809769764543}
2026-08-12 11:46:10 [INFO] voice.audio.level {'level': 0.00011297153832856566}
2026-08-12 11:46:10 [INFO] voice.audio.level {'level': 7.727661189467958e-05}
2026-08-12 11:46:10 [INFO] voice.audio.level {'level': 6.933629265404306e-05}
2026-08-12 11:46:10 [INFO] voice.audio.level {'level': 6.886832731349084e-05}
2026-08-12 11:46:10 [INFO] voice.audio.level {'level': 6.332346553487393e-05}
2026-08-12 11:46:10 [INFO] voice.audio.level {'level': 5.610281126185631e-05}
2026-08-12 11:46:10 [INFO] voice.audio.level {'level': 5.927915481152013e-05}
2026-08-12 11:46:10 [INFO] voice.audio.level {'level': 5.7431995325411364e-05}
2026-08-12 11:46:10 [INFO] voice.audio.level {'level': 6.018147663174508e-05}
2026-08-12 11:46:10 [INFO] voice.audio.level {'level': 5.29395038029179e-05}
2026-08-12 11:46:10 [INFO] voice.audio.level {'level': 5.532894041001176e-05}
2026-08-12 11:46:10 [INFO] voice.audio.level {'level': 5.66762779878142e-05}
2026-08-12 11:46:10 [INFO] voice.audio.level {'level': 5.66762779878142e-05}
2026-08-12 11:46:10 [INFO] voice.audio.level {'level': 4.7577635389946714e-05}
2026-08-12 11:46:10 [INFO] voice.audio.level {'level': 4.891811234604878e-05}
2026-08-12 11:46:10 [INFO] voice.audio.level {'level': 5.149448649414505e-05}
2026-08-12 11:46:10 [INFO] voice.audio.level {'level': 4.9574758425781816e-05}
2026-08-12 11:46:10 [INFO] voice.audio.level {'level': 5.211868483456783e-05}
2026-08-12 11:46:10 [INFO] voice.audio.level {'level': 5.493791832122952e-05}
2026-08-12 11:46:10 [INFO] voice.audio.level {'level': 5.314272736238006e-05}
2026-08-12 11:46:10 [INFO] voice.audio.level {'level': 5.0007735505156844e-05}
2026-08-12 11:46:10 [INFO] voice.audio.level {'level': 4.869726277926627e-05}
2026-08-12 11:46:10 [INFO] voice.audio.level {'level': 4.847540367336478e-05}
2026-08-12 11:46:10 [INFO] voice.audio.level {'level': 4.9574758425781816e-05}
2026-08-12 11:46:10 [INFO] voice.audio.level {'level': 4.891811234604878e-05}
2026-08-12 11:46:10 [INFO] voice.audio.level {'level': 4.869726277926627e-05}
2026-08-12 11:46:10 [INFO] voice.audio.level {'level': 4.913797056360636e-05}
2026-08-12 11:46:10 [INFO] voice.audio.level {'level': 5.10741180429856e-05}
2026-08-12 11:46:10 [INFO] voice.audio.level {'level': 5.0007735505156844e-05}
2026-08-12 11:46:10 [INFO] voice.audio.level {'level': 5.065026016382035e-05}
2026-08-12 11:46:10 [INFO] voice.audio.level {'level': 4.643101722952755e-05}
2026-08-12 11:46:10 [INFO] voice.audio.level {'level': 4.572924808599055e-05}
2026-08-12 11:46:10 [INFO] voice.audio.level {'level': 5.149448649414505e-05}
2026-08-12 11:46:11 [INFO] voice.audio.level {'level': 4.429236772314956e-05}
2026-08-12 11:46:11 [INFO] voice.audio.level {'level': 4.979171838688975e-05}
2026-08-12 11:46:11 [INFO] voice.audio.level {'level': 5.149448649414505e-05}
2026-08-12 11:46:11 [INFO] voice.audio.level {'level': 4.935684652688603e-05}
2026-08-12 11:46:11 [INFO] voice.audio.level {'level': 5.149448649414505e-05}
2026-08-12 11:46:11 [INFO] voice.audio.level {'level': 4.8252525933397315e-05}
2026-08-12 11:46:11 [INFO] voice.audio.level {'level': 4.4535066384317666e-05}
2026-08-12 11:46:11 [INFO] voice.audio.level {'level': 4.802861743276784e-05}
2026-08-12 11:46:11 [INFO] voice.audio.level {'level': 4.891811234604878e-05}
2026-08-12 11:46:11 [INFO] voice.audio.level {'level': 4.8252525933397315e-05}
2026-08-12 11:46:11 [INFO] voice.audio.level {'level': 4.891811234604878e-05}
2026-08-12 11:46:11 [INFO] voice.audio.level {'level': 5.0862630208333336e-05}
2026-08-12 11:46:11 [INFO] voice.audio.level {'level': 4.979171838688975e-05}
2026-08-12 11:46:11 [INFO] voice.audio.level {'level': 5.0222824938828126e-05}
2026-08-12 11:46:11 [INFO] voice.audio.level {'level': 4.689302841143217e-05}
2026-08-12 11:46:11 [INFO] voice.audio.level {'level': 4.525535890328077e-05}
2026-08-12 11:46:11 [INFO] voice.audio.level {'level': 5.149448649414505e-05}
2026-08-12 11:46:11 [INFO] voice.audio.level {'level': 4.429236772314956e-05}
2026-08-12 11:46:11 [INFO] voice.audio.level {'level': 4.935684652688603e-05}
2026-08-12 11:46:11 [INFO] voice.audio.level {'level': 5.065026016382035e-05}
2026-08-12 11:46:11 [INFO] voice.stt.error {'error': 'STT transcription error: Library cublas64_12.dll is not found or cannot be loaded'}
2026-08-12 11:46:11 [INFO] voice.audio.level {'level': 5.065026016382035e-05}
2026-08-12 11:46:11 [INFO] voice.audio.level {'level': 5.1703391363844275e-05}
2026-08-12 11:46:11 [INFO] voice.audio.level {'level': 4.802861743276784e-05}
2026-08-12 11:46:11 [INFO] voice.audio.level {'level': 4.525535890328077e-05}
2026-08-12 11:46:11 [INFO] voice.audio.level {'level': 4.7577635389946714e-05}
2026-08-12 11:46:11 [INFO] voice.audio.level {'level': 4.935684652688603e-05}
2026-08-12 11:46:11 [INFO] voice.audio.level {'level': 4.7577635389946714e-05}
2026-08-12 11:46:11 [INFO] voice.audio.level {'level': 4.869726277926627e-05}
2026-08-12 11:46:11 [INFO] voice.audio.level {'level': 5.128473276272416e-05}
2026-08-12 11:46:11 [INFO] voice.audio.level {'level': 4.891811234604878e-05}
2026-08-12 11:46:11 [INFO] voice.audio.level {'level': 5.10741180429856e-05}
2026-08-12 11:46:11 [INFO] voice.audio.level {'level': 4.7577635389946714e-05}
2026-08-12 11:46:11 [INFO] voice.audio.level {'level': 4.3802932244337477e-05}
2026-08-12 11:46:11 [INFO] voice.audio.level {'level': 5.191145343511987e-05}
2026-08-12 11:46:12 [INFO] voice.audio.level {'level': 4.429236772314956e-05}
2026-08-12 11:46:12 [INFO] voice.audio.level {'level': 4.913797056360636e-05}
2026-08-12 11:46:12 [INFO] voice.audio.level {'level': 5.0862630208333336e-05}
2026-08-12 11:46:12 [INFO] voice.audio.level {'level': 5.0007735505156844e-05}
2026-08-12 11:46:12 [INFO] voice.audio.level {'level': 5.314272736238006e-05}
2026-08-12 11:46:12 [INFO] voice.audio.level {'level': 4.689302841143217e-05}
2026-08-12 11:46:12 [INFO] voice.listening.stop
2026-08-12 11:55:24 [INFO] module.loaded {'module': 'AI'}
2026-08-12 11:55:24 [INFO] module.enabled {'module': 'AI'}
2026-08-12 11:55:24 [INFO] module.loaded {'module': 'Voice'}
2026-08-12 11:55:24 [INFO] module.enabled {'module': 'Voice'}
2026-08-12 11:55:24 [INFO] ui.updated {'page': 'Dashboard'}
2026-08-12 11:55:24 [INFO] app.started
2026-08-12 11:55:27 [INFO] ui.updated {'page': 'Voice'}
2026-08-12 11:55:30 [INFO] module.enabled {'module': 'Voice'}
2026-08-12 11:55:30 [INFO] voice.listening.start
2026-08-12 11:55:30 [INFO] voice.audio.level {'level': 4.8252525933397315e-05}
2026-08-12 11:55:30 [INFO] voice.speech.start
2026-08-12 11:55:30 [INFO] voice.audio.level {'level': 0.06891873354713123}
2026-08-12 11:55:30 [INFO] voice.audio.level {'level': 0.09140094121297201}
2026-08-12 11:55:30 [INFO] voice.audio.level {'level': 0.06845762953162193}
2026-08-12 11:55:30 [INFO] voice.audio.level {'level': 0.05595131466786067}
2026-08-12 11:55:30 [INFO] voice.audio.level {'level': 0.048920974756280586}
2026-08-12 11:55:30 [INFO] voice.audio.level {'level': 0.048788292333483696}
2026-08-12 11:55:30 [INFO] voice.audio.level {'level': 0.05521172657608986}
2026-08-12 11:55:30 [INFO] voice.audio.level {'level': 0.05582313363750776}
2026-08-12 11:55:30 [INFO] voice.audio.level {'level': 0.05017852410674095}
2026-08-12 11:55:30 [INFO] voice.audio.level {'level': 0.04580718154708545}
2026-08-12 11:55:30 [INFO] voice.audio.level {'level': 0.043694867442051574}
2026-08-12 11:55:30 [INFO] voice.audio.level {'level': 0.038547931859890625}
2026-08-12 11:55:30 [INFO] voice.audio.level {'level': 0.015756005110840004}
2026-08-12 11:55:30 [INFO] voice.audio.level {'level': 0.006487878660360972}
2026-08-12 11:55:30 [INFO] voice.audio.level {'level': 0.004368319641798735}
2026-08-12 11:55:30 [INFO] voice.audio.level {'level': 0.0028343768402313194}
2026-08-12 11:55:30 [INFO] voice.audio.level {'level': 0.0029240224588041506}
2026-08-12 11:55:30 [INFO] voice.audio.level {'level': 0.0036842798969397945}
2026-08-12 11:55:30 [INFO] voice.audio.level {'level': 0.03189024205009143}
2026-08-12 11:55:30 [INFO] voice.audio.level {'level': 0.08616408333182335}
2026-08-12 11:55:30 [INFO] voice.audio.level {'level': 0.11950206011533737}
2026-08-12 11:55:30 [INFO] voice.audio.level {'level': 0.16376972198486328}
2026-08-12 11:55:30 [INFO] voice.audio.level {'level': 0.2293026198943456}
2026-08-12 11:55:30 [INFO] voice.audio.level {'level': 0.27024609347184503}
2026-08-12 11:55:30 [INFO] voice.audio.level {'level': 0.28265024224917096}
2026-08-12 11:55:30 [INFO] voice.audio.level {'level': 0.29626903434594476}
2026-08-12 11:55:31 [INFO] voice.audio.level {'level': 0.26307073732217157}
2026-08-12 11:55:31 [INFO] voice.audio.level {'level': 0.23196195562680563}
2026-08-12 11:55:31 [INFO] voice.audio.level {'level': 0.25774814188480377}
2026-08-12 11:55:31 [INFO] voice.audio.level {'level': 0.2587046970923742}
2026-08-12 11:55:31 [INFO] voice.audio.level {'level': 0.24717641373475394}
2026-08-12 11:55:31 [INFO] voice.audio.level {'level': 0.23091770708560944}
2026-08-12 11:55:31 [INFO] voice.audio.level {'level': 0.17751896133025488}
2026-08-12 11:55:31 [INFO] voice.audio.level {'level': 0.06373859321077666}
2026-08-12 11:55:31 [INFO] voice.audio.level {'level': 4.891811234604878e-05}
2026-08-12 11:55:31 [INFO] voice.audio.level {'level': 4.8252525933397315e-05}
2026-08-12 11:55:31 [INFO] voice.audio.level {'level': 4.891811234604878e-05}
2026-08-12 11:55:31 [INFO] voice.audio.level {'level': 5.0862630208333336e-05}
2026-08-12 11:55:31 [INFO] voice.audio.level {'level': 4.979171838688975e-05}
2026-08-12 11:55:31 [INFO] voice.audio.level {'level': 5.0222824938828126e-05}
2026-08-12 11:55:31 [INFO] voice.audio.level {'level': 4.689302841143217e-05}
2026-08-12 11:55:31 [INFO] voice.audio.level {'level': 4.525535890328077e-05}
2026-08-12 11:55:31 [INFO] voice.audio.level {'level': 5.149448649414505e-05}
2026-08-12 11:55:31 [INFO] voice.audio.level {'level': 4.429236772314956e-05}
2026-08-12 11:55:31 [INFO] voice.audio.level {'level': 4.935684652688603e-05}
2026-08-12 11:55:31 [INFO] voice.audio.level {'level': 5.065026016382035e-05}
2026-08-12 11:55:31 [INFO] voice.audio.level {'level': 5.065026016382035e-05}
2026-08-12 11:55:31 [INFO] voice.audio.level {'level': 5.1703391363844275e-05}
2026-08-12 11:55:31 [INFO] voice.audio.level {'level': 4.802861743276784e-05}
2026-08-12 11:55:31 [INFO] voice.audio.level {'level': 4.525535890328077e-05}
2026-08-12 11:55:31 [INFO] voice.audio.level {'level': 4.7577635389946714e-05}
2026-08-12 11:55:31 [INFO] voice.audio.level {'level': 4.935684652688603e-05}
2026-08-12 11:55:31 [INFO] voice.audio.level {'level': 4.7577635389946714e-05}
2026-08-12 11:55:31 [INFO] voice.audio.level {'level': 4.869726277926627e-05}
2026-08-12 11:55:31 [INFO] voice.audio.level {'level': 5.128473276272416e-05}
2026-08-12 11:55:31 [INFO] voice.audio.level {'level': 4.891811234604878e-05}
2026-08-12 11:55:31 [INFO] voice.audio.level {'level': 5.10741180429856e-05}
2026-08-12 11:55:31 [INFO] voice.audio.level {'level': 4.7577635389946714e-05}
2026-08-12 11:55:31 [INFO] voice.audio.level {'level': 4.3802932244337477e-05}
2026-08-12 11:55:32 [INFO] voice.audio.level {'level': 5.191145343511987e-05}
2026-08-12 11:55:32 [INFO] voice.audio.level {'level': 4.429236772314956e-05}
2026-08-12 11:55:32 [INFO] voice.audio.level {'level': 4.913797056360636e-05}
2026-08-12 11:55:32 [INFO] voice.audio.level {'level': 5.0862630208333336e-05}
2026-08-12 11:55:32 [INFO] voice.audio.level {'level': 5.0007735505156844e-05}
2026-08-12 11:55:32 [INFO] voice.audio.level {'level': 5.314272736238006e-05}
2026-08-12 11:55:32 [INFO] voice.audio.level {'level': 4.689302841143217e-05}
2026-08-12 11:55:32 [INFO] voice.audio.level {'level': 4.525535890328077e-05}
2026-08-12 11:55:32 [INFO] voice.audio.level {'level': 4.689302841143217e-05}
2026-08-12 11:55:32 [INFO] voice.audio.level {'level': 5.0222824938828126e-05}
2026-08-12 11:55:32 [INFO] voice.audio.level {'level': 4.7350531531265005e-05}
2026-08-12 11:55:32 [INFO] voice.audio.level {'level': 4.8252525933397315e-05}
2026-08-12 11:55:32 [INFO] voice.audio.level {'level': 5.128473276272416e-05}
2026-08-12 11:55:32 [INFO] voice.audio.level {'level': 4.9574758425781816e-05}
2026-08-12 11:55:32 [INFO] voice.audio.level {'level': 5.043699578285062e-05}
2026-08-12 11:55:32 [INFO] voice.audio.level {'level': 4.847540367336478e-05}
2026-08-12 11:55:32 [INFO] voice.audio.level {'level': 4.355615601525642e-05}
2026-08-12 11:55:32 [INFO] voice.audio.level {'level': 5.128473276272416e-05}
2026-08-12 11:55:32 [INFO] voice.audio.level {'level': 4.4535066384317666e-05}
2026-08-12 11:55:32 [INFO] voice.audio.level {'level': 4.9574758425781816e-05}
2026-08-12 11:55:32 [INFO] voice.audio.level {'level': 5.0222824938828126e-05}
2026-08-12 11:55:32 [INFO] voice.audio.level {'level': 5.0862630208333336e-05}
2026-08-12 11:55:32 [INFO] voice.audio.level {'level': 5.149448649414505e-05}
2026-08-12 11:55:32 [INFO] voice.audio.level {'level': 4.780365694993331e-05}
2026-08-12 11:55:32 [INFO] voice.audio.level {'level': 4.596436156134587e-05}
2026-08-12 11:55:32 [INFO] voice.audio.level {'level': 4.689302841143217e-05}
2026-08-12 11:55:32 [INFO] voice.audio.level {'level': 5.065026016382035e-05}
2026-08-12 11:55:32 [INFO] voice.audio.level {'level': 4.525535890328077e-05}
2026-08-12 11:55:32 [INFO] voice.audio.level {'level': 4.869726277926627e-05}
2026-08-12 11:55:32 [INFO] voice.audio.level {'level': 5.191145343511987e-05}
2026-08-12 11:55:32 [INFO] voice.audio.level {'level': 4.9574758425781816e-05}
2026-08-12 11:55:32 [INFO] voice.audio.level {'level': 5.128473276272416e-05}
2026-08-12 11:55:32 [INFO] voice.audio.level {'level': 4.7350531531265005e-05}
2026-08-12 11:55:32 [INFO] voice.audio.level {'level': 4.3802932244337477e-05}
2026-08-12 11:55:33 [INFO] voice.audio.level {'level': 5.128473276272416e-05}
2026-08-12 11:55:33 [INFO] voice.audio.level {'level': 4.549291891938386e-05}
2026-08-12 11:55:33 [INFO] voice.audio.level {'level': 4.847540367336478e-05}
2026-08-12 11:55:33 [INFO] voice.audio.level {'level': 5.065026016382035e-05}
2026-08-12 11:55:33 [INFO] voice.audio.level {'level': 5.043699578285062e-05}
2026-08-12 11:55:33 [INFO] voice.audio.level {'level': 5.065026016382035e-05}
2026-08-12 11:55:33 [INFO] voice.audio.level {'level': 4.9574758425781816e-05}
2026-08-12 11:55:33 [INFO] voice.audio.level {'level': 4.549291891938386e-05}
2026-08-12 11:55:33 [INFO] voice.audio.level {'level': 4.643101722952755e-05}
2026-08-12 11:55:33 [INFO] voice.stt.error {'error': 'STT transcription error: Library cublas64_12.dll is not found or cannot be loaded'}
2026-08-12 11:55:33 [INFO] voice.audio.level {'level': 5.10741180429856e-05}
2026-08-12 11:55:33 [INFO] voice.audio.level {'level': 4.355615601525642e-05}
2026-08-12 11:55:33 [INFO] voice.audio.level {'level': 4.9574758425781816e-05}
2026-08-12 11:55:33 [INFO] voice.audio.level {'level': 5.273549807801222e-05}
2026-08-12 11:55:33 [INFO] voice.audio.level {'level': 4.979171838688975e-05}
2026-08-12 11:55:33 [INFO] voice.audio.level {'level': 4.979171838688975e-05}
2026-08-12 11:55:33 [INFO] voice.audio.level {'level': 4.847540367336478e-05}
2026-08-12 11:55:33 [INFO] voice.audio.level {'level': 4.477644930981721e-05}
2026-08-12 11:55:33 [INFO] voice.audio.level {'level': 5.0007735505156844e-05}
2026-08-12 11:55:33 [INFO] voice.audio.level {'level': 4.6198277535343855e-05}
2026-08-12 11:55:33 [INFO] voice.audio.level {'level': 4.780365694993331e-05}
2026-08-12 11:55:33 [INFO] voice.audio.level {'level': 4.9574758425781816e-05}
2026-08-12 11:55:33 [INFO] voice.audio.level {'level': 5.1703391363844275e-05}
2026-08-12 11:55:33 [INFO] voice.audio.level {'level': 4.9574758425781816e-05}
2026-08-12 11:55:33 [INFO] voice.audio.level {'level': 5.0222824938828126e-05}
2026-08-12 11:55:33 [INFO] voice.audio.level {'level': 4.572924808599055e-05}
2026-08-12 11:55:33 [INFO] voice.audio.level {'level': 4.666259277049297e-05}
2026-08-12 11:55:33 [INFO] voice.audio.level {'level': 5.10741180429856e-05}
2026-08-12 11:55:33 [INFO] voice.audio.level {'level': 4.355615601525642e-05}
2026-08-12 11:55:33 [INFO] voice.audio.level {'level': 5.065026016382035e-05}
2026-08-12 11:55:33 [INFO] voice.audio.level {'level': 5.149448649414505e-05}
2026-08-12 11:55:33 [INFO] voice.audio.level {'level': 4.9574758425781816e-05}
2026-08-12 11:55:33 [INFO] voice.audio.level {'level': 5.043699578285062e-05}
2026-08-12 11:55:33 [INFO] voice.audio.level {'level': 4.8252525933397315e-05}
2026-08-12 11:55:33 [INFO] voice.audio.level {'level': 4.596436156134587e-05}
2026-08-12 11:55:34 [INFO] voice.audio.level {'level': 4.8252525933397315e-05}
2026-08-12 11:55:34 [INFO] voice.audio.level {'level': 4.7350531531265005e-05}
2026-08-12 11:55:34 [INFO] voice.audio.level {'level': 4.869726277926627e-05}
2026-08-12 11:55:34 [INFO] voice.audio.level {'level': 4.891811234604878e-05}
2026-08-12 11:55:34 [INFO] voice.audio.level {'level': 5.10741180429856e-05}
2026-08-12 11:55:34 [INFO] voice.listening.stop
2026-08-12 11:57:51 [INFO] module.loaded {'module': 'AI'}
2026-08-12 11:57:51 [INFO] module.enabled {'module': 'AI'}
2026-08-12 11:57:51 [INFO] module.loaded {'module': 'Voice'}
2026-08-12 11:57:51 [INFO] module.enabled {'module': 'Voice'}
2026-08-12 11:57:51 [INFO] ui.updated {'page': 'Dashboard'}
2026-08-12 11:57:51 [INFO] app.started
2026-08-12 11:57:53 [INFO] ui.updated {'page': 'Voice'}
2026-08-12 11:57:54 [INFO] module.enabled {'module': 'Voice'}
2026-08-12 11:57:54 [INFO] voice.listening.start
2026-08-12 11:57:54 [INFO] voice.audio.level {'level': 4.8252525933397315e-05}
2026-08-12 11:57:54 [INFO] voice.audio.level {'level': 4.7350531531265005e-05}
2026-08-12 11:57:54 [INFO] voice.audio.level {'level': 4.869726277926627e-05}
2026-08-12 11:57:54 [INFO] voice.audio.level {'level': 4.891811234604878e-05}
2026-08-12 11:57:54 [INFO] voice.audio.level {'level': 5.10741180429856e-05}
2026-08-12 11:57:54 [INFO] voice.audio.level {'level': 4.9574758425781816e-05}
2026-08-12 11:57:54 [INFO] voice.audio.level {'level': 5.0007735505156844e-05}
2026-08-12 11:57:54 [INFO] voice.audio.level {'level': 4.689302841143217e-05}
2026-08-12 11:57:54 [INFO] voice.audio.level {'level': 4.596436156134587e-05}
2026-08-12 11:57:54 [INFO] voice.audio.level {'level': 5.0862630208333336e-05}
2026-08-12 11:57:54 [INFO] voice.audio.level {'level': 4.355615601525642e-05}
2026-08-12 11:57:54 [INFO] voice.audio.level {'level': 5.043699578285062e-05}
2026-08-12 11:57:54 [INFO] voice.audio.level {'level': 5.1703391363844275e-05}
2026-08-12 11:57:54 [INFO] voice.audio.level {'level': 4.935684652688603e-05}
2026-08-12 11:57:54 [INFO] voice.audio.level {'level': 5.0862630208333336e-05}
2026-08-12 11:57:55 [INFO] voice.audio.level {'level': 4.869726277926627e-05}
2026-08-12 11:57:55 [INFO] voice.audio.level {'level': 4.549291891938386e-05}
2026-08-12 11:57:55 [INFO] voice.audio.level {'level': 4.7350531531265005e-05}
2026-08-12 11:57:55 [INFO] voice.audio.level {'level': 4.847540367336478e-05}
2026-08-12 11:57:55 [INFO] voice.audio.level {'level': 4.780365694993331e-05}
2026-08-12 11:57:55 [INFO] voice.audio.level {'level': 4.913797056360636e-05}
2026-08-12 11:57:55 [INFO] voice.audio.level {'level': 5.065026016382035e-05}
2026-08-12 11:57:55 [INFO] voice.audio.level {'level': 5.0222824938828126e-05}
2026-08-12 11:57:55 [INFO] voice.audio.level {'level': 5.065026016382035e-05}
2026-08-12 11:57:55 [INFO] voice.audio.level {'level': 4.596436156134587e-05}
2026-08-12 11:57:55 [INFO] voice.audio.level {'level': 4.572924808599055e-05}
2026-08-12 11:57:55 [INFO] voice.audio.level {'level': 5.149448649414505e-05}
2026-08-12 11:57:55 [INFO] voice.audio.level {'level': 4.429236772314956e-05}
2026-08-12 11:57:55 [INFO] voice.audio.level {'level': 4.979171838688975e-05}
2026-08-12 11:57:55 [INFO] voice.audio.level {'level': 5.149448649414505e-05}
2026-08-12 11:57:55 [INFO] voice.audio.level {'level': 4.935684652688603e-05}
2026-08-12 11:57:55 [INFO] voice.audio.level {'level': 5.149448649414505e-05}
2026-08-12 11:57:55 [INFO] voice.audio.level {'level': 4.8252525933397315e-05}
2026-08-12 11:57:55 [INFO] voice.audio.level {'level': 4.4535066384317666e-05}
2026-08-12 11:57:55 [INFO] voice.audio.level {'level': 4.802861743276784e-05}
2026-08-12 11:57:55 [INFO] voice.audio.level {'level': 4.891811234604878e-05}
2026-08-12 11:57:55 [INFO] voice.audio.level {'level': 4.8252525933397315e-05}
2026-08-12 11:57:55 [INFO] voice.audio.level {'level': 4.891811234604878e-05}
2026-08-12 11:57:55 [INFO] voice.audio.level {'level': 5.0862630208333336e-05}
2026-08-12 11:57:55 [INFO] voice.audio.level {'level': 4.979171838688975e-05}
2026-08-12 11:57:55 [INFO] voice.audio.level {'level': 5.0222824938828126e-05}
2026-08-12 11:57:55 [INFO] voice.audio.level {'level': 4.689302841143217e-05}
2026-08-12 11:57:55 [INFO] voice.audio.level {'level': 4.525535890328077e-05}
2026-08-12 11:57:55 [INFO] voice.audio.level {'level': 5.149448649414505e-05}
2026-08-12 11:57:55 [INFO] voice.audio.level {'level': 4.429236772314956e-05}
2026-08-12 11:57:55 [INFO] voice.audio.level {'level': 4.935684652688603e-05}
2026-08-12 11:57:55 [INFO] voice.audio.level {'level': 5.065026016382035e-05}
2026-08-12 11:57:55 [INFO] voice.audio.level {'level': 5.065026016382035e-05}
2026-08-12 11:57:56 [INFO] voice.audio.level {'level': 5.1703391363844275e-05}
2026-08-12 11:57:56 [INFO] voice.audio.level {'level': 4.802861743276784e-05}
2026-08-12 11:57:56 [INFO] voice.audio.level {'level': 4.525535890328077e-05}
2026-08-12 11:57:56 [INFO] voice.audio.level {'level': 4.7577635389946714e-05}
2026-08-12 11:57:56 [INFO] voice.audio.level {'level': 4.935684652688603e-05}
2026-08-12 11:57:56 [INFO] voice.audio.level {'level': 4.7577635389946714e-05}
2026-08-12 11:57:56 [INFO] voice.audio.level {'level': 4.869726277926627e-05}
2026-08-12 11:57:56 [INFO] voice.audio.level {'level': 5.128473276272416e-05}
2026-08-12 11:57:56 [INFO] voice.audio.level {'level': 4.891811234604878e-05}
2026-08-12 11:57:56 [INFO] voice.audio.level {'level': 5.10741180429856e-05}
2026-08-12 11:57:56 [INFO] voice.audio.level {'level': 4.7577635389946714e-05}
2026-08-12 11:57:56 [INFO] voice.audio.level {'level': 4.3802932244337477e-05}
2026-08-12 11:57:56 [INFO] voice.audio.level {'level': 5.191145343511987e-05}
2026-08-12 11:57:56 [INFO] voice.audio.level {'level': 4.429236772314956e-05}
2026-08-12 11:57:56 [INFO] voice.audio.level {'level': 4.913797056360636e-05}
2026-08-12 11:57:56 [INFO] voice.audio.level {'level': 5.0862630208333336e-05}
2026-08-12 11:57:56 [INFO] voice.audio.level {'level': 5.0007735505156844e-05}
2026-08-12 11:57:56 [INFO] voice.audio.level {'level': 5.314272736238006e-05}
2026-08-12 11:57:56 [INFO] voice.audio.level {'level': 4.689302841143217e-05}
2026-08-12 11:57:56 [INFO] voice.audio.level {'level': 4.525535890328077e-05}
2026-08-12 11:57:56 [INFO] voice.audio.level {'level': 4.689302841143217e-05}
2026-08-12 11:57:56 [INFO] voice.audio.level {'level': 5.0222824938828126e-05}
2026-08-12 11:57:56 [INFO] voice.audio.level {'level': 4.7350531531265005e-05}
2026-08-12 11:57:56 [INFO] voice.audio.level {'level': 4.8252525933397315e-05}
2026-08-12 11:57:56 [INFO] voice.audio.level {'level': 5.128473276272416e-05}
2026-08-12 11:57:56 [INFO] voice.audio.level {'level': 4.9574758425781816e-05}
2026-08-12 11:57:56 [INFO] voice.audio.level {'level': 5.043699578285062e-05}
2026-08-12 11:57:56 [INFO] voice.audio.level {'level': 4.847540367336478e-05}
2026-08-12 11:57:56 [INFO] voice.audio.level {'level': 4.355615601525642e-05}
2026-08-12 11:57:56 [INFO] voice.audio.level {'level': 5.128473276272416e-05}
2026-08-12 11:57:56 [INFO] voice.audio.level {'level': 4.4535066384317666e-05}
2026-08-12 11:57:56 [INFO] voice.audio.level {'level': 4.9574758425781816e-05}
2026-08-12 11:57:56 [INFO] voice.audio.level {'level': 5.0222824938828126e-05}
2026-08-12 11:57:56 [INFO] voice.audio.level {'level': 5.0862630208333336e-05}
2026-08-12 11:57:57 [INFO] voice.audio.level {'level': 5.149448649414505e-05}
2026-08-12 11:57:57 [INFO] voice.audio.level {'level': 4.780365694993331e-05}
2026-08-12 11:57:57 [INFO] voice.audio.level {'level': 4.596436156134587e-05}
2026-08-12 11:57:57 [INFO] voice.audio.level {'level': 4.689302841143217e-05}
2026-08-12 11:57:57 [INFO] voice.audio.level {'level': 5.065026016382035e-05}
2026-08-12 11:57:57 [INFO] voice.audio.level {'level': 4.525535890328077e-05}
2026-08-12 11:57:57 [INFO] voice.audio.level {'level': 4.869726277926627e-05}
2026-08-12 11:57:57 [INFO] voice.audio.level {'level': 5.191145343511987e-05}
2026-08-12 11:57:57 [INFO] voice.audio.level {'level': 4.9574758425781816e-05}
2026-08-12 11:57:57 [INFO] voice.audio.level {'level': 5.128473276272416e-05}
2026-08-12 11:57:57 [INFO] voice.audio.level {'level': 4.7350531531265005e-05}
2026-08-12 11:57:57 [INFO] voice.audio.level {'level': 4.3802932244337477e-05}
2026-08-12 11:57:57 [INFO] voice.audio.level {'level': 5.128473276272416e-05}
2026-08-12 11:57:57 [INFO] voice.audio.level {'level': 4.549291891938386e-05}
2026-08-12 11:57:57 [INFO] voice.audio.level {'level': 4.847540367336478e-05}
2026-08-12 11:57:57 [INFO] voice.audio.level {'level': 5.065026016382035e-05}
2026-08-12 11:57:57 [INFO] voice.audio.level {'level': 5.043699578285062e-05}
2026-08-12 11:57:57 [INFO] voice.audio.level {'level': 5.065026016382035e-05}
2026-08-12 11:57:57 [INFO] voice.audio.level {'level': 4.9574758425781816e-05}
2026-08-12 11:57:57 [INFO] voice.audio.level {'level': 4.549291891938386e-05}
2026-08-12 11:57:57 [INFO] voice.audio.level {'level': 4.643101722952755e-05}
2026-08-12 11:57:57 [INFO] voice.audio.level {'level': 5.10741180429856e-05}
2026-08-12 11:57:57 [INFO] voice.audio.level {'level': 4.355615601525642e-05}
2026-08-12 11:57:57 [INFO] voice.audio.level {'level': 4.9574758425781816e-05}
2026-08-12 11:57:57 [INFO] voice.audio.level {'level': 5.273549807801222e-05}
2026-08-12 11:57:57 [INFO] voice.audio.level {'level': 4.979171838688975e-05}
2026-08-12 11:57:57 [INFO] voice.audio.level {'level': 4.979171838688975e-05}
2026-08-12 11:57:57 [INFO] voice.audio.level {'level': 4.847540367336478e-05}
2026-08-12 11:57:57 [INFO] voice.audio.level {'level': 4.477644930981721e-05}
2026-08-12 11:57:57 [INFO] voice.audio.level {'level': 5.0007735505156844e-05}
2026-08-12 11:57:57 [INFO] voice.audio.level {'level': 4.6198277535343855e-05}
2026-08-12 11:57:57 [INFO] voice.audio.level {'level': 4.780365694993331e-05}
2026-08-12 11:57:58 [INFO] voice.audio.level {'level': 4.9574758425781816e-05}
2026-08-12 11:57:58 [INFO] voice.audio.level {'level': 5.1703391363844275e-05}
2026-08-12 11:57:58 [INFO] voice.audio.level {'level': 4.9574758425781816e-05}
2026-08-12 11:57:58 [INFO] voice.audio.level {'level': 5.0222824938828126e-05}
2026-08-12 11:57:58 [INFO] voice.audio.level {'level': 4.572924808599055e-05}
2026-08-12 11:57:58 [INFO] voice.audio.level {'level': 4.666259277049297e-05}
2026-08-12 11:57:58 [INFO] voice.audio.level {'level': 5.10741180429856e-05}
2026-08-12 11:57:58 [INFO] voice.audio.level {'level': 4.355615601525642e-05}
2026-08-12 11:57:58 [INFO] voice.audio.level {'level': 5.065026016382035e-05}
2026-08-12 11:57:58 [INFO] voice.audio.level {'level': 5.149448649414505e-05}
2026-08-12 11:57:58 [INFO] voice.audio.level {'level': 4.9574758425781816e-05}
2026-08-12 11:57:58 [INFO] voice.audio.level {'level': 5.043699578285062e-05}
2026-08-12 11:57:58 [INFO] voice.audio.level {'level': 4.8252525933397315e-05}
2026-08-12 11:57:58 [INFO] voice.audio.level {'level': 4.596436156134587e-05}
2026-08-12 11:57:58 [INFO] voice.audio.level {'level': 4.8252525933397315e-05}
2026-08-12 11:57:58 [INFO] voice.audio.level {'level': 4.7350531531265005e-05}
2026-08-12 11:57:58 [INFO] voice.audio.level {'level': 4.869726277926627e-05}
2026-08-12 11:57:58 [INFO] voice.audio.level {'level': 4.891811234604878e-05}
2026-08-12 11:57:58 [INFO] voice.audio.level {'level': 5.10741180429856e-05}
2026-08-12 11:57:58 [INFO] voice.audio.level {'level': 4.9574758425781816e-05}
2026-08-12 11:57:58 [INFO] voice.audio.level {'level': 5.0007735505156844e-05}
2026-08-12 11:57:58 [INFO] voice.audio.level {'level': 4.689302841143217e-05}
2026-08-12 11:57:58 [INFO] voice.audio.level {'level': 4.596436156134587e-05}
2026-08-12 11:57:58 [INFO] voice.audio.level {'level': 5.0862630208333336e-05}
2026-08-12 11:57:58 [INFO] voice.audio.level {'level': 4.355615601525642e-05}
2026-08-12 11:57:58 [INFO] voice.audio.level {'level': 5.043699578285062e-05}
2026-08-12 11:57:58 [INFO] voice.audio.level {'level': 5.1703391363844275e-05}
2026-08-12 11:57:58 [INFO] voice.audio.level {'level': 4.935684652688603e-05}
2026-08-12 11:57:58 [INFO] voice.audio.level {'level': 5.0862630208333336e-05}
2026-08-12 11:57:58 [INFO] voice.audio.level {'level': 4.869726277926627e-05}
2026-08-12 11:57:58 [INFO] voice.audio.level {'level': 4.549291891938386e-05}
2026-08-12 11:57:58 [INFO] voice.audio.level {'level': 4.7350531531265005e-05}
2026-08-12 11:57:58 [INFO] voice.audio.level {'level': 4.847540367336478e-05}
2026-08-12 11:57:58 [INFO] voice.audio.level {'level': 4.780365694993331e-05}
2026-08-12 11:57:59 [INFO] voice.audio.level {'level': 4.913797056360636e-05}
2026-08-12 11:57:59 [INFO] voice.audio.level {'level': 5.065026016382035e-05}
2026-08-12 11:57:59 [INFO] voice.audio.level {'level': 5.0222824938828126e-05}
2026-08-12 11:57:59 [INFO] voice.audio.level {'level': 5.065026016382035e-05}
2026-08-12 11:57:59 [INFO] voice.audio.level {'level': 4.596436156134587e-05}
2026-08-12 11:57:59 [INFO] voice.audio.level {'level': 4.572924808599055e-05}
2026-08-12 11:57:59 [INFO] voice.audio.level {'level': 5.149448649414505e-05}
2026-08-12 11:57:59 [INFO] voice.audio.level {'level': 4.429236772314956e-05}
2026-08-12 11:57:59 [INFO] voice.audio.level {'level': 4.979171838688975e-05}
2026-08-12 11:57:59 [INFO] voice.audio.level {'level': 5.149448649414505e-05}
2026-08-12 11:57:59 [INFO] voice.audio.level {'level': 4.935684652688603e-05}
2026-08-12 11:57:59 [INFO] voice.audio.level {'level': 5.149448649414505e-05}
2026-08-12 11:57:59 [INFO] voice.audio.level {'level': 4.8252525933397315e-05}
2026-08-12 11:57:59 [INFO] voice.audio.level {'level': 4.4535066384317666e-05}
2026-08-12 11:57:59 [INFO] voice.audio.level {'level': 4.802861743276784e-05}
2026-08-12 11:57:59 [INFO] voice.audio.level {'level': 4.891811234604878e-05}
2026-08-12 11:57:59 [INFO] voice.audio.level {'level': 4.8252525933397315e-05}
2026-08-12 11:57:59 [INFO] voice.audio.level {'level': 4.891811234604878e-05}
2026-08-12 11:57:59 [INFO] voice.audio.level {'level': 5.0862630208333336e-05}
2026-08-12 11:57:59 [INFO] voice.audio.level {'level': 4.979171838688975e-05}
2026-08-12 11:57:59 [INFO] voice.audio.level {'level': 5.0222824938828126e-05}
2026-08-12 11:57:59 [INFO] voice.audio.level {'level': 4.689302841143217e-05}
2026-08-12 11:57:59 [INFO] voice.listening.stop
2026-08-12 11:58:03 [INFO] module.enabled {'module': 'Voice'}
2026-08-12 11:58:03 [INFO] voice.listening.start
2026-08-12 11:58:03 [INFO] voice.audio.level {'level': 4.8252525933397315e-05}
2026-08-12 11:58:03 [INFO] voice.audio.level {'level': 4.7350531531265005e-05}
2026-08-12 11:58:03 [INFO] voice.audio.level {'level': 4.869726277926627e-05}
2026-08-12 11:58:03 [INFO] voice.audio.level {'level': 4.891811234604878e-05}
2026-08-12 11:58:03 [INFO] voice.audio.level {'level': 5.10741180429856e-05}
2026-08-12 11:58:03 [INFO] voice.audio.level {'level': 4.9574758425781816e-05}
2026-08-12 11:58:03 [INFO] voice.audio.level {'level': 5.0007735505156844e-05}
2026-08-12 11:58:03 [INFO] voice.audio.level {'level': 4.689302841143217e-05}
2026-08-12 11:58:03 [INFO] voice.audio.level {'level': 4.596436156134587e-05}
2026-08-12 11:58:03 [INFO] voice.audio.level {'level': 5.0862630208333336e-05}
2026-08-12 11:58:03 [INFO] voice.audio.level {'level': 4.355615601525642e-05}
2026-08-12 11:58:03 [INFO] voice.audio.level {'level': 5.043699578285062e-05}
2026-08-12 11:58:03 [INFO] voice.audio.level {'level': 5.1703391363844275e-05}
2026-08-12 11:58:03 [INFO] voice.audio.level {'level': 4.935684652688603e-05}
2026-08-12 11:58:03 [INFO] voice.audio.level {'level': 5.0862630208333336e-05}
2026-08-12 11:58:03 [INFO] voice.audio.level {'level': 4.869726277926627e-05}
2026-08-12 11:58:03 [INFO] voice.audio.level {'level': 4.549291891938386e-05}
2026-08-12 11:58:04 [INFO] voice.audio.level {'level': 4.7350531531265005e-05}
2026-08-12 11:58:04 [INFO] voice.audio.level {'level': 4.847540367336478e-05}
2026-08-12 11:58:04 [INFO] voice.audio.level {'level': 4.780365694993331e-05}
2026-08-12 11:58:04 [INFO] voice.audio.level {'level': 4.913797056360636e-05}
2026-08-12 11:58:04 [INFO] voice.audio.level {'level': 5.065026016382035e-05}
2026-08-12 11:58:04 [INFO] voice.audio.level {'level': 5.0222824938828126e-05}
2026-08-12 11:58:04 [INFO] voice.audio.level {'level': 5.065026016382035e-05}
2026-08-12 11:58:04 [INFO] voice.audio.level {'level': 4.596436156134587e-05}
2026-08-12 11:58:04 [INFO] voice.audio.level {'level': 4.572924808599055e-05}
2026-08-12 11:58:04 [INFO] voice.audio.level {'level': 5.149448649414505e-05}
2026-08-12 11:58:04 [INFO] voice.audio.level {'level': 4.429236772314956e-05}
2026-08-12 11:58:04 [INFO] voice.audio.level {'level': 4.979171838688975e-05}
2026-08-12 11:58:04 [INFO] voice.audio.level {'level': 5.149448649414505e-05}
2026-08-12 11:58:04 [INFO] voice.listening.stop
2026-08-12 11:58:14 [INFO] module.enabled {'module': 'Voice'}
2026-08-12 11:58:14 [INFO] voice.listening.start
2026-08-12 11:58:14 [INFO] voice.audio.level {'level': 4.8252525933397315e-05}
2026-08-12 11:58:14 [INFO] voice.audio.level {'level': 0.010170404178400835}
2026-08-12 11:58:14 [INFO] voice.audio.level {'level': 0.009043571384002766}
2026-08-12 11:58:14 [INFO] voice.audio.level {'level': 0.00672165925304095}
2026-08-12 11:58:14 [INFO] voice.audio.level {'level': 0.004434072179719806}
2026-08-12 11:58:14 [INFO] voice.audio.level {'level': 0.008179069651911657}
2026-08-12 11:58:15 [INFO] voice.audio.level {'level': 0.009681218458960455}
2026-08-12 11:58:15 [INFO] voice.audio.level {'level': 0.01257454122727116}
2026-08-12 11:58:15 [INFO] voice.audio.level {'level': 0.01274010476966699}
2026-08-12 11:58:15 [INFO] voice.audio.level {'level': 0.009535331434259813}
2026-08-12 11:58:15 [INFO] voice.audio.level {'level': 0.010551605373620987}
2026-08-12 11:58:15 [INFO] voice.audio.level {'level': 0.007566462736576796}
2026-08-12 11:58:15 [INFO] voice.audio.level {'level': 0.005238085674742858}
2026-08-12 11:58:15 [INFO] voice.audio.level {'level': 0.003753967272738616}
2026-08-12 11:58:15 [INFO] voice.audio.level {'level': 0.0018537143478170037}
2026-08-12 11:58:15 [INFO] voice.audio.level {'level': 0.000471931950111563}
2026-08-12 11:58:15 [INFO] voice.audio.level {'level': 0.0002077496174024418}
2026-08-12 11:58:15 [INFO] voice.audio.level {'level': 0.0003963805890331666}
2026-08-12 11:58:15 [INFO] voice.audio.level {'level': 0.0006643368396908045}
2026-08-12 11:58:15 [INFO] voice.audio.level {'level': 0.5173727373282115}
2026-08-12 11:58:15 [INFO] voice.speech.start
2026-08-12 11:58:15 [INFO] voice.audio.level {'level': 0.9673197070757549}
2026-08-12 11:58:15 [INFO] voice.audio.level {'level': 0.5762152870496114}
2026-08-12 11:58:15 [INFO] voice.audio.level {'level': 0.16920848439137143}
2026-08-12 11:58:15 [INFO] voice.audio.level {'level': 0.01053515278423826}
2026-08-12 11:58:15 [INFO] voice.audio.level {'level': 0.04482586247225603}
2026-08-12 11:58:15 [INFO] voice.audio.level {'level': 1.0}
2026-08-12 11:58:15 [INFO] voice.audio.level {'level': 1.0}
2026-08-12 11:58:15 [INFO] voice.audio.level {'level': 0.5221529801686605}
2026-08-12 11:58:15 [INFO] voice.audio.level {'level': 0.15736952424049377}
2026-08-12 11:58:15 [INFO] voice.audio.level {'level': 0.11008569349845251}
2026-08-12 11:58:15 [INFO] voice.audio.level {'level': 0.05354248608152072}
2026-08-12 11:58:15 [INFO] voice.audio.level {'level': 0.05171759985387325}
2026-08-12 11:58:15 [INFO] voice.audio.level {'level': 0.007393714816619953}
2026-08-12 11:58:15 [INFO] voice.audio.level {'level': 0.043762391433119774}
2026-08-12 11:58:15 [INFO] voice.audio.level {'level': 0.03317386532823245}
2026-08-12 11:58:15 [INFO] voice.audio.level {'level': 0.4372109969456991}
2026-08-12 11:58:15 [INFO] voice.audio.level {'level': 0.6128476560115814}
2026-08-12 11:58:15 [INFO] voice.audio.level {'level': 0.35489579041798913}
2026-08-12 11:58:15 [INFO] voice.audio.level {'level': 0.15111912041902542}
2026-08-12 11:58:15 [INFO] voice.audio.level {'level': 0.1800762116909027}
2026-08-12 11:58:16 [INFO] voice.audio.level {'level': 0.40160020192464196}
2026-08-12 11:58:16 [INFO] voice.audio.level {'level': 0.4907268782456716}
2026-08-12 11:58:16 [INFO] voice.audio.level {'level': 0.5434771875540416}
2026-08-12 11:58:16 [INFO] voice.audio.level {'level': 0.21356274684270224}
2026-08-12 11:58:16 [INFO] voice.audio.level {'level': 0.018648138890663784}
2026-08-12 11:58:16 [INFO] voice.audio.level {'level': 0.0711015115181605}
2026-08-12 11:58:16 [INFO] voice.audio.level {'level': 0.7361767192681631}
2026-08-12 11:58:16 [INFO] voice.audio.level {'level': 0.49739787975947064}
2026-08-12 11:58:16 [INFO] voice.audio.level {'level': 0.3674546629190445}
2026-08-12 11:58:16 [INFO] voice.audio.level {'level': 0.05151206937928995}
2026-08-12 11:58:16 [INFO] voice.audio.level {'level': 0.150424987077713}
2026-08-12 11:58:16 [INFO] voice.audio.level {'level': 0.3583068400621414}
2026-08-12 11:58:16 [INFO] voice.audio.level {'level': 0.37579548855622613}
2026-08-12 11:58:16 [INFO] voice.audio.level {'level': 0.5316476027170818}
2026-08-12 11:58:16 [INFO] voice.audio.level {'level': 0.8205631375312805}
2026-08-12 11:58:16 [INFO] voice.audio.level {'level': 0.7024512688318889}
2026-08-12 11:58:16 [INFO] voice.audio.level {'level': 0.6402961413065593}
2026-08-12 11:58:16 [INFO] voice.audio.level {'level': 0.6667287647724152}
2026-08-12 11:58:16 [INFO] voice.audio.level {'level': 0.6970279415448507}
2026-08-12 11:58:16 [INFO] voice.audio.level {'level': 0.6879522403081259}
2026-08-12 11:58:16 [INFO] voice.audio.level {'level': 1.0}
2026-08-12 11:58:16 [INFO] voice.audio.level {'level': 1.0}
2026-08-12 11:58:16 [INFO] voice.audio.level {'level': 1.0}
2026-08-12 11:58:16 [INFO] voice.audio.level {'level': 1.0}
2026-08-12 11:58:16 [INFO] voice.audio.level {'level': 1.0}
2026-08-12 11:58:16 [INFO] voice.audio.level {'level': 1.0}
2026-08-12 11:58:16 [INFO] voice.audio.level {'level': 1.0}
2026-08-12 11:58:16 [INFO] voice.audio.level {'level': 1.0}
2026-08-12 11:58:16 [INFO] voice.audio.level {'level': 1.0}
2026-08-12 11:58:16 [INFO] voice.audio.level {'level': 1.0}
2026-08-12 11:58:16 [INFO] voice.audio.level {'level': 1.0}
2026-08-12 11:58:16 [INFO] voice.audio.level {'level': 1.0}
2026-08-12 11:58:16 [INFO] voice.audio.level {'level': 1.0}
2026-08-12 11:58:17 [INFO] voice.audio.level {'level': 1.0}
2026-08-12 11:58:17 [INFO] voice.audio.level {'level': 1.0}
2026-08-12 11:58:17 [INFO] voice.audio.level {'level': 1.0}
2026-08-12 11:58:17 [INFO] voice.audio.level {'level': 1.0}
2026-08-12 11:58:17 [INFO] voice.audio.level {'level': 1.0}
2026-08-12 11:58:17 [INFO] voice.audio.level {'level': 1.0}
2026-08-12 11:58:17 [INFO] voice.audio.level {'level': 1.0}
2026-08-12 11:58:17 [INFO] voice.audio.level {'level': 0.6558702389399211}
2026-08-12 11:58:17 [INFO] voice.audio.level {'level': 0.6641194224357605}
2026-08-12 11:58:17 [INFO] voice.audio.level {'level': 0.6191299359003704}
2026-08-12 11:58:17 [INFO] voice.audio.level {'level': 0.3363312284151713}
2026-08-12 11:58:17 [INFO] voice.audio.level {'level': 0.2274214227994283}
2026-08-12 11:58:17 [INFO] voice.audio.level {'level': 0.31170375645160675}
2026-08-12 11:58:17 [INFO] voice.audio.level {'level': 0.22452565530935925}
2026-08-12 11:58:17 [INFO] voice.audio.level {'level': 0.02863820642232895}
2026-08-12 11:58:17 [INFO] voice.audio.level {'level': 0.1626985271771749}
2026-08-12 11:58:17 [INFO] voice.audio.level {'level': 0.11685694257418315}
2026-08-12 11:58:17 [INFO] voice.audio.level {'level': 0.020128490092853706}
2026-08-12 11:58:17 [INFO] voice.audio.level {'level': 0.0055721014117201175}
2026-08-12 11:58:17 [INFO] voice.audio.level {'level': 0.008084473665803671}
2026-08-12 11:58:17 [INFO] voice.audio.level {'level': 0.021693220672508083}
2026-08-12 11:58:17 [INFO] voice.audio.level {'level': 0.04143654368817806}
2026-08-12 11:58:17 [INFO] voice.audio.level {'level': 0.049936799332499504}
2026-08-12 11:58:17 [INFO] voice.audio.level {'level': 0.04387097743650278}
2026-08-12 11:58:17 [INFO] voice.audio.level {'level': 0.03337563015520573}
2026-08-12 11:58:17 [INFO] voice.audio.level {'level': 0.02394034992903471}
2026-08-12 11:58:17 [INFO] voice.audio.level {'level': 0.018991227261722088}
2026-08-12 11:58:17 [INFO] voice.audio.level {'level': 0.050282763938109085}
2026-08-12 11:58:17 [INFO] voice.audio.level {'level': 0.036793037628134094}
2026-08-12 11:58:17 [INFO] voice.audio.level {'level': 0.035664482663075134}
2026-08-12 11:58:17 [INFO] voice.audio.level {'level': 0.03196688058475654}
2026-08-12 11:58:17 [INFO] voice.audio.level {'level': 0.019706523356338344}
2026-08-12 11:58:17 [INFO] voice.audio.level {'level': 0.0043661403469741344}
2026-08-12 11:58:18 [INFO] voice.audio.level {'level': 0.002555237733758986}
2026-08-12 11:58:18 [INFO] voice.audio.level {'level': 0.001790817283714811}
2026-08-12 11:58:18 [INFO] voice.audio.level {'level': 0.0014168156970602772}
2026-08-12 11:58:18 [INFO] voice.audio.level {'level': 0.0011544154646495979}
2026-08-12 11:58:18 [INFO] voice.audio.level {'level': 0.0004412412332991759}
2026-08-12 11:58:18 [INFO] voice.audio.level {'level': 0.0001688838407668906}
2026-08-12 11:58:18 [INFO] voice.audio.level {'level': 0.00012536374318491048}
2026-08-12 11:58:18 [INFO] voice.audio.level {'level': 0.00010879134303346898}
2026-08-12 11:58:18 [INFO] voice.audio.level {'level': 0.0001246739824030859}
2026-08-12 11:58:18 [INFO] voice.audio.level {'level': 0.0028303160797804594}
2026-08-12 11:58:18 [INFO] voice.audio.level {'level': 0.0016145046295908592}
2026-08-12 11:58:18 [INFO] voice.audio.level {'level': 0.0005897470206643145}
2026-08-12 11:58:18 [INFO] voice.audio.level {'level': 0.00017173200224836668}
2026-08-12 11:58:18 [INFO] voice.audio.level {'level': 0.00016862834551526856}
2026-08-12 11:58:18 [INFO] voice.audio.level {'level': 8.586600112418334e-05}
2026-08-12 11:58:18 [INFO] voice.audio.level {'level': 8.13537129336813e-05}
2026-08-12 11:58:18 [INFO] voice.audio.level {'level': 7.297207048395649e-05}
2026-08-12 11:58:18 [INFO] voice.audio.level {'level': 6.400074198609218e-05}
2026-08-12 11:58:18 [INFO] voice.audio.level {'level': 6.760457836207934e-05}
2026-08-12 11:58:18 [INFO] voice.audio.level {'level': 0.0009869840384150546}
2026-08-12 11:58:18 [INFO] voice.audio.level {'level': 0.0012357369026479623}
2026-08-12 11:58:18 [INFO] voice.audio.level {'level': 0.0002077496174024418}
2026-08-12 11:58:18 [INFO] voice.audio.level {'level': 7.572669953030224e-05}
2026-08-12 11:58:18 [INFO] voice.audio.level {'level': 5.909703759243712e-05}
2026-08-12 11:58:18 [INFO] voice.audio.level {'level': 5.474135832628235e-05}
2026-08-12 11:58:18 [INFO] voice.audio.level {'level': 6.177244965025845e-05}
2026-08-12 11:58:18 [INFO] voice.audio.level {'level': 5.149448649414505e-05}
2026-08-12 11:58:18 [INFO] voice.audio.level {'level': 5.1703391363844275e-05}
2026-08-12 11:58:18 [INFO] voice.audio.level {'level': 5.0007735505156844e-05}
2026-08-12 11:58:18 [INFO] voice.audio.level {'level': 4.847540367336478e-05}
2026-08-12 11:58:18 [INFO] voice.audio.level {'level': 4.477644930981721e-05}
2026-08-12 11:58:18 [INFO] voice.audio.level {'level': 5.253069806106699e-05}
2026-08-12 11:58:18 [INFO] voice.audio.level {'level': 4.572924808599055e-05}
2026-08-12 11:58:19 [INFO] voice.audio.level {'level': 4.935684652688603e-05}
2026-08-12 11:58:19 [INFO] voice.audio.level {'level': 5.211868483456783e-05}
2026-08-12 11:58:19 [INFO] voice.audio.level {'level': 4.979171838688975e-05}
2026-08-12 11:58:19 [INFO] voice.audio.level {'level': 5.191145343511987e-05}
2026-08-12 11:58:19 [INFO] voice.audio.level {'level': 4.8252525933397315e-05}
2026-08-12 11:58:19 [INFO] voice.audio.level {'level': 4.596436156134587e-05}
2026-08-12 11:58:19 [INFO] voice.audio.level {'level': 4.7350531531265005e-05}
2026-08-12 11:58:19 [INFO] voice.audio.level {'level': 4.847540367336478e-05}
2026-08-12 11:58:19 [INFO] voice.audio.level {'level': 4.780365694993331e-05}
2026-08-12 11:58:19 [INFO] voice.audio.level {'level': 4.913797056360636e-05}
2026-08-12 11:58:19 [INFO] voice.audio.level {'level': 5.065026016382035e-05}
2026-08-12 11:58:19 [INFO] voice.audio.level {'level': 5.0222824938828126e-05}
2026-08-12 11:58:19 [INFO] voice.audio.level {'level': 5.065026016382035e-05}
2026-08-12 11:58:19 [INFO] voice.audio.level {'level': 4.596436156134587e-05}
2026-08-12 11:58:19 [INFO] voice.audio.level {'level': 4.572924808599055e-05}
2026-08-12 11:58:19 [INFO] voice.audio.level {'level': 5.149448649414505e-05}
2026-08-12 11:58:19 [INFO] voice.audio.level {'level': 4.429236772314956e-05}
2026-08-12 11:58:19 [INFO] voice.audio.level {'level': 4.979171838688975e-05}
2026-08-12 11:58:19 [INFO] voice.audio.level {'level': 5.149448649414505e-05}
2026-08-12 11:58:19 [INFO] voice.audio.level {'level': 4.935684652688603e-05}
2026-08-12 11:58:19 [INFO] voice.audio.level {'level': 5.149448649414505e-05}
2026-08-12 11:58:19 [INFO] voice.audio.level {'level': 4.8252525933397315e-05}
2026-08-12 11:58:19 [INFO] voice.audio.level {'level': 4.4535066384317666e-05}
2026-08-12 11:58:19 [INFO] voice.audio.level {'level': 4.802861743276784e-05}
2026-08-12 11:58:19 [INFO] voice.audio.level {'level': 4.891811234604878e-05}
2026-08-12 11:58:19 [INFO] voice.audio.level {'level': 4.8252525933397315e-05}
2026-08-12 11:58:19 [INFO] voice.audio.level {'level': 4.891811234604878e-05}
2026-08-12 11:58:19 [INFO] voice.audio.level {'level': 5.0862630208333336e-05}
2026-08-12 11:58:19 [INFO] voice.audio.level {'level': 4.979171838688975e-05}
2026-08-12 11:58:19 [INFO] voice.audio.level {'level': 5.0222824938828126e-05}
2026-08-12 11:58:19 [INFO] voice.audio.level {'level': 4.689302841143217e-05}
2026-08-12 11:58:19 [INFO] voice.audio.level {'level': 4.525535890328077e-05}
2026-08-12 11:58:19 [INFO] voice.audio.level {'level': 5.149448649414505e-05}
2026-08-12 11:58:19 [INFO] voice.audio.level {'level': 4.429236772314956e-05}
2026-08-12 11:58:20 [INFO] voice.audio.level {'level': 4.935684652688603e-05}
2026-08-12 11:58:20 [INFO] voice.audio.level {'level': 5.065026016382035e-05}
2026-08-12 11:58:20 [INFO] voice.audio.level {'level': 5.065026016382035e-05}
2026-08-12 11:58:20 [INFO] voice.audio.level {'level': 5.1703391363844275e-05}
2026-08-12 11:58:20 [INFO] voice.audio.level {'level': 4.802861743276784e-05}
2026-08-12 11:58:20 [INFO] voice.audio.level {'level': 4.525535890328077e-05}
2026-08-12 11:58:20 [INFO] voice.audio.level {'level': 4.7577635389946714e-05}
2026-08-12 11:58:20 [INFO] voice.audio.level {'level': 4.935684652688603e-05}
2026-08-12 11:58:20 [INFO] voice.audio.level {'level': 4.7577635389946714e-05}
2026-08-12 11:58:20 [INFO] voice.audio.level {'level': 4.869726277926627e-05}
2026-08-12 11:58:20 [INFO] voice.audio.level {'level': 5.128473276272416e-05}
2026-08-12 11:58:20 [INFO] voice.audio.level {'level': 4.891811234604878e-05}
2026-08-12 11:58:20 [INFO] voice.audio.level {'level': 5.10741180429856e-05}
2026-08-12 11:58:20 [INFO] voice.audio.level {'level': 4.7577635389946714e-05}
2026-08-12 11:58:20 [INFO] voice.audio.level {'level': 4.3802932244337477e-05}
2026-08-12 11:58:20 [INFO] voice.audio.level {'level': 5.191145343511987e-05}
2026-08-12 11:58:20 [INFO] voice.audio.level {'level': 4.429236772314956e-05}
2026-08-12 11:58:20 [INFO] voice.audio.level {'level': 4.913797056360636e-05}
2026-08-12 11:58:20 [INFO] voice.audio.level {'level': 5.0862630208333336e-05}
2026-08-12 11:58:20 [INFO] voice.audio.level {'level': 5.0007735505156844e-05}
2026-08-12 11:58:20 [INFO] voice.audio.level {'level': 5.314272736238006e-05}
2026-08-12 11:58:20 [INFO] voice.audio.level {'level': 4.689302841143217e-05}
2026-08-12 11:58:20 [INFO] voice.speech.end
2026-08-12 11:58:20 [INFO] voice.stt.final {'text': "Of course, it's not my fault. Hello.", 'confidence': 0.5855346694588661, 'latency_ms': 2160.9}
2026-08-12 11:58:20 [INFO] conversation.turn.start {'text': "Of course, it's not my fault. Hello.", 'is_interruption': False}
2026-08-12 11:58:20 [INFO] latency.stt {'ms': 2160.9}
2026-08-12 11:58:20 [INFO] voice.audio.level {'level': 4.525535890328077e-05}
2026-08-12 11:58:20 [INFO] ai.request {'prompt_length': 36}
2026-08-12 11:58:20 [INFO] voice.audio.level {'level': 4.689302841143217e-05}
2026-08-12 11:58:20 [INFO] voice.audio.level {'level': 5.0222824938828126e-05}
2026-08-12 11:58:20 [INFO] voice.audio.level {'level': 4.7350531531265005e-05}
2026-08-12 11:58:20 [INFO] voice.audio.level {'level': 4.8252525933397315e-05}
2026-08-12 11:58:20 [INFO] voice.audio.level {'level': 5.128473276272416e-05}
2026-08-12 11:58:20 [INFO] voice.audio.level {'level': 4.9574758425781816e-05}
2026-08-12 11:58:20 [INFO] voice.audio.level {'level': 5.043699578285062e-05}
2026-08-12 11:58:20 [INFO] voice.audio.level {'level': 4.847540367336478e-05}
2026-08-12 11:58:20 [INFO] voice.audio.level {'level': 4.355615601525642e-05}
2026-08-12 11:58:20 [INFO] voice.audio.level {'level': 5.128473276272416e-05}
2026-08-12 11:58:21 [INFO] voice.audio.level {'level': 4.4535066384317666e-05}
2026-08-12 11:58:21 [INFO] voice.audio.level {'level': 4.9574758425781816e-05}
2026-08-12 11:58:21 [INFO] voice.audio.level {'level': 5.0222824938828126e-05}
2026-08-12 11:58:21 [INFO] voice.audio.level {'level': 5.0862630208333336e-05}
2026-08-12 11:58:21 [INFO] voice.audio.level {'level': 5.149448649414505e-05}
2026-08-12 11:58:21 [INFO] voice.audio.level {'level': 4.780365694993331e-05}
2026-08-12 11:58:21 [INFO] voice.audio.level {'level': 4.596436156134587e-05}
2026-08-12 11:58:21 [INFO] voice.audio.level {'level': 4.689302841143217e-05}
2026-08-12 11:58:21 [ERROR] ai.error {'error': 'HTTP 404: '}
2026-08-12 11:58:21 [ERROR] ai.error {'error': 'HTTP 404: '}
2026-08-12 11:58:21 [INFO] voice.audio.level {'level': 5.065026016382035e-05}
2026-08-12 11:58:21 [INFO] voice.audio.level {'level': 4.525535890328077e-05}
2026-08-12 11:58:21 [INFO] voice.audio.level {'level': 4.869726277926627e-05}
2026-08-12 11:58:21 [INFO] voice.audio.level {'level': 5.191145343511987e-05}
2026-08-12 11:58:21 [INFO] voice.audio.level {'level': 4.9574758425781816e-05}
2026-08-12 11:58:21 [INFO] voice.audio.level {'level': 5.128473276272416e-05}
2026-08-12 11:58:21 [INFO] voice.audio.level {'level': 4.7350531531265005e-05}
2026-08-12 11:58:21 [INFO] voice.audio.level {'level': 4.3802932244337477e-05}
2026-08-12 11:58:21 [INFO] voice.audio.level {'level': 5.128473276272416e-05}
2026-08-12 11:58:21 [INFO] voice.audio.level {'level': 4.549291891938386e-05}
2026-08-12 11:58:21 [INFO] voice.audio.level {'level': 4.847540367336478e-05}
2026-08-12 11:58:21 [INFO] voice.audio.level {'level': 5.065026016382035e-05}
2026-08-12 11:58:21 [INFO] voice.audio.level {'level': 5.043699578285062e-05}
2026-08-12 11:58:21 [INFO] voice.audio.level {'level': 5.065026016382035e-05}
2026-08-12 11:58:21 [INFO] voice.audio.level {'level': 4.9574758425781816e-05}
2026-08-12 11:58:21 [INFO] voice.audio.level {'level': 4.549291891938386e-05}
2026-08-12 11:58:21 [INFO] voice.audio.level {'level': 4.643101722952755e-05}
2026-08-12 11:58:21 [INFO] voice.audio.level {'level': 5.10741180429856e-05}
2026-08-12 11:58:21 [INFO] voice.audio.level {'level': 4.355615601525642e-05}
2026-08-12 11:58:21 [INFO] voice.audio.level {'level': 4.9574758425781816e-05}
2026-08-12 11:58:21 [INFO] voice.audio.level {'level': 5.273549807801222e-05}
2026-08-12 11:58:21 [INFO] voice.audio.level {'level': 4.979171838688975e-05}
2026-08-12 11:58:21 [INFO] voice.audio.level {'level': 4.979171838688975e-05}
2026-08-12 11:58:21 [INFO] voice.audio.level {'level': 4.847540367336478e-05}
2026-08-12 11:58:21 [INFO] voice.audio.level {'level': 4.477644930981721e-05}
2026-08-12 11:58:22 [INFO] voice.audio.level {'level': 5.0007735505156844e-05}
2026-08-12 11:58:22 [INFO] voice.audio.level {'level': 4.6198277535343855e-05}
2026-08-12 11:58:22 [INFO] voice.audio.level {'level': 4.780365694993331e-05}
2026-08-12 11:58:22 [INFO] voice.audio.level {'level': 4.9574758425781816e-05}
2026-08-12 11:58:22 [INFO] voice.audio.level {'level': 5.1703391363844275e-05}
2026-08-12 11:58:22 [INFO] voice.audio.level {'level': 4.9574758425781816e-05}
2026-08-12 11:58:22 [INFO] voice.audio.level {'level': 5.0222824938828126e-05}
2026-08-12 11:58:22 [INFO] voice.audio.level {'level': 4.572924808599055e-05}
2026-08-12 11:58:22 [INFO] voice.audio.level {'level': 4.666259277049297e-05}
2026-08-12 11:58:22 [INFO] voice.audio.level {'level': 5.10741180429856e-05}
2026-08-12 11:58:22 [INFO] voice.audio.level {'level': 4.355615601525642e-05}
2026-08-12 11:58:22 [INFO] voice.audio.level {'level': 5.065026016382035e-05}
2026-08-12 11:58:22 [INFO] voice.audio.level {'level': 5.149448649414505e-05}
2026-08-12 11:58:22 [INFO] voice.audio.level {'level': 4.9574758425781816e-05}
2026-08-12 11:58:22 [INFO] voice.audio.level {'level': 5.043699578285062e-05}
2026-08-12 11:58:22 [INFO] voice.audio.level {'level': 4.8252525933397315e-05}
2026-08-12 11:58:22 [INFO] voice.audio.level {'level': 4.596436156134587e-05}
2026-08-12 11:58:22 [INFO] voice.audio.level {'level': 4.8252525933397315e-05}
2026-08-12 11:58:22 [INFO] voice.audio.level {'level': 4.7350531531265005e-05}
2026-08-12 11:58:22 [INFO] voice.audio.level {'level': 4.869726277926627e-05}
2026-08-12 11:58:22 [INFO] voice.audio.level {'level': 4.891811234604878e-05}
2026-08-12 11:58:22 [INFO] voice.audio.level {'level': 5.10741180429856e-05}
2026-08-12 11:58:22 [INFO] voice.audio.level {'level': 4.9574758425781816e-05}
2026-08-12 11:58:22 [INFO] voice.audio.level {'level': 5.0007735505156844e-05}
2026-08-12 11:58:22 [INFO] voice.audio.level {'level': 4.689302841143217e-05}
2026-08-12 11:58:22 [INFO] voice.audio.level {'level': 4.596436156134587e-05}
2026-08-12 11:58:22 [INFO] voice.audio.level {'level': 5.0862630208333336e-05}
2026-08-12 11:58:22 [INFO] voice.audio.level {'level': 4.355615601525642e-05}
2026-08-12 11:58:22 [INFO] voice.audio.level {'level': 5.043699578285062e-05}
2026-08-12 11:58:22 [INFO] voice.audio.level {'level': 5.1703391363844275e-05}
2026-08-12 11:58:22 [INFO] voice.audio.level {'level': 4.935684652688603e-05}
2026-08-12 11:58:22 [INFO] voice.audio.level {'level': 5.0862630208333336e-05}
2026-08-12 11:58:22 [INFO] voice.audio.level {'level': 4.869726277926627e-05}
2026-08-12 11:58:22 [INFO] voice.audio.level {'level': 4.549291891938386e-05}
2026-08-12 11:58:23 [INFO] voice.audio.level {'level': 4.7350531531265005e-05}
2026-08-12 11:58:23 [INFO] voice.audio.level {'level': 4.847540367336478e-05}
2026-08-12 11:58:23 [INFO] voice.audio.level {'level': 4.780365694993331e-05}
2026-08-12 11:58:23 [INFO] voice.audio.level {'level': 4.913797056360636e-05}
2026-08-12 11:58:23 [INFO] voice.audio.level {'level': 5.065026016382035e-05}
2026-08-12 11:58:23 [INFO] voice.audio.level {'level': 5.0222824938828126e-05}
2026-08-12 11:58:23 [INFO] voice.audio.level {'level': 5.065026016382035e-05}
2026-08-12 11:58:23 [INFO] voice.audio.level {'level': 4.596436156134587e-05}
2026-08-12 11:58:23 [INFO] voice.audio.level {'level': 4.572924808599055e-05}
2026-08-12 11:58:23 [INFO] voice.audio.level {'level': 5.149448649414505e-05}
2026-08-12 11:58:23 [INFO] voice.audio.level {'level': 4.429236772314956e-05}
2026-08-12 11:58:23 [INFO] voice.audio.level {'level': 4.979171838688975e-05}
2026-08-12 11:58:23 [INFO] voice.audio.level {'level': 5.149448649414505e-05}
2026-08-12 11:58:23 [INFO] voice.audio.level {'level': 4.935684652688603e-05}
2026-08-12 11:58:23 [INFO] voice.audio.level {'level': 5.149448649414505e-05}
2026-08-12 11:58:23 [INFO] voice.audio.level {'level': 4.8252525933397315e-05}
2026-08-12 11:58:23 [INFO] voice.audio.level {'level': 4.4535066384317666e-05}
2026-08-12 11:58:23 [INFO] voice.audio.level {'level': 4.802861743276784e-05}
2026-08-12 11:58:23 [INFO] voice.audio.level {'level': 4.891811234604878e-05}
2026-08-12 11:58:23 [INFO] voice.audio.level {'level': 4.8252525933397315e-05}
2026-08-12 11:58:23 [INFO] voice.audio.level {'level': 4.891811234604878e-05}
2026-08-12 11:58:23 [INFO] voice.audio.level {'level': 5.0862630208333336e-05}
2026-08-12 11:58:23 [INFO] voice.audio.level {'level': 4.979171838688975e-05}
2026-08-12 11:58:23 [INFO] voice.audio.level {'level': 5.0222824938828126e-05}
2026-08-12 11:58:23 [INFO] voice.audio.level {'level': 4.689302841143217e-05}
2026-08-12 11:58:23 [INFO] voice.audio.level {'level': 4.525535890328077e-05}
2026-08-12 11:58:23 [INFO] voice.audio.level {'level': 5.149448649414505e-05}
2026-08-12 11:58:23 [INFO] voice.audio.level {'level': 4.429236772314956e-05}
2026-08-12 11:58:23 [INFO] voice.audio.level {'level': 4.935684652688603e-05}
2026-08-12 11:58:23 [INFO] voice.audio.level {'level': 5.065026016382035e-05}
2026-08-12 11:58:23 [INFO] voice.audio.level {'level': 5.065026016382035e-05}
2026-08-12 11:58:23 [INFO] voice.audio.level {'level': 5.1703391363844275e-05}
2026-08-12 11:58:23 [INFO] voice.audio.level {'level': 4.802861743276784e-05}
2026-08-12 11:58:24 [INFO] voice.audio.level {'level': 4.525535890328077e-05}
2026-08-12 11:58:24 [INFO] voice.audio.level {'level': 4.7577635389946714e-05}
2026-08-12 11:58:24 [INFO] voice.audio.level {'level': 4.935684652688603e-05}
2026-08-12 11:58:24 [INFO] voice.audio.level {'level': 4.7577635389946714e-05}
2026-08-12 11:58:24 [INFO] voice.audio.level {'level': 4.869726277926627e-05}
2026-08-12 11:58:24 [INFO] voice.audio.level {'level': 5.128473276272416e-05}
2026-08-12 11:58:24 [INFO] voice.audio.level {'level': 4.891811234604878e-05}
2026-08-12 11:58:24 [INFO] voice.audio.level {'level': 5.10741180429856e-05}
2026-08-12 11:58:24 [INFO] voice.audio.level {'level': 4.7577635389946714e-05}
2026-08-12 11:58:24 [INFO] voice.audio.level {'level': 4.3802932244337477e-05}
2026-08-12 11:58:24 [INFO] voice.audio.level {'level': 5.191145343511987e-05}
2026-08-12 11:58:24 [INFO] voice.audio.level {'level': 4.429236772314956e-05}
2026-08-12 11:58:24 [INFO] voice.audio.level {'level': 4.913797056360636e-05}
2026-08-12 11:58:24 [INFO] voice.audio.level {'level': 5.0862630208333336e-05}
2026-08-12 11:58:24 [INFO] voice.audio.level {'level': 5.0007735505156844e-05}
2026-08-12 11:58:24 [INFO] voice.audio.level {'level': 5.314272736238006e-05}
2026-08-12 11:58:24 [INFO] voice.audio.level {'level': 4.689302841143217e-05}
2026-08-12 11:58:24 [INFO] voice.audio.level {'level': 4.525535890328077e-05}
2026-08-12 11:58:24 [INFO] voice.audio.level {'level': 4.689302841143217e-05}
2026-08-12 11:58:24 [INFO] voice.audio.level {'level': 5.0222824938828126e-05}
2026-08-12 11:58:24 [INFO] voice.audio.level {'level': 4.7350531531265005e-05}
2026-08-12 11:58:24 [INFO] voice.audio.level {'level': 4.8252525933397315e-05}
2026-08-12 11:58:24 [INFO] voice.audio.level {'level': 5.128473276272416e-05}
2026-08-12 11:58:24 [INFO] voice.audio.level {'level': 4.9574758425781816e-05}
2026-08-12 11:58:24 [INFO] voice.audio.level {'level': 5.043699578285062e-05}
2026-08-12 11:58:24 [INFO] voice.audio.level {'level': 4.847540367336478e-05}
2026-08-12 11:58:24 [INFO] voice.audio.level {'level': 4.355615601525642e-05}
2026-08-12 11:58:24 [INFO] voice.audio.level {'level': 5.128473276272416e-05}
2026-08-12 11:58:24 [INFO] voice.audio.level {'level': 4.4535066384317666e-05}
2026-08-12 11:58:24 [INFO] voice.audio.level {'level': 4.9574758425781816e-05}
2026-08-12 11:58:24 [INFO] voice.audio.level {'level': 5.0222824938828126e-05}
2026-08-12 11:58:24 [INFO] voice.audio.level {'level': 5.0862630208333336e-05}
2026-08-12 11:58:24 [INFO] voice.audio.level {'level': 5.149448649414505e-05}
2026-08-12 11:58:25 [INFO] voice.audio.level {'level': 4.780365694993331e-05}
2026-08-12 11:58:25 [INFO] voice.audio.level {'level': 4.596436156134587e-05}
2026-08-12 11:58:25 [INFO] voice.audio.level {'level': 4.689302841143217e-05}
2026-08-12 11:58:25 [INFO] voice.audio.level {'level': 5.065026016382035e-05}
2026-08-12 11:58:25 [INFO] voice.audio.level {'level': 4.525535890328077e-05}
2026-08-12 11:58:25 [INFO] voice.audio.level {'level': 4.869726277926627e-05}
2026-08-12 11:58:25 [INFO] voice.audio.level {'level': 5.191145343511987e-05}
2026-08-12 11:58:25 [INFO] voice.audio.level {'level': 4.9574758425781816e-05}
2026-08-12 11:58:25 [INFO] voice.audio.level {'level': 5.128473276272416e-05}
2026-08-12 11:58:25 [INFO] voice.audio.level {'level': 4.7350531531265005e-05}
2026-08-12 11:58:25 [INFO] voice.audio.level {'level': 4.3802932244337477e-05}
2026-08-12 11:58:25 [INFO] voice.audio.level {'level': 5.128473276272416e-05}
2026-08-12 11:58:25 [INFO] voice.audio.level {'level': 4.549291891938386e-05}
2026-08-12 11:58:25 [INFO] voice.audio.level {'level': 4.847540367336478e-05}
2026-08-12 11:58:25 [INFO] voice.audio.level {'level': 5.065026016382035e-05}
2026-08-12 11:58:25 [INFO] voice.audio.level {'level': 5.043699578285062e-05}
2026-08-12 11:58:25 [INFO] voice.audio.level {'level': 5.065026016382035e-05}
2026-08-12 11:58:25 [INFO] voice.audio.level {'level': 4.9574758425781816e-05}
2026-08-12 11:58:25 [INFO] voice.audio.level {'level': 4.549291891938386e-05}
2026-08-12 11:58:25 [INFO] voice.audio.level {'level': 4.643101722952755e-05}
2026-08-12 11:58:25 [INFO] voice.audio.level {'level': 5.10741180429856e-05}
2026-08-12 11:58:25 [INFO] voice.audio.level {'level': 4.355615601525642e-05}
2026-08-12 11:58:25 [INFO] voice.audio.level {'level': 4.9574758425781816e-05}
2026-08-12 11:58:25 [INFO] voice.audio.level {'level': 5.273549807801222e-05}
2026-08-12 11:58:25 [INFO] voice.audio.level {'level': 4.979171838688975e-05}
2026-08-12 11:58:25 [INFO] voice.audio.level {'level': 4.979171838688975e-05}
2026-08-12 11:58:25 [INFO] voice.audio.level {'level': 4.847540367336478e-05}
2026-08-12 11:58:25 [INFO] voice.audio.level {'level': 4.477644930981721e-05}
2026-08-12 11:58:25 [INFO] voice.audio.level {'level': 5.0007735505156844e-05}
2026-08-12 11:58:25 [INFO] voice.audio.level {'level': 4.6198277535343855e-05}
2026-08-12 11:58:25 [INFO] voice.audio.level {'level': 4.780365694993331e-05}
2026-08-12 11:58:25 [INFO] voice.audio.level {'level': 4.9574758425781816e-05}
2026-08-12 11:58:25 [INFO] voice.audio.level {'level': 5.1703391363844275e-05}
2026-08-12 11:58:25 [INFO] voice.audio.level {'level': 4.9574758425781816e-05}
2026-08-12 11:58:26 [INFO] voice.audio.level {'level': 5.0222824938828126e-05}
2026-08-12 11:58:26 [INFO] voice.audio.level {'level': 4.572924808599055e-05}
2026-08-12 11:58:26 [INFO] voice.audio.level {'level': 4.666259277049297e-05}
2026-08-12 11:58:26 [INFO] voice.audio.level {'level': 5.10741180429856e-05}
2026-08-12 11:58:26 [INFO] voice.audio.level {'level': 4.355615601525642e-05}
2026-08-12 11:58:26 [INFO] voice.audio.level {'level': 5.065026016382035e-05}
2026-08-12 11:58:26 [INFO] voice.audio.level {'level': 5.149448649414505e-05}
2026-08-12 11:58:26 [INFO] voice.audio.level {'level': 4.9574758425781816e-05}
2026-08-12 11:58:26 [INFO] voice.audio.level {'level': 5.043699578285062e-05}
2026-08-12 11:58:26 [INFO] voice.audio.level {'level': 4.8252525933397315e-05}
2026-08-12 11:58:26 [INFO] voice.audio.level {'level': 4.596436156134587e-05}
2026-08-12 11:58:26 [INFO] voice.audio.level {'level': 4.8252525933397315e-05}
2026-08-12 11:58:26 [INFO] voice.audio.level {'level': 4.7350531531265005e-05}
2026-08-12 11:58:26 [INFO] voice.audio.level {'level': 4.869726277926627e-05}
2026-08-12 11:58:26 [INFO] voice.audio.level {'level': 4.891811234604878e-05}
2026-08-12 11:58:26 [INFO] voice.audio.level {'level': 5.10741180429856e-05}
2026-08-12 11:58:26 [INFO] voice.audio.level {'level': 4.9574758425781816e-05}
2026-08-12 11:58:26 [INFO] voice.audio.level {'level': 5.0007735505156844e-05}
2026-08-12 11:58:26 [INFO] voice.audio.level {'level': 4.689302841143217e-05}
2026-08-12 11:58:26 [INFO] voice.audio.level {'level': 4.596436156134587e-05}
2026-08-12 11:58:26 [INFO] voice.audio.level {'level': 5.0862630208333336e-05}
2026-08-12 11:58:26 [INFO] voice.audio.level {'level': 4.355615601525642e-05}
2026-08-12 11:58:26 [INFO] voice.audio.level {'level': 5.043699578285062e-05}
2026-08-12 11:58:26 [INFO] voice.audio.level {'level': 5.1703391363844275e-05}
2026-08-12 11:58:26 [INFO] voice.audio.level {'level': 4.935684652688603e-05}
2026-08-12 11:58:26 [INFO] voice.audio.level {'level': 5.0862630208333336e-05}
2026-08-12 11:58:26 [INFO] voice.audio.level {'level': 4.869726277926627e-05}
2026-08-12 11:58:26 [INFO] voice.audio.level {'level': 4.549291891938386e-05}
2026-08-12 11:58:26 [INFO] voice.audio.level {'level': 4.7350531531265005e-05}
2026-08-12 11:58:26 [INFO] voice.audio.level {'level': 4.847540367336478e-05}
2026-08-12 11:58:26 [INFO] voice.audio.level {'level': 4.780365694993331e-05}
2026-08-12 11:58:26 [INFO] voice.audio.level {'level': 4.913797056360636e-05}
2026-08-12 11:58:26 [INFO] voice.audio.level {'level': 5.065026016382035e-05}
2026-08-12 11:58:27 [INFO] voice.audio.level {'level': 5.0222824938828126e-05}
2026-08-12 11:58:27 [INFO] voice.audio.level {'level': 5.065026016382035e-05}
2026-08-12 11:58:27 [INFO] voice.audio.level {'level': 4.596436156134587e-05}
2026-08-12 11:58:27 [INFO] voice.audio.level {'level': 4.572924808599055e-05}
2026-08-12 11:58:27 [INFO] voice.audio.level {'level': 5.149448649414505e-05}
2026-08-12 11:58:27 [INFO] voice.audio.level {'level': 4.429236772314956e-05}
2026-08-12 11:58:27 [INFO] voice.audio.level {'level': 4.979171838688975e-05}
2026-08-12 11:58:27 [INFO] voice.audio.level {'level': 5.149448649414505e-05}
2026-08-12 11:58:27 [INFO] voice.audio.level {'level': 4.935684652688603e-05}
2026-08-12 11:58:27 [INFO] voice.audio.level {'level': 5.149448649414505e-05}
2026-08-12 11:58:27 [INFO] voice.audio.level {'level': 4.8252525933397315e-05}
2026-08-12 11:58:27 [INFO] voice.audio.level {'level': 4.4535066384317666e-05}
2026-08-12 11:58:27 [INFO] voice.audio.level {'level': 4.802861743276784e-05}
2026-08-12 11:58:27 [INFO] voice.audio.level {'level': 4.891811234604878e-05}
2026-08-12 11:58:27 [INFO] voice.audio.level {'level': 4.8252525933397315e-05}
2026-08-12 11:58:27 [INFO] voice.audio.level {'level': 4.891811234604878e-05}
2026-08-12 11:58:27 [INFO] voice.audio.level {'level': 5.0862630208333336e-05}
2026-08-12 11:58:27 [INFO] voice.audio.level {'level': 4.979171838688975e-05}
2026-08-12 11:58:27 [INFO] voice.audio.level {'level': 5.0222824938828126e-05}
2026-08-12 11:58:27 [INFO] voice.audio.level {'level': 4.689302841143217e-05}
2026-08-12 11:58:27 [INFO] voice.audio.level {'level': 4.525535890328077e-05}
2026-08-12 11:58:27 [INFO] voice.audio.level {'level': 5.149448649414505e-05}
2026-08-12 11:58:27 [INFO] voice.audio.level {'level': 4.429236772314956e-05}
2026-08-12 11:58:27 [INFO] voice.audio.level {'level': 4.935684652688603e-05}
2026-08-12 11:58:27 [INFO] voice.audio.level {'level': 5.065026016382035e-05}
2026-08-12 11:58:27 [INFO] voice.audio.level {'level': 5.065026016382035e-05}
2026-08-12 11:58:27 [INFO] voice.audio.level {'level': 5.1703391363844275e-05}
2026-08-12 11:58:27 [INFO] voice.audio.level {'level': 4.802861743276784e-05}
2026-08-12 11:58:27 [INFO] voice.audio.level {'level': 4.525535890328077e-05}
2026-08-12 11:58:27 [INFO] voice.audio.level {'level': 4.7577635389946714e-05}
2026-08-12 11:58:27 [INFO] voice.audio.level {'level': 4.935684652688603e-05}
2026-08-12 11:58:27 [INFO] voice.audio.level {'level': 4.7577635389946714e-05}
2026-08-12 11:58:27 [INFO] voice.audio.level {'level': 4.869726277926627e-05}
2026-08-12 11:58:28 [INFO] voice.audio.level {'level': 5.128473276272416e-05}
2026-08-12 11:58:28 [INFO] voice.audio.level {'level': 4.891811234604878e-05}
2026-08-12 11:58:28 [INFO] voice.audio.level {'level': 5.10741180429856e-05}
2026-08-12 11:58:28 [INFO] voice.audio.level {'level': 4.7577635389946714e-05}
2026-08-12 11:58:28 [INFO] voice.audio.level {'level': 4.3802932244337477e-05}
2026-08-12 11:58:28 [INFO] voice.audio.level {'level': 5.191145343511987e-05}
2026-08-12 11:58:28 [INFO] voice.audio.level {'level': 4.429236772314956e-05}
2026-08-12 11:58:28 [INFO] voice.audio.level {'level': 4.913797056360636e-05}
2026-08-12 11:58:28 [INFO] voice.audio.level {'level': 5.0862630208333336e-05}
2026-08-12 11:58:28 [INFO] voice.audio.level {'level': 5.0007735505156844e-05}
2026-08-12 11:58:28 [INFO] voice.audio.level {'level': 5.314272736238006e-05}
2026-08-12 11:58:28 [INFO] voice.audio.level {'level': 4.689302841143217e-05}
2026-08-12 11:58:28 [INFO] voice.audio.level {'level': 4.525535890328077e-05}
2026-08-12 11:58:28 [INFO] voice.audio.level {'level': 4.689302841143217e-05}
2026-08-12 11:58:28 [INFO] voice.audio.level {'level': 5.0222824938828126e-05}
2026-08-12 11:58:28 [INFO] voice.audio.level {'level': 4.7350531531265005e-05}
2026-08-12 11:58:28 [INFO] voice.audio.level {'level': 4.8252525933397315e-05}
2026-08-12 11:58:28 [INFO] voice.audio.level {'level': 5.128473276272416e-05}
2026-08-12 11:58:28 [INFO] voice.audio.level {'level': 4.9574758425781816e-05}
2026-08-12 11:58:28 [INFO] voice.audio.level {'level': 5.043699578285062e-05}
2026-08-12 11:58:28 [INFO] voice.audio.level {'level': 4.847540367336478e-05}
2026-08-12 11:58:28 [INFO] voice.audio.level {'level': 4.355615601525642e-05}
2026-08-12 11:58:28 [INFO] voice.audio.level {'level': 5.128473276272416e-05}
2026-08-12 11:58:28 [INFO] voice.audio.level {'level': 4.4535066384317666e-05}
2026-08-12 11:58:28 [INFO] voice.audio.level {'level': 4.9574758425781816e-05}
2026-08-12 11:58:28 [INFO] voice.audio.level {'level': 5.0222824938828126e-05}
2026-08-12 11:58:28 [INFO] voice.audio.level {'level': 5.0862630208333336e-05}
2026-08-12 11:58:28 [INFO] voice.audio.level {'level': 5.149448649414505e-05}
2026-08-12 11:58:28 [INFO] voice.audio.level {'level': 4.780365694993331e-05}
2026-08-12 11:58:28 [INFO] voice.audio.level {'level': 4.596436156134587e-05}
2026-08-12 11:58:28 [INFO] voice.audio.level {'level': 4.689302841143217e-05}
2026-08-12 11:58:28 [INFO] voice.audio.level {'level': 5.065026016382035e-05}
2026-08-12 11:58:28 [INFO] voice.audio.level {'level': 4.525535890328077e-05}
2026-08-12 11:58:28 [INFO] voice.audio.level {'level': 4.869726277926627e-05}
2026-08-12 11:58:29 [INFO] voice.audio.level {'level': 5.191145343511987e-05}
2026-08-12 11:58:29 [INFO] voice.audio.level {'level': 4.9574758425781816e-05}
2026-08-12 11:58:29 [INFO] voice.audio.level {'level': 5.128473276272416e-05}
2026-08-12 11:58:29 [INFO] voice.audio.level {'level': 4.7350531531265005e-05}
2026-08-12 11:58:29 [INFO] voice.audio.level {'level': 4.3802932244337477e-05}
2026-08-12 11:58:29 [INFO] voice.audio.level {'level': 5.128473276272416e-05}
2026-08-12 11:58:29 [INFO] voice.audio.level {'level': 4.549291891938386e-05}
2026-08-12 11:58:29 [INFO] voice.audio.level {'level': 4.847540367336478e-05}
2026-08-12 11:58:29 [INFO] voice.audio.level {'level': 5.065026016382035e-05}
2026-08-12 11:58:29 [INFO] voice.audio.level {'level': 5.043699578285062e-05}
2026-08-12 11:58:29 [INFO] voice.audio.level {'level': 5.065026016382035e-05}
2026-08-12 11:58:29 [INFO] voice.audio.level {'level': 4.9574758425781816e-05}
2026-08-12 11:58:29 [INFO] voice.audio.level {'level': 4.549291891938386e-05}
2026-08-12 11:58:29 [INFO] voice.audio.level {'level': 4.643101722952755e-05}
2026-08-12 11:58:29 [INFO] voice.audio.level {'level': 5.10741180429856e-05}
2026-08-12 11:58:29 [INFO] voice.audio.level {'level': 4.355615601525642e-05}
2026-08-12 11:58:29 [INFO] voice.audio.level {'level': 4.9574758425781816e-05}
2026-08-12 11:58:29 [INFO] voice.audio.level {'level': 5.273549807801222e-05}
2026-08-12 11:58:29 [INFO] voice.audio.level {'level': 4.979171838688975e-05}
2026-08-12 11:58:29 [INFO] voice.audio.level {'level': 4.979171838688975e-05}
2026-08-12 11:58:29 [INFO] voice.audio.level {'level': 4.847540367336478e-05}
2026-08-12 11:58:29 [INFO] voice.audio.level {'level': 4.477644930981721e-05}
2026-08-12 11:58:29 [INFO] voice.audio.level {'level': 5.0007735505156844e-05}
2026-08-12 11:58:29 [INFO] voice.audio.level {'level': 4.6198277535343855e-05}
2026-08-12 11:58:29 [INFO] voice.audio.level {'level': 4.780365694993331e-05}
2026-08-12 11:58:29 [INFO] voice.audio.level {'level': 4.9574758425781816e-05}
2026-08-12 11:58:29 [INFO] voice.audio.level {'level': 5.1703391363844275e-05}
2026-08-12 11:58:29 [INFO] voice.audio.level {'level': 4.9574758425781816e-05}
2026-08-12 11:58:29 [INFO] voice.audio.level {'level': 5.0222824938828126e-05}
2026-08-12 11:58:29 [INFO] voice.audio.level {'level': 4.572924808599055e-05}
2026-08-12 11:58:29 [INFO] voice.audio.level {'level': 4.666259277049297e-05}
2026-08-12 11:58:29 [INFO] voice.audio.level {'level': 5.10741180429856e-05}
2026-08-12 11:58:29 [INFO] voice.audio.level {'level': 4.355615601525642e-05}
2026-08-12 11:58:30 [INFO] voice.audio.level {'level': 5.065026016382035e-05}
2026-08-12 11:58:30 [INFO] voice.audio.level {'level': 5.149448649414505e-05}
2026-08-12 11:58:30 [INFO] voice.audio.level {'level': 4.9574758425781816e-05}
2026-08-12 11:58:30 [INFO] voice.audio.level {'level': 5.043699578285062e-05}
2026-08-12 11:58:30 [INFO] voice.audio.level {'level': 4.8252525933397315e-05}
2026-08-12 11:58:30 [INFO] voice.audio.level {'level': 4.596436156134587e-05}
2026-08-12 11:58:30 [INFO] voice.audio.level {'level': 4.8252525933397315e-05}
2026-08-12 11:58:30 [INFO] voice.audio.level {'level': 4.7350531531265005e-05}
2026-08-12 11:58:30 [INFO] voice.audio.level {'level': 4.869726277926627e-05}
2026-08-12 11:58:30 [INFO] voice.audio.level {'level': 4.891811234604878e-05}
2026-08-12 11:58:30 [INFO] voice.audio.level {'level': 5.10741180429856e-05}
2026-08-12 11:58:30 [INFO] voice.audio.level {'level': 4.9574758425781816e-05}
2026-08-12 11:58:30 [INFO] voice.audio.level {'level': 5.0007735505156844e-05}
2026-08-12 11:58:30 [INFO] voice.audio.level {'level': 4.689302841143217e-05}
2026-08-12 11:58:30 [INFO] voice.audio.level {'level': 4.596436156134587e-05}
2026-08-12 11:58:30 [INFO] voice.audio.level {'level': 5.0862630208333336e-05}
2026-08-12 11:58:30 [INFO] voice.audio.level {'level': 4.355615601525642e-05}
2026-08-12 11:58:30 [INFO] voice.audio.level {'level': 5.043699578285062e-05}
2026-08-12 11:58:30 [INFO] voice.audio.level {'level': 5.1703391363844275e-05}
2026-08-12 11:58:30 [INFO] voice.audio.level {'level': 4.935684652688603e-05}
2026-08-12 11:58:30 [INFO] voice.audio.level {'level': 5.0862630208333336e-05}
2026-08-12 11:58:30 [INFO] voice.audio.level {'level': 4.869726277926627e-05}
2026-08-12 11:58:30 [INFO] voice.audio.level {'level': 4.549291891938386e-05}
2026-08-12 11:58:30 [INFO] voice.audio.level {'level': 4.7350531531265005e-05}
2026-08-12 11:58:30 [INFO] voice.audio.level {'level': 4.847540367336478e-05}
2026-08-12 11:58:30 [INFO] voice.audio.level {'level': 4.780365694993331e-05}
2026-08-12 11:58:30 [INFO] voice.audio.level {'level': 4.913797056360636e-05}
2026-08-12 11:58:30 [INFO] voice.audio.level {'level': 5.065026016382035e-05}
2026-08-12 11:58:30 [INFO] voice.audio.level {'level': 5.0222824938828126e-05}
2026-08-12 11:58:30 [INFO] voice.audio.level {'level': 5.065026016382035e-05}
2026-08-12 11:58:30 [INFO] voice.audio.level {'level': 4.596436156134587e-05}
2026-08-12 11:58:30 [INFO] voice.audio.level {'level': 4.572924808599055e-05}
2026-08-12 11:58:30 [INFO] voice.audio.level {'level': 5.149448649414505e-05}
2026-08-12 11:58:30 [INFO] voice.audio.level {'level': 4.429236772314956e-05}
2026-08-12 11:58:31 [INFO] voice.audio.level {'level': 4.979171838688975e-05}
2026-08-12 11:58:31 [INFO] voice.audio.level {'level': 5.149448649414505e-05}
2026-08-12 11:58:31 [INFO] voice.audio.level {'level': 4.935684652688603e-05}
2026-08-12 11:58:31 [INFO] voice.audio.level {'level': 5.149448649414505e-05}
2026-08-12 11:58:31 [INFO] voice.audio.level {'level': 4.8252525933397315e-05}
2026-08-12 11:58:31 [INFO] voice.audio.level {'level': 4.4535066384317666e-05}
2026-08-12 11:58:31 [INFO] voice.audio.level {'level': 4.802861743276784e-05}
2026-08-12 11:58:31 [INFO] voice.audio.level {'level': 4.891811234604878e-05}
2026-08-12 11:58:31 [INFO] voice.audio.level {'level': 4.8252525933397315e-05}
2026-08-12 11:58:31 [INFO] voice.audio.level {'level': 4.891811234604878e-05}
2026-08-12 11:58:31 [INFO] voice.audio.level {'level': 5.0862630208333336e-05}
2026-08-12 11:58:31 [INFO] voice.audio.level {'level': 4.979171838688975e-05}
2026-08-12 11:58:31 [INFO] voice.audio.level {'level': 5.0222824938828126e-05}
2026-08-12 11:58:31 [INFO] voice.audio.level {'level': 4.689302841143217e-05}
2026-08-12 11:58:31 [INFO] voice.audio.level {'level': 4.525535890328077e-05}
2026-08-12 11:58:31 [INFO] voice.audio.level {'level': 5.149448649414505e-05}
2026-08-12 11:58:31 [INFO] voice.audio.level {'level': 4.429236772314956e-05}
2026-08-12 11:58:31 [INFO] voice.audio.level {'level': 4.935684652688603e-05}
2026-08-12 11:58:31 [INFO] voice.audio.level {'level': 5.065026016382035e-05}
2026-08-12 11:58:31 [INFO] voice.audio.level {'level': 5.065026016382035e-05}
2026-08-12 11:58:31 [INFO] voice.audio.level {'level': 5.1703391363844275e-05}
2026-08-12 11:58:31 [INFO] voice.audio.level {'level': 4.802861743276784e-05}
2026-08-12 11:58:31 [INFO] voice.audio.level {'level': 4.525535890328077e-05}
2026-08-12 11:58:31 [INFO] voice.audio.level {'level': 4.7577635389946714e-05}
2026-08-12 11:58:31 [INFO] voice.audio.level {'level': 4.935684652688603e-05}
2026-08-12 11:58:31 [INFO] voice.audio.level {'level': 4.7577635389946714e-05}
2026-08-12 11:58:31 [INFO] voice.audio.level {'level': 4.869726277926627e-05}
2026-08-12 11:58:31 [INFO] voice.audio.level {'level': 5.128473276272416e-05}
2026-08-12 11:58:31 [INFO] voice.audio.level {'level': 4.891811234604878e-05}
2026-08-12 11:58:31 [INFO] voice.audio.level {'level': 5.10741180429856e-05}
2026-08-12 11:58:31 [INFO] voice.audio.level {'level': 4.7577635389946714e-05}
2026-08-12 11:58:31 [INFO] voice.audio.level {'level': 4.3802932244337477e-05}
2026-08-12 11:58:31 [INFO] voice.audio.level {'level': 5.191145343511987e-05}
2026-08-12 11:58:32 [INFO] voice.audio.level {'level': 4.429236772314956e-05}
2026-08-12 11:58:32 [INFO] voice.audio.level {'level': 4.913797056360636e-05}
2026-08-12 11:58:32 [INFO] voice.audio.level {'level': 5.0862630208333336e-05}
2026-08-12 11:58:32 [INFO] voice.audio.level {'level': 5.0007735505156844e-05}
2026-08-12 11:58:32 [INFO] voice.audio.level {'level': 5.314272736238006e-05}
2026-08-12 11:58:32 [INFO] voice.audio.level {'level': 4.689302841143217e-05}
2026-08-12 11:58:32 [INFO] voice.audio.level {'level': 4.525535890328077e-05}
2026-08-12 11:58:32 [INFO] voice.audio.level {'level': 4.689302841143217e-05}
2026-08-12 11:58:32 [INFO] voice.audio.level {'level': 5.0222824938828126e-05}
2026-08-12 11:58:32 [INFO] voice.audio.level {'level': 4.7350531531265005e-05}
2026-08-12 11:58:32 [INFO] voice.audio.level {'level': 4.8252525933397315e-05}
2026-08-12 11:58:32 [INFO] voice.audio.level {'level': 5.128473276272416e-05}
2026-08-12 11:58:32 [INFO] voice.audio.level {'level': 4.9574758425781816e-05}
2026-08-12 11:58:32 [INFO] voice.audio.level {'level': 5.043699578285062e-05}
2026-08-12 11:58:32 [INFO] voice.audio.level {'level': 4.847540367336478e-05}
2026-08-12 11:58:32 [INFO] voice.audio.level {'level': 4.355615601525642e-05}
2026-08-12 11:58:32 [INFO] voice.audio.level {'level': 5.128473276272416e-05}
2026-08-12 11:58:32 [INFO] voice.audio.level {'level': 4.4535066384317666e-05}
2026-08-12 11:58:32 [INFO] voice.audio.level {'level': 4.9574758425781816e-05}
2026-08-12 11:58:32 [INFO] voice.audio.level {'level': 5.0222824938828126e-05}
2026-08-12 11:58:32 [INFO] voice.audio.level {'level': 5.0862630208333336e-05}
2026-08-12 11:58:32 [INFO] voice.audio.level {'level': 5.149448649414505e-05}
2026-08-12 11:58:32 [INFO] voice.audio.level {'level': 4.780365694993331e-05}
2026-08-12 11:58:32 [INFO] voice.audio.level {'level': 4.596436156134587e-05}
2026-08-12 11:58:32 [INFO] voice.audio.level {'level': 4.689302841143217e-05}
2026-08-12 11:58:32 [INFO] voice.audio.level {'level': 5.065026016382035e-05}
2026-08-12 11:58:32 [INFO] voice.audio.level {'level': 4.525535890328077e-05}
2026-08-12 11:58:32 [INFO] voice.audio.level {'level': 4.869726277926627e-05}
2026-08-12 11:58:32 [INFO] voice.audio.level {'level': 5.191145343511987e-05}
2026-08-12 11:58:32 [INFO] voice.audio.level {'level': 4.9574758425781816e-05}
2026-08-12 11:58:32 [INFO] voice.audio.level {'level': 5.128473276272416e-05}
2026-08-12 11:58:32 [INFO] voice.audio.level {'level': 4.7350531531265005e-05}
2026-08-12 11:58:32 [INFO] voice.audio.level {'level': 4.3802932244337477e-05}
2026-08-12 11:58:33 [INFO] voice.audio.level {'level': 5.128473276272416e-05}
2026-08-12 11:58:33 [INFO] voice.audio.level {'level': 4.549291891938386e-05}
2026-08-12 11:58:33 [INFO] voice.audio.level {'level': 4.847540367336478e-05}
2026-08-12 11:58:33 [INFO] voice.audio.level {'level': 5.065026016382035e-05}
2026-08-12 11:58:33 [INFO] voice.audio.level {'level': 5.043699578285062e-05}
2026-08-12 11:58:33 [INFO] voice.audio.level {'level': 5.065026016382035e-05}
2026-08-12 11:58:33 [INFO] voice.audio.level {'level': 4.9574758425781816e-05}
2026-08-12 11:58:33 [INFO] voice.audio.level {'level': 4.549291891938386e-05}
2026-08-12 11:58:33 [INFO] voice.audio.level {'level': 4.643101722952755e-05}
2026-08-12 11:58:33 [INFO] voice.audio.level {'level': 5.10741180429856e-05}
2026-08-12 11:58:33 [INFO] voice.audio.level {'level': 4.355615601525642e-05}
2026-08-12 11:58:33 [INFO] voice.audio.level {'level': 4.9574758425781816e-05}
2026-08-12 11:58:33 [INFO] voice.audio.level {'level': 5.273549807801222e-05}
2026-08-12 11:58:33 [INFO] voice.audio.level {'level': 4.979171838688975e-05}
2026-08-12 11:58:33 [INFO] voice.audio.level {'level': 4.979171838688975e-05}
2026-08-12 11:58:33 [INFO] voice.audio.level {'level': 4.847540367336478e-05}
2026-08-12 11:58:33 [INFO] voice.audio.level {'level': 4.477644930981721e-05}
2026-08-12 11:58:33 [INFO] voice.audio.level {'level': 5.0007735505156844e-05}
2026-08-12 11:58:33 [INFO] voice.audio.level {'level': 4.6198277535343855e-05}
2026-08-12 11:58:33 [INFO] voice.audio.level {'level': 4.780365694993331e-05}
2026-08-12 11:58:33 [INFO] voice.audio.level {'level': 4.9574758425781816e-05}
2026-08-12 11:58:33 [INFO] voice.audio.level {'level': 5.1703391363844275e-05}
2026-08-12 11:58:33 [INFO] voice.audio.level {'level': 4.9574758425781816e-05}
2026-08-12 11:58:33 [INFO] voice.audio.level {'level': 5.0222824938828126e-05}
2026-08-12 11:58:33 [INFO] voice.audio.level {'level': 4.572924808599055e-05}
2026-08-12 11:58:33 [INFO] voice.audio.level {'level': 4.666259277049297e-05}
2026-08-12 11:58:33 [INFO] voice.audio.level {'level': 5.10741180429856e-05}
2026-08-12 11:58:33 [INFO] voice.audio.level {'level': 4.355615601525642e-05}
2026-08-12 11:58:33 [INFO] voice.audio.level {'level': 5.065026016382035e-05}
2026-08-12 11:58:33 [INFO] voice.audio.level {'level': 5.149448649414505e-05}
2026-08-12 11:58:33 [INFO] voice.audio.level {'level': 4.9574758425781816e-05}
2026-08-12 11:58:33 [INFO] voice.audio.level {'level': 5.043699578285062e-05}
2026-08-12 11:58:33 [INFO] voice.audio.level {'level': 4.8252525933397315e-05}
2026-08-12 11:58:34 [INFO] voice.audio.level {'level': 4.596436156134587e-05}
2026-08-12 11:58:34 [INFO] voice.audio.level {'level': 4.8252525933397315e-05}
2026-08-12 11:58:34 [INFO] voice.audio.level {'level': 4.7350531531265005e-05}
2026-08-12 11:58:34 [INFO] voice.audio.level {'level': 4.869726277926627e-05}
2026-08-12 11:58:34 [INFO] voice.audio.level {'level': 4.891811234604878e-05}
2026-08-12 11:58:34 [INFO] voice.audio.level {'level': 5.10741180429856e-05}
2026-08-12 11:58:34 [INFO] voice.audio.level {'level': 4.9574758425781816e-05}
2026-08-12 11:58:34 [INFO] voice.audio.level {'level': 5.0007735505156844e-05}
2026-08-12 11:58:34 [INFO] voice.audio.level {'level': 4.689302841143217e-05}
2026-08-12 11:58:34 [INFO] voice.audio.level {'level': 4.596436156134587e-05}
2026-08-12 11:58:34 [INFO] voice.audio.level {'level': 5.0862630208333336e-05}
2026-08-12 11:58:34 [INFO] voice.audio.level {'level': 4.355615601525642e-05}
2026-08-12 11:58:34 [INFO] voice.audio.level {'level': 5.043699578285062e-05}
2026-08-12 11:58:34 [INFO] voice.audio.level {'level': 5.1703391363844275e-05}
2026-08-12 11:58:34 [INFO] voice.audio.level {'level': 4.935684652688603e-05}
2026-08-12 11:58:34 [INFO] voice.audio.level {'level': 5.0862630208333336e-05}
2026-08-12 11:58:34 [INFO] voice.audio.level {'level': 4.869726277926627e-05}
2026-08-12 11:58:34 [INFO] voice.audio.level {'level': 4.549291891938386e-05}
2026-08-12 11:58:34 [INFO] voice.audio.level {'level': 4.7350531531265005e-05}
2026-08-12 11:58:34 [INFO] voice.audio.level {'level': 4.847540367336478e-05}
2026-08-12 11:58:34 [INFO] voice.audio.level {'level': 4.780365694993331e-05}
2026-08-12 11:58:34 [INFO] voice.audio.level {'level': 4.913797056360636e-05}
2026-08-12 11:58:34 [INFO] voice.audio.level {'level': 5.065026016382035e-05}
2026-08-12 11:58:34 [INFO] voice.audio.level {'level': 5.0222824938828126e-05}
2026-08-12 11:58:34 [INFO] voice.audio.level {'level': 5.065026016382035e-05}
2026-08-12 11:58:34 [INFO] voice.audio.level {'level': 4.596436156134587e-05}
2026-08-12 11:58:34 [INFO] voice.audio.level {'level': 4.572924808599055e-05}
2026-08-12 11:58:34 [INFO] voice.audio.level {'level': 5.149448649414505e-05}
2026-08-12 11:58:34 [INFO] voice.audio.level {'level': 4.429236772314956e-05}
2026-08-12 11:58:34 [INFO] voice.audio.level {'level': 4.979171838688975e-05}
2026-08-12 11:58:34 [INFO] voice.audio.level {'level': 5.149448649414505e-05}
2026-08-12 11:58:34 [INFO] voice.audio.level {'level': 4.935684652688603e-05}
2026-08-12 11:58:34 [INFO] voice.audio.level {'level': 5.149448649414505e-05}
2026-08-12 11:58:34 [INFO] voice.audio.level {'level': 4.8252525933397315e-05}
2026-08-12 11:58:35 [INFO] voice.audio.level {'level': 4.4535066384317666e-05}
2026-08-12 11:58:35 [INFO] voice.audio.level {'level': 4.802861743276784e-05}
2026-08-12 11:58:35 [INFO] voice.audio.level {'level': 4.891811234604878e-05}
2026-08-12 11:58:35 [INFO] voice.audio.level {'level': 4.8252525933397315e-05}
2026-08-12 11:58:35 [INFO] voice.audio.level {'level': 4.891811234604878e-05}
2026-08-12 11:58:35 [INFO] voice.audio.level {'level': 5.0862630208333336e-05}
2026-08-12 11:58:35 [INFO] voice.audio.level {'level': 4.979171838688975e-05}
2026-08-12 11:58:35 [INFO] voice.audio.level {'level': 5.0222824938828126e-05}
2026-08-12 11:58:35 [INFO] voice.audio.level {'level': 4.689302841143217e-05}
2026-08-12 11:58:35 [INFO] voice.audio.level {'level': 4.525535890328077e-05}
2026-08-12 11:58:35 [INFO] voice.audio.level {'level': 5.149448649414505e-05}
2026-08-12 11:58:35 [INFO] voice.audio.level {'level': 4.429236772314956e-05}
2026-08-12 11:58:35 [INFO] voice.audio.level {'level': 4.935684652688603e-05}
2026-08-12 11:58:35 [INFO] voice.audio.level {'level': 5.065026016382035e-05}
2026-08-12 11:58:35 [INFO] voice.audio.level {'level': 5.065026016382035e-05}
2026-08-12 11:58:35 [INFO] voice.audio.level {'level': 5.1703391363844275e-05}
2026-08-12 11:58:35 [INFO] voice.audio.level {'level': 4.802861743276784e-05}
2026-08-12 11:58:35 [INFO] voice.audio.level {'level': 4.525535890328077e-05}
2026-08-12 11:58:35 [INFO] voice.audio.level {'level': 4.7577635389946714e-05}
2026-08-12 11:58:35 [INFO] voice.audio.level {'level': 4.935684652688603e-05}
2026-08-12 11:58:35 [INFO] voice.audio.level {'level': 4.7577635389946714e-05}
2026-08-12 11:58:35 [INFO] voice.audio.level {'level': 4.869726277926627e-05}
2026-08-12 11:58:35 [INFO] voice.audio.level {'level': 5.128473276272416e-05}
2026-08-12 11:58:35 [INFO] voice.audio.level {'level': 4.891811234604878e-05}
2026-08-12 11:58:35 [INFO] voice.audio.level {'level': 5.10741180429856e-05}
2026-08-12 11:58:35 [INFO] voice.audio.level {'level': 4.7577635389946714e-05}
2026-08-12 11:58:35 [INFO] voice.audio.level {'level': 4.3802932244337477e-05}
2026-08-12 11:58:35 [INFO] voice.audio.level {'level': 5.191145343511987e-05}
2026-08-12 11:58:35 [INFO] voice.audio.level {'level': 4.429236772314956e-05}
2026-08-12 11:58:35 [INFO] voice.audio.level {'level': 4.913797056360636e-05}
2026-08-12 11:58:35 [INFO] voice.audio.level {'level': 5.0862630208333336e-05}
2026-08-12 11:58:35 [INFO] voice.audio.level {'level': 5.0007735505156844e-05}
2026-08-12 11:58:35 [INFO] voice.audio.level {'level': 5.314272736238006e-05}
2026-08-12 11:58:36 [INFO] voice.audio.level {'level': 4.689302841143217e-05}
2026-08-12 11:58:36 [INFO] voice.audio.level {'level': 4.525535890328077e-05}
2026-08-12 11:58:36 [INFO] voice.audio.level {'level': 4.689302841143217e-05}
2026-08-12 11:58:36 [INFO] voice.audio.level {'level': 5.0222824938828126e-05}
2026-08-12 11:58:36 [INFO] voice.audio.level {'level': 4.7350531531265005e-05}
2026-08-12 11:58:36 [INFO] voice.audio.level {'level': 4.8252525933397315e-05}
2026-08-12 11:58:36 [INFO] voice.audio.level {'level': 5.128473276272416e-05}
2026-08-12 11:58:36 [INFO] voice.audio.level {'level': 4.9574758425781816e-05}
2026-08-12 11:58:36 [INFO] voice.audio.level {'level': 5.043699578285062e-05}
2026-08-12 11:58:36 [INFO] voice.audio.level {'level': 4.847540367336478e-05}
2026-08-12 11:58:36 [INFO] voice.audio.level {'level': 4.355615601525642e-05}
2026-08-12 11:58:36 [INFO] voice.audio.level {'level': 5.128473276272416e-05}
2026-08-12 11:58:36 [INFO] voice.audio.level {'level': 4.4535066384317666e-05}
2026-08-12 11:58:36 [INFO] voice.audio.level {'level': 4.9574758425781816e-05}
2026-08-12 11:58:36 [INFO] voice.audio.level {'level': 5.0222824938828126e-05}
2026-08-12 11:58:36 [INFO] voice.audio.level {'level': 5.0862630208333336e-05}
2026-08-12 11:58:36 [INFO] voice.audio.level {'level': 5.149448649414505e-05}
2026-08-12 11:58:36 [INFO] voice.listening.stop
2026-08-13 13:18:35 [INFO] module.loaded {'module': 'AI'}
2026-08-13 13:18:35 [INFO] module.enabled {'module': 'AI'}
2026-08-13 13:18:35 [INFO] module.loaded {'module': 'Voice'}
2026-08-13 13:18:35 [INFO] module.enabled {'module': 'Voice'}
2026-08-13 13:18:36 [INFO] ui.updated {'page': 'Dashboard'}
2026-08-13 13:18:36 [INFO] app.started
2026-08-13 13:18:41 [INFO] ui.updated {'page': 'Voice'}
2026-08-13 13:18:49 [INFO] module.enabled {'module': 'Voice'}
2026-08-13 13:18:49 [INFO] voice.listening.start
2026-08-13 13:18:49 [INFO] voice.audio.level {'level': 4.8252525933397315e-05}
2026-08-13 13:18:49 [INFO] voice.audio.level {'level': 4.7350531531265005e-05}
2026-08-13 13:18:49 [INFO] voice.audio.level {'level': 4.869726277926627e-05}
2026-08-13 13:18:49 [INFO] voice.audio.level {'level': 4.891811234604878e-05}
2026-08-13 13:18:49 [INFO] voice.audio.level {'level': 5.10741180429856e-05}
2026-08-13 13:18:49 [INFO] voice.audio.level {'level': 4.9574758425781816e-05}
2026-08-13 13:18:49 [INFO] voice.audio.level {'level': 5.0007735505156844e-05}
2026-08-13 13:18:49 [INFO] voice.audio.level {'level': 4.689302841143217e-05}
2026-08-13 13:18:49 [INFO] voice.audio.level {'level': 4.596436156134587e-05}
2026-08-13 13:18:49 [INFO] voice.audio.level {'level': 5.0862630208333336e-05}
2026-08-13 13:18:49 [INFO] voice.audio.level {'level': 4.355615601525642e-05}
2026-08-13 13:18:49 [INFO] voice.audio.level {'level': 5.043699578285062e-05}
2026-08-13 13:18:49 [INFO] voice.audio.level {'level': 5.1703391363844275e-05}
2026-08-13 13:18:49 [INFO] voice.audio.level {'level': 4.935684652688603e-05}
2026-08-13 13:18:49 [INFO] voice.audio.level {'level': 5.0862630208333336e-05}
2026-08-13 13:18:49 [INFO] voice.audio.level {'level': 0.00032114692051739746}
2026-08-13 13:18:49 [INFO] voice.audio.level {'level': 0.031961873173713684}
2026-08-13 13:18:49 [INFO] voice.audio.level {'level': 0.029783984646201134}
2026-08-13 13:18:50 [INFO] voice.audio.level {'level': 0.03868646298845609}
2026-08-13 13:18:50 [INFO] voice.audio.level {'level': 0.04765192357202371}
2026-08-13 13:18:50 [INFO] voice.audio.level {'level': 0.5775014559427898}
2026-08-13 13:18:50 [INFO] voice.speech.start
2026-08-13 13:18:50 [INFO] voice.audio.level {'level': 0.6136429806550344}
2026-08-13 13:18:50 [INFO] voice.audio.level {'level': 0.6982030471165975}
2026-08-13 13:18:50 [INFO] voice.audio.level {'level': 0.6615643699963888}
2026-08-13 13:18:50 [INFO] voice.audio.level {'level': 0.5884252985318502}
2026-08-13 13:18:50 [INFO] voice.audio.level {'level': 0.6937208771705627}
2026-08-13 13:18:50 [INFO] voice.audio.level {'level': 0.7299078504244487}
2026-08-13 13:18:50 [INFO] voice.audio.level {'level': 0.7718142867088318}
2026-08-13 13:18:50 [INFO] voice.audio.level {'level': 0.7768135269482931}
2026-08-13 13:18:50 [INFO] voice.audio.level {'level': 0.8229619264602661}
2026-08-13 13:18:50 [INFO] voice.audio.level {'level': 0.9226840734481812}
2026-08-13 13:18:50 [INFO] voice.audio.level {'level': 1.0}
2026-08-13 13:18:50 [INFO] voice.audio.level {'level': 1.0}
2026-08-13 13:18:50 [INFO] voice.audio.level {'level': 1.0}
2026-08-13 13:18:50 [INFO] voice.audio.level {'level': 1.0}
2026-08-13 13:18:50 [INFO] voice.audio.level {'level': 1.0}
2026-08-13 13:18:50 [INFO] voice.audio.level {'level': 1.0}
2026-08-13 13:18:50 [INFO] voice.audio.level {'level': 1.0}
2026-08-13 13:18:50 [INFO] voice.audio.level {'level': 0.9594102700551351}
2026-08-13 13:18:50 [INFO] voice.audio.level {'level': 0.9409100810686748}
2026-08-13 13:18:50 [INFO] voice.audio.level {'level': 0.9984819094340007}
2026-08-13 13:18:50 [INFO] voice.audio.level {'level': 0.956809421380361}
2026-08-13 13:18:50 [INFO] voice.audio.level {'level': 0.800310621658961}
2026-08-13 13:18:50 [INFO] voice.audio.level {'level': 0.6151338418324789}
2026-08-13 13:18:50 [INFO] voice.audio.level {'level': 0.37111369272073114}
2026-08-13 13:18:50 [INFO] voice.audio.level {'level': 0.24850713709990185}
2026-08-13 13:18:50 [INFO] voice.audio.level {'level': 0.4456132153669993}
2026-08-13 13:18:50 [INFO] voice.audio.level {'level': 0.5712068577607473}
2026-08-13 13:18:50 [INFO] voice.audio.level {'level': 0.4859660069147746}
2026-08-13 13:18:50 [INFO] voice.audio.level {'level': 0.34781297047932946}
2026-08-13 13:18:50 [INFO] voice.audio.level {'level': 0.17662247021993002}
2026-08-13 13:18:51 [INFO] voice.audio.level {'level': 0.3931412100791931}
2026-08-13 13:18:51 [INFO] voice.audio.level {'level': 0.6889484326044719}
2026-08-13 13:18:51 [INFO] voice.audio.level {'level': 0.8551392952601116}
2026-08-13 13:18:51 [INFO] voice.audio.level {'level': 0.7603317002455394}
2026-08-13 13:18:51 [INFO] voice.audio.level {'level': 0.8233841260274252}
2026-08-13 13:18:51 [INFO] voice.audio.level {'level': 0.7406480113665264}
2026-08-13 13:18:51 [INFO] voice.audio.level {'level': 0.4651988049348196}
2026-08-13 13:18:51 [INFO] voice.audio.level {'level': 0.1649193838238716}
2026-08-13 13:18:51 [INFO] voice.audio.level {'level': 0.3311948229869207}
2026-08-13 13:18:51 [INFO] voice.audio.level {'level': 0.6063862641652426}
2026-08-13 13:18:51 [INFO] voice.audio.level {'level': 0.5986596643924713}
2026-08-13 13:18:51 [INFO] voice.audio.level {'level': 0.5027653773625692}
2026-08-13 13:18:51 [INFO] voice.audio.level {'level': 0.467077245314916}
2026-08-13 13:18:51 [INFO] voice.audio.level {'level': 0.4502089818318685}
2026-08-13 13:18:51 [INFO] voice.audio.level {'level': 0.41827763120333356}
2026-08-13 13:18:51 [INFO] voice.audio.level {'level': 0.4226153592268626}
2026-08-13 13:18:51 [INFO] voice.audio.level {'level': 0.4312070707480113}
2026-08-13 13:18:51 [INFO] voice.audio.level {'level': 0.44045512874921167}
2026-08-13 13:18:51 [INFO] voice.audio.level {'level': 0.4704470932483673}
2026-08-13 13:18:51 [INFO] voice.audio.level {'level': 0.43922046820322674}
2026-08-13 13:18:51 [INFO] voice.audio.level {'level': 0.42827238639195764}
2026-08-13 13:18:51 [INFO] voice.audio.level {'level': 0.4191848635673523}
2026-08-13 13:18:51 [INFO] voice.audio.level {'level': 0.4327554007371267}
2026-08-13 13:18:51 [INFO] voice.audio.level {'level': 0.5026517311731975}
2026-08-13 13:18:51 [INFO] voice.audio.level {'level': 0.45251309871673584}
2026-08-13 13:18:51 [INFO] voice.audio.level {'level': 0.41288428008556366}
2026-08-13 13:18:51 [INFO] voice.audio.level {'level': 0.38949494560559594}
2026-08-13 13:18:51 [INFO] voice.audio.level {'level': 0.4056849082310995}
2026-08-13 13:18:51 [INFO] voice.audio.level {'level': 0.36727964878082275}
2026-08-13 13:18:51 [INFO] voice.audio.level {'level': 0.3197726607322693}
2026-08-13 13:18:51 [INFO] voice.audio.level {'level': 0.3423117597897848}
2026-08-13 13:18:51 [INFO] voice.audio.level {'level': 0.3517201294501623}
2026-08-13 13:18:51 [INFO] voice.audio.level {'level': 0.323962743083636}
2026-08-13 13:18:51 [INFO] voice.audio.level {'level': 0.24759739637374878}
2026-08-13 13:18:52 [INFO] voice.audio.level {'level': 0.14254875481128693}
2026-08-13 13:18:52 [INFO] voice.audio.level {'level': 0.08800075699885687}
2026-08-13 13:18:52 [INFO] voice.audio.level {'level': 0.04316015789906184}
2026-08-13 13:18:52 [INFO] voice.audio.level {'level': 0.03973629636069139}
2026-08-13 13:18:52 [INFO] voice.audio.level {'level': 0.02576418376217286}
2026-08-13 13:18:52 [INFO] voice.audio.level {'level': 0.008423198014497757}
2026-08-13 13:18:52 [INFO] voice.audio.level {'level': 0.0013389372422049444}
2026-08-13 13:18:52 [INFO] voice.audio.level {'level': 0.0010058827077349028}
2026-08-13 13:18:52 [INFO] voice.audio.level {'level': 0.0007582911348436028}
2026-08-13 13:18:52 [INFO] voice.audio.level {'level': 0.0009408326392682891}
2026-08-13 13:18:52 [INFO] voice.audio.level {'level': 0.0009306957751202087}
2026-08-13 13:18:52 [INFO] voice.audio.level {'level': 0.0008569636459772786}
2026-08-13 13:18:52 [INFO] voice.audio.level {'level': 0.0003271986982629945}
2026-08-13 13:18:52 [INFO] voice.audio.level {'level': 0.0003494994355908906}
2026-08-13 13:18:52 [INFO] voice.audio.level {'level': 0.00026672588622507953}
2026-08-13 13:18:52 [INFO] voice.audio.level {'level': 0.00044280197471380234}
2026-08-13 13:18:52 [INFO] voice.audio.level {'level': 0.00013592477140870568}
2026-08-13 13:18:52 [INFO] voice.audio.level {'level': 0.0002435305699085196}
2026-08-13 13:18:52 [INFO] voice.audio.level {'level': 0.00011094973160652444}
2026-08-13 13:18:52 [INFO] voice.audio.level {'level': 0.00024184276602075747}
2026-08-13 13:18:52 [INFO] voice.audio.level {'level': 0.00019478905111706507}
2026-08-13 13:18:52 [INFO] voice.audio.level {'level': 0.00015187983080977574}
2026-08-13 13:18:52 [INFO] voice.audio.level {'level': 9.67281872969276e-05}
2026-08-13 13:18:52 [INFO] voice.audio.level {'level': 0.00013726628822041675}
2026-08-13 13:18:52 [INFO] voice.audio.level {'level': 0.00010172526041666667}
2026-08-13 13:18:52 [INFO] voice.audio.level {'level': 9.650505186679463e-05}
2026-08-13 13:18:52 [INFO] voice.audio.level {'level': 6.728493341749224e-05}
2026-08-13 13:18:52 [INFO] voice.audio.level {'level': 9.40156436020819e-05}
2026-08-13 13:18:52 [INFO] voice.audio.level {'level': 6.533423099123563e-05}
2026-08-13 13:18:52 [INFO] voice.audio.level {'level': 9.262958580317597e-05}
2026-08-13 13:18:52 [INFO] voice.audio.level {'level': 7.010929645427193e-05}
2026-08-13 13:18:52 [INFO] voice.audio.level {'level': 7.056903389942212e-05}
2026-08-13 13:18:52 [INFO] voice.audio.level {'level': 6.0002093960065395e-05}
2026-08-13 13:18:53 [INFO] voice.audio.level {'level': 8.305833034683019e-05}
2026-08-13 13:18:53 [INFO] voice.audio.level {'level': 6.949157977942377e-05}
2026-08-13 13:18:53 [INFO] voice.audio.level {'level': 8.344675128076537e-05}
2026-08-13 13:18:53 [INFO] voice.audio.level {'level': 8.636668402080735e-05}
2026-08-13 13:18:53 [INFO] voice.audio.level {'level': 7.282420483534224e-05}
2026-08-13 13:18:53 [INFO] voice.audio.level {'level': 6.886832731349084e-05}
2026-08-13 13:18:53 [INFO] voice.audio.level {'level': 7.62939453125e-05}
2026-08-13 13:18:53 [INFO] voice.audio.level {'level': 5.493791832122952e-05}
2026-08-13 13:18:53 [INFO] voice.audio.level {'level': 5.29395038029179e-05}
2026-08-13 13:18:53 [INFO] voice.audio.level {'level': 5.128473276272416e-05}
2026-08-13 13:18:53 [INFO] voice.audio.level {'level': 5.043699578285062e-05}
2026-08-13 13:18:53 [INFO] voice.audio.level {'level': 4.979171838688975e-05}
2026-08-13 13:18:53 [INFO] voice.audio.level {'level': 4.913797056360636e-05}
2026-08-13 13:18:53 [INFO] voice.audio.level {'level': 5.0007735505156844e-05}
2026-08-13 13:18:53 [INFO] voice.audio.level {'level': 5.10741180429856e-05}
2026-08-13 13:18:53 [INFO] voice.audio.level {'level': 4.9574758425781816e-05}
2026-08-13 13:18:53 [INFO] voice.audio.level {'level': 5.0007735505156844e-05}
2026-08-13 13:18:53 [INFO] voice.audio.level {'level': 4.689302841143217e-05}
2026-08-13 13:18:53 [INFO] voice.audio.level {'level': 4.596436156134587e-05}
2026-08-13 13:18:53 [INFO] voice.audio.level {'level': 5.0862630208333336e-05}
2026-08-13 13:18:53 [INFO] voice.audio.level {'level': 4.355615601525642e-05}
2026-08-13 13:18:53 [INFO] voice.audio.level {'level': 5.043699578285062e-05}
2026-08-13 13:18:53 [INFO] voice.audio.level {'level': 5.1703391363844275e-05}
2026-08-13 13:18:53 [INFO] voice.audio.level {'level': 4.935684652688603e-05}
2026-08-13 13:18:53 [INFO] voice.audio.level {'level': 5.0862630208333336e-05}
2026-08-13 13:18:53 [INFO] voice.audio.level {'level': 4.869726277926627e-05}
2026-08-13 13:18:53 [INFO] voice.audio.level {'level': 4.549291891938386e-05}
2026-08-13 13:18:53 [INFO] voice.audio.level {'level': 4.7350531531265005e-05}
2026-08-13 13:18:53 [INFO] voice.audio.level {'level': 4.847540367336478e-05}
2026-08-13 13:18:53 [INFO] voice.audio.level {'level': 4.780365694993331e-05}
2026-08-13 13:18:53 [INFO] voice.audio.level {'level': 4.913797056360636e-05}
2026-08-13 13:18:53 [INFO] voice.audio.level {'level': 5.065026016382035e-05}
2026-08-13 13:18:53 [INFO] voice.audio.level {'level': 5.0222824938828126e-05}
2026-08-13 13:18:54 [INFO] voice.audio.level {'level': 5.065026016382035e-05}
2026-08-13 13:18:54 [INFO] voice.audio.level {'level': 4.596436156134587e-05}
2026-08-13 13:18:54 [INFO] voice.audio.level {'level': 4.572924808599055e-05}
2026-08-13 13:18:54 [INFO] voice.audio.level {'level': 5.149448649414505e-05}
2026-08-13 13:18:54 [INFO] voice.audio.level {'level': 4.429236772314956e-05}
2026-08-13 13:18:54 [INFO] voice.audio.level {'level': 4.979171838688975e-05}
2026-08-13 13:18:54 [INFO] voice.audio.level {'level': 5.149448649414505e-05}
2026-08-13 13:18:54 [INFO] voice.audio.level {'level': 4.935684652688603e-05}
2026-08-13 13:18:54 [INFO] voice.audio.level {'level': 5.149448649414505e-05}
2026-08-13 13:18:54 [INFO] voice.audio.level {'level': 4.8252525933397315e-05}
2026-08-13 13:18:54 [INFO] voice.audio.level {'level': 4.4535066384317666e-05}
2026-08-13 13:18:54 [INFO] voice.audio.level {'level': 4.802861743276784e-05}
2026-08-13 13:18:54 [INFO] voice.audio.level {'level': 4.891811234604878e-05}
2026-08-13 13:18:54 [INFO] voice.audio.level {'level': 4.8252525933397315e-05}
2026-08-13 13:18:54 [INFO] voice.audio.level {'level': 4.891811234604878e-05}
2026-08-13 13:18:54 [INFO] voice.audio.level {'level': 5.0862630208333336e-05}
2026-08-13 13:18:54 [INFO] voice.audio.level {'level': 4.979171838688975e-05}
2026-08-13 13:18:54 [INFO] voice.audio.level {'level': 5.0222824938828126e-05}
2026-08-13 13:18:54 [INFO] voice.audio.level {'level': 4.689302841143217e-05}
2026-08-13 13:18:54 [INFO] voice.audio.level {'level': 4.525535890328077e-05}
2026-08-13 13:18:54 [INFO] voice.audio.level {'level': 5.149448649414505e-05}
2026-08-13 13:18:54 [INFO] voice.audio.level {'level': 4.429236772314956e-05}
2026-08-13 13:18:54 [INFO] voice.audio.level {'level': 4.935684652688603e-05}
2026-08-13 13:18:54 [INFO] voice.audio.level {'level': 5.065026016382035e-05}
2026-08-13 13:18:54 [INFO] voice.audio.level {'level': 5.065026016382035e-05}
2026-08-13 13:18:54 [INFO] voice.audio.level {'level': 5.1703391363844275e-05}
2026-08-13 13:18:54 [INFO] voice.audio.level {'level': 4.802861743276784e-05}
2026-08-13 13:18:54 [INFO] voice.audio.level {'level': 4.525535890328077e-05}
2026-08-13 13:18:54 [INFO] voice.audio.level {'level': 4.7577635389946714e-05}
2026-08-13 13:18:54 [INFO] voice.audio.level {'level': 4.935684652688603e-05}
2026-08-13 13:18:54 [INFO] voice.audio.level {'level': 4.7577635389946714e-05}
2026-08-13 13:18:54 [INFO] voice.audio.level {'level': 4.869726277926627e-05}
2026-08-13 13:18:54 [INFO] voice.audio.level {'level': 5.128473276272416e-05}
2026-08-13 13:18:54 [INFO] voice.audio.level {'level': 4.891811234604878e-05}
2026-08-13 13:18:55 [INFO] voice.audio.level {'level': 5.10741180429856e-05}
2026-08-13 13:18:55 [INFO] voice.audio.level {'level': 4.7577635389946714e-05}
2026-08-13 13:18:55 [INFO] voice.audio.level {'level': 4.3802932244337477e-05}
2026-08-13 13:18:55 [INFO] voice.audio.level {'level': 5.191145343511987e-05}
2026-08-13 13:18:55 [INFO] voice.audio.level {'level': 4.429236772314956e-05}
2026-08-13 13:18:55 [INFO] voice.audio.level {'level': 4.913797056360636e-05}
2026-08-13 13:18:55 [INFO] voice.audio.level {'level': 5.0862630208333336e-05}
2026-08-13 13:18:55 [INFO] voice.audio.level {'level': 5.0007735505156844e-05}
2026-08-13 13:18:55 [INFO] voice.audio.level {'level': 5.314272736238006e-05}
2026-08-13 13:18:55 [INFO] voice.audio.level {'level': 4.689302841143217e-05}
2026-08-13 13:18:55 [INFO] voice.audio.level {'level': 4.525535890328077e-05}
2026-08-13 13:18:55 [INFO] voice.audio.level {'level': 4.689302841143217e-05}
2026-08-13 13:18:55 [INFO] voice.audio.level {'level': 5.0222824938828126e-05}
2026-08-13 13:18:55 [INFO] voice.audio.level {'level': 4.7350531531265005e-05}
2026-08-13 13:18:55 [INFO] voice.audio.level {'level': 4.8252525933397315e-05}
2026-08-13 13:18:55 [INFO] voice.audio.level {'level': 5.128473276272416e-05}
2026-08-13 13:18:55 [INFO] voice.audio.level {'level': 4.9574758425781816e-05}
2026-08-13 13:18:55 [INFO] voice.audio.level {'level': 5.043699578285062e-05}
2026-08-13 13:18:55 [INFO] voice.audio.level {'level': 4.847540367336478e-05}
2026-08-13 13:18:55 [INFO] voice.audio.level {'level': 4.355615601525642e-05}
2026-08-13 13:18:55 [INFO] voice.audio.level {'level': 5.128473276272416e-05}
2026-08-13 13:18:55 [INFO] voice.audio.level {'level': 4.4535066384317666e-05}
2026-08-13 13:18:55 [INFO] voice.audio.level {'level': 4.9574758425781816e-05}
2026-08-13 13:18:55 [INFO] voice.audio.level {'level': 5.0222824938828126e-05}
2026-08-13 13:18:55 [INFO] voice.audio.level {'level': 5.0862630208333336e-05}
2026-08-13 13:18:55 [INFO] voice.audio.level {'level': 5.149448649414505e-05}
2026-08-13 13:18:55 [INFO] voice.audio.level {'level': 4.780365694993331e-05}
2026-08-13 13:18:55 [INFO] voice.audio.level {'level': 4.596436156134587e-05}
2026-08-13 13:18:55 [INFO] voice.audio.level {'level': 4.689302841143217e-05}
2026-08-13 13:18:55 [INFO] voice.audio.level {'level': 5.065026016382035e-05}
2026-08-13 13:18:55 [INFO] voice.audio.level {'level': 4.525535890328077e-05}
2026-08-13 13:18:55 [INFO] voice.audio.level {'level': 4.869726277926627e-05}
2026-08-13 13:18:55 [INFO] voice.audio.level {'level': 5.191145343511987e-05}
2026-08-13 13:18:56 [INFO] voice.audio.level {'level': 4.9574758425781816e-05}
2026-08-13 13:18:56 [INFO] voice.audio.level {'level': 5.128473276272416e-05}
2026-08-13 13:18:59 [INFO] voice.listening.stop
2026-08-13 13:18:59 [INFO] voice.audio.level {'level': 4.7350531531265005e-05}
2026-08-13 13:19:02 [INFO] ui.updated {'page': 'Module Manager'}
2026-08-13 13:19:06 [INFO] ui.updated {'page': 'Voice'}
2026-08-13 13:19:07 [INFO] ui.updated {'page': 'Dashboard'}
2026-08-13 13:19:32 [INFO] voice.speech.end
2026-08-13 13:19:32 [INFO] voice.stt.final {'text': 'Hello, is this Oregon?', 'confidence': 0.43185763888888884, 'latency_ms': 39587.1}
2026-08-13 13:19:32 [INFO] conversation.turn.start {'text': 'Hello, is this Oregon?', 'is_interruption': False}
2026-08-13 13:19:32 [INFO] latency.stt {'ms': 39587.1}
2026-08-13 13:19:32 [INFO] ai.request {'prompt_length': 22}
2026-08-13 13:19:32 [ERROR] ai.error {'error': 'HTTP 404: '}
2026-08-13 13:19:32 [ERROR] ai.error {'error': 'HTTP 404: '}
2026-08-13 13:20:37 [INFO] ai.request {'prompt_length': 5}
2026-08-13 13:20:37 [ERROR] ai.error {'error': 'HTTP 404: '}
2026-09-11 19:27:19 [INFO] module.loaded {'module': 'AI'}
2026-09-11 19:27:19 [INFO] module.enabled {'module': 'AI'}
2026-09-11 19:27:19 [INFO] module.loaded {'module': 'Voice'}
2026-09-11 19:27:19 [INFO] module.enabled {'module': 'Voice'}
2026-09-11 19:27:20 [INFO] ui.updated {'page': 'Dashboard'}
2026-09-11 19:27:20 [INFO] app.started
2026-09-11 19:27:29 [INFO] ai.request {'prompt_length': 5}
2026-09-11 19:27:29 [ERROR] ai.error {'error': "Model 'gpt-4o-mini' not found. Run 'ollama pull gpt-4o-mini' first."}
2026-09-11 19:34:06 [INFO] module.loaded {'module': 'AI'}
2026-09-11 19:34:06 [INFO] module.enabled {'module': 'AI'}
2026-09-11 19:34:06 [INFO] module.loaded {'module': 'Voice'}
2026-09-11 19:34:06 [INFO] module.enabled {'module': 'Voice'}
2026-09-11 19:34:07 [INFO] ui.updated {'page': 'Dashboard'}
2026-09-11 19:34:07 [INFO] app.started
2026-09-11 19:34:11 [INFO] ai.request {'prompt_length': 2}
2026-09-11 19:34:11 [ERROR] ai.error {'error': "Model 'gpt-4o-mini' not found. Run 'ollama pull gpt-4o-mini' first."}
2026-09-11 19:35:33 [INFO] module.loaded {'module': 'AI'}
2026-09-11 19:35:33 [INFO] module.enabled {'module': 'AI'}
2026-09-11 19:35:33 [INFO] module.loaded {'module': 'Voice'}
2026-09-11 19:35:33 [INFO] module.enabled {'module': 'Voice'}
2026-09-11 19:35:34 [INFO] ui.updated {'page': 'Dashboard'}
2026-09-11 19:35:34 [INFO] app.started
2026-09-11 19:35:41 [INFO] ui.updated {'page': 'Voice'}
2026-09-11 19:35:41 [INFO] ui.updated {'page': 'Module Manager'}
2026-09-11 19:35:43 [INFO] ui.updated {'page': 'Analytics'}
2026-09-11 19:35:44 [INFO] ui.updated {'page': 'Module Manager'}
2026-09-11 19:35:47 [INFO] ui.updated {'page': 'Settings'}
2026-09-11 19:36:04 [INFO] settings.changed
2026-09-11 19:36:08 [INFO] ui.updated {'page': 'Dashboard'}
2026-09-11 19:36:13 [INFO] ai.request {'prompt_length': 5}
2026-09-11 19:36:13 [ERROR] ai.error {'error': "Model 'llama3.1' not found. Run 'ollama pull llama3.1' first."}
2026-09-11 19:36:26 [INFO] ui.updated {'page': 'Health'}
2026-09-11 19:36:27 [INFO] ui.updated {'page': 'Console'}
2026-09-11 19:36:28 [INFO] ui.updated {'page': 'Health'}
2026-09-11 19:36:28 [INFO] ui.updated {'page': 'Analytics'}
2026-09-11 19:43:24 [INFO] module.loaded {'module': 'AI'}
2026-09-11 19:43:24 [INFO] module.enabled {'module': 'AI'}
2026-09-11 19:43:24 [INFO] module.loaded {'module': 'Voice'}
2026-09-11 19:43:24 [INFO] module.enabled {'module': 'Voice'}
2026-09-11 19:43:26 [INFO] ui.updated {'page': 'Dashboard'}
2026-09-11 19:43:26 [INFO] app.started
2026-09-11 19:43:38 [INFO] ui.updated {'page': 'Module Manager'}
2026-09-11 19:43:40 [INFO] ui.updated {'page': 'Analytics'}
2026-09-11 19:45:25 [INFO] module.loaded {'module': 'AI'}
2026-09-11 19:45:25 [INFO] module.enabled {'module': 'AI'}
2026-09-11 19:45:25 [INFO] module.loaded {'module': 'Voice'}
2026-09-11 19:45:25 [INFO] module.enabled {'module': 'Voice'}
2026-09-11 19:45:26 [INFO] ui.updated {'page': 'Dashboard'}
2026-09-11 19:45:26 [INFO] app.started
2026-09-11 19:45:27 [INFO] ui.updated {'page': 'Module Manager'}
2026-09-11 19:45:27 [INFO] ui.updated {'page': 'Analytics'}
2026-09-11 19:45:28 [INFO] ui.updated {'page': 'Health'}
2026-09-11 19:45:29 [INFO] ui.updated {'page': 'Console'}
2026-09-11 19:45:30 [INFO] ui.updated {'page': 'Settings'}
2026-09-11 19:45:34 [INFO] ui.updated {'page': 'Dashboard'}
2026-09-11 19:45:38 [INFO] ai.request {'prompt_length': 2}
2026-09-11 19:45:38 [ERROR] ai.error {'error': "Model 'llama3.1' not found. Run 'ollama pull llama3.1' first."}
2026-09-11 19:46:02 [INFO] module.loaded {'module': 'AI'}
2026-09-11 19:46:02 [INFO] module.enabled {'module': 'AI'}
2026-09-11 19:46:02 [INFO] module.loaded {'module': 'Voice'}
2026-09-11 19:46:02 [INFO] module.enabled {'module': 'Voice'}
2026-09-11 19:46:03 [INFO] ui.updated {'page': 'Dashboard'}
2026-09-11 19:46:03 [INFO] app.started
2026-09-11 19:46:07 [INFO] ai.request {'prompt_length': 2}
2026-09-11 19:46:07 [ERROR] ai.error {'error': "Model 'llama3.1' not found. Run 'ollama pull llama3.1' first."}
2026-09-11 19:48:49 [INFO] module.loaded {'module': 'AI'}
2026-09-11 19:48:49 [INFO] module.enabled {'module': 'AI'}
2026-09-11 19:48:49 [INFO] module.loaded {'module': 'Voice'}
2026-09-11 19:48:49 [INFO] module.enabled {'module': 'Voice'}
2026-09-11 19:48:50 [INFO] ui.updated {'page': 'Dashboard'}
2026-09-11 19:48:50 [INFO] app.started
2026-09-11 19:48:52 [INFO] ai.request {'prompt_length': 2}
2026-09-11 19:48:52 [ERROR] ai.error {'error': "Model 'llama3.1' not found. Run 'ollama pull llama3.1' first."}
2026-09-11 19:49:12 [INFO] module.loaded {'module': 'AI'}
2026-09-11 19:49:12 [INFO] module.enabled {'module': 'AI'}
2026-09-11 19:49:12 [INFO] module.loaded {'module': 'Voice'}
2026-09-11 19:49:12 [INFO] module.enabled {'module': 'Voice'}
2026-09-11 19:49:12 [INFO] ui.updated {'page': 'Dashboard'}
2026-09-11 19:49:12 [INFO] app.started
2026-09-11 19:49:14 [INFO] ui.updated {'page': 'Settings'}
2026-09-11 19:49:21 [INFO] settings.changed
2026-09-11 19:49:24 [INFO] ui.updated {'page': 'Dashboard'}
2026-09-11 19:49:27 [INFO] ai.request {'prompt_length': 2}
2026-09-11 19:49:27 [ERROR] ai.error {'error': "Model 'llama3.1:latest' not found. Run 'ollama pull llama3.1:latest' first."}
2026-09-11 21:37:07 [INFO] module.loaded {'module': 'AI'}
2026-09-11 21:37:07 [INFO] module.enabled {'module': 'AI'}
2026-09-11 21:37:07 [INFO] module.loaded {'module': 'Voice'}
2026-09-11 21:37:07 [INFO] module.enabled {'module': 'Voice'}
2026-09-11 21:37:10 [INFO] ui.updated {'page': 'Dashboard'}
2026-09-11 21:37:10 [INFO] app.started
2026-09-11 21:37:17 [INFO] ai.request {'prompt_length': 2}
2026-09-11 21:37:24 [INFO] ai.response {'elapsed_seconds': 6.685, 'response_length': 10}
2026-09-11 21:49:01 [INFO] module.loaded {'module': 'AI'}
2026-09-11 21:49:01 [INFO] module.enabled {'module': 'AI'}
2026-09-11 21:49:01 [INFO] module.loaded {'module': 'Voice'}
2026-09-11 21:49:01 [INFO] module.enabled {'module': 'Voice'}
2026-09-11 21:49:04 [INFO] ui.updated {'page': 'Dashboard'}
2026-09-11 21:49:04 [INFO] app.started
2026-09-11 21:49:15 [INFO] ui.updated {'page': 'Settings'}
2026-09-11 21:49:34 [INFO] settings.changed
2026-09-11 21:49:38 [INFO] ui.updated {'page': 'Dashboard'}
2026-09-11 21:49:43 [INFO] ai.request {'prompt_length': 2}
2026-09-11 21:49:46 [INFO] ai.response {'elapsed_seconds': 2.084, 'response_length': 10}
2026-09-11 21:51:22 [INFO] module.loaded {'module': 'AI'}
2026-09-11 21:51:22 [INFO] module.enabled {'module': 'AI'}
2026-09-11 21:51:22 [INFO] module.loaded {'module': 'Voice'}
2026-09-11 21:51:22 [INFO] module.enabled {'module': 'Voice'}
2026-09-11 21:51:25 [INFO] ui.updated {'page': 'Dashboard'}
2026-09-11 21:51:25 [INFO] app.started
2026-09-11 21:51:31 [INFO] ui.updated {'page': 'Settings'}
2026-09-11 21:51:35 [INFO] ui.updated {'page': 'Dashboard'}
2026-09-11 21:51:40 [INFO] ai.request {'prompt_length': 5}
2026-09-11 21:51:51 [INFO] ai.response {'elapsed_seconds': 8.612, 'response_length': 13}
2026-09-11 21:57:27 [INFO] module.loaded {'module': 'AI'}
2026-09-11 21:57:27 [INFO] module.enabled {'module': 'AI'}
2026-09-11 21:57:27 [INFO] module.loaded {'module': 'Voice'}
2026-09-11 21:57:27 [INFO] module.enabled {'module': 'Voice'}
2026-09-11 21:57:30 [INFO] ui.updated {'page': 'Dashboard'}
2026-09-11 21:57:30 [INFO] app.started
2026-09-11 21:57:32 [INFO] ui.updated {'page': 'Settings'}
2026-09-11 22:03:32 [INFO] module.loaded {'module': 'AI'}
2026-09-11 22:03:32 [INFO] module.enabled {'module': 'AI'}
2026-09-11 22:03:32 [INFO] module.loaded {'module': 'Voice'}
2026-09-11 22:03:32 [INFO] module.enabled {'module': 'Voice'}
2026-09-11 22:03:34 [INFO] ui.updated {'page': 'Dashboard'}
2026-09-11 22:03:34 [INFO] app.started
2026-09-11 22:03:45 [INFO] ui.updated {'page': 'Voice'}
2026-09-11 22:03:45 [INFO] ui.updated {'page': 'Settings'}
2026-09-11 22:08:12 [INFO] module.loaded {'module': 'AI'}
2026-09-11 22:08:12 [INFO] module.enabled {'module': 'AI'}
2026-09-11 22:08:12 [INFO] module.loaded {'module': 'Voice'}
2026-09-11 22:08:12 [INFO] module.enabled {'module': 'Voice'}
2026-09-11 22:08:15 [INFO] ui.updated {'page': 'Dashboard'}
2026-09-11 22:08:15 [INFO] app.started
2026-09-11 22:08:20 [INFO] ui.updated {'page': 'Settings'}
2026-09-11 22:14:02 [INFO] module.loaded {'module': 'AI'}
2026-09-11 22:14:02 [INFO] module.enabled {'module': 'AI'}
2026-09-11 22:14:02 [INFO] module.loaded {'module': 'Voice'}
2026-09-11 22:14:02 [INFO] module.enabled {'module': 'Voice'}
2026-09-11 22:14:02 [INFO] ui.updated {'page': 'Dashboard'}
2026-09-11 22:14:02 [INFO] app.started
2026-09-11 22:14:06 [INFO] ui.updated {'page': 'Settings'}
2026-09-11 22:14:28 [INFO] settings.changed
2026-09-11 22:14:30 [INFO] ui.updated {'page': 'Dashboard'}
2026-09-11 22:14:32 [INFO] ai.request {'prompt_length': 3}
2026-09-11 22:14:46 [INFO] ai.response {'elapsed_seconds': 13.211, 'response_length': 4}
2026-09-11 22:15:25 [INFO] module.loaded {'module': 'AI'}
2026-09-11 22:15:25 [INFO] module.enabled {'module': 'AI'}
2026-09-11 22:15:25 [INFO] module.loaded {'module': 'Voice'}
2026-09-11 22:15:25 [INFO] module.enabled {'module': 'Voice'}
2026-09-11 22:15:25 [INFO] ui.updated {'page': 'Dashboard'}
2026-09-11 22:15:25 [INFO] app.started
2026-09-11 22:15:27 [INFO] ui.updated {'page': 'Settings'}
2026-09-11 22:15:38 [INFO] module.loaded {'module': 'AI'}
2026-09-11 22:15:38 [INFO] module.enabled {'module': 'AI'}
2026-09-11 22:15:38 [INFO] module.loaded {'module': 'Voice'}
2026-09-11 22:15:38 [INFO] module.enabled {'module': 'Voice'}
2026-09-11 22:15:39 [INFO] ui.updated {'page': 'Dashboard'}
2026-09-11 22:15:39 [INFO] app.started
2026-09-11 22:15:40 [INFO] ui.updated {'page': 'Settings'}
2026-09-11 22:15:44 [INFO] settings.changed
2026-09-11 22:15:46 [INFO] ui.updated {'page': 'Dashboard'}
2026-09-11 22:15:48 [INFO] ai.request {'prompt_length': 3}
2026-09-11 22:15:52 [INFO] ai.response {'elapsed_seconds': 4.004, 'response_length': 21}
2026-09-11 22:19:11 [INFO] module.loaded {'module': 'AI'}
2026-09-11 22:19:11 [INFO] module.enabled {'module': 'AI'}
2026-09-11 22:19:11 [INFO] module.loaded {'module': 'Voice'}
2026-09-11 22:19:11 [INFO] module.enabled {'module': 'Voice'}
2026-09-11 22:19:11 [INFO] ui.updated {'page': 'Dashboard'}
2026-09-11 22:19:11 [INFO] app.started
2026-09-11 22:19:14 [INFO] ui.updated {'page': 'Settings'}
2026-09-11 22:19:16 [INFO] ui.updated {'page': 'Dashboard'}
2026-09-11 22:19:19 [INFO] ai.request {'prompt_length': 2}
2026-09-11 22:19:21 [INFO] ai.stream.token {'token': 'What'}
2026-09-11 22:19:21 [INFO] ai.stream.token {'token': "'s"}
2026-09-11 22:19:21 [INFO] ai.stream.token {'token': ' up'}
2026-09-11 22:19:21 [INFO] ai.stream.token {'token': '?'}
2026-09-11 22:19:21 [INFO] ai.stream.done {'elapsed_seconds': 2.207, 'response_length': 10}
2026-09-11 22:19:21 [INFO] latency.model {'ms': 2206.8}
2026-09-11 22:19:25 [INFO] ui.updated {'page': 'Settings'}
2026-09-11 22:19:36 [INFO] settings.changed
2026-09-11 22:19:38 [INFO] ui.updated {'page': 'Dashboard'}
2026-09-11 22:19:40 [INFO] ai.request {'prompt_length': 5}
2026-09-11 22:19:42 [INFO] ai.stream.token {'token': 'Hello'}
2026-09-11 22:19:42 [INFO] ai.stream.token {'token': '!'}
2026-09-11 22:19:42 [INFO] ai.stream.token {'token': ' How'}
2026-09-11 22:19:42 [INFO] ai.stream.token {'token': ' can'}
2026-09-11 22:19:42 [INFO] ai.stream.token {'token': ' I'}
2026-09-11 22:19:42 [INFO] ai.stream.token {'token': ' help'}
2026-09-11 22:19:42 [INFO] ai.stream.token {'token': ' you'}
2026-09-11 22:19:42 [INFO] ai.stream.token {'token': ' today'}
2026-09-11 22:19:42 [INFO] ai.stream.token {'token': '?'}
2026-09-11 22:19:42 [INFO] ai.stream.done {'elapsed_seconds': 2.089, 'response_length': 32}
2026-09-11 22:19:42 [INFO] latency.model {'ms': 2088.7}
2026-09-11 22:22:46 [INFO] module.loaded {'module': 'AI'}
2026-09-11 22:22:46 [INFO] module.enabled {'module': 'AI'}
2026-09-11 22:22:46 [INFO] module.loaded {'module': 'Voice'}
2026-09-11 22:22:46 [INFO] module.enabled {'module': 'Voice'}
2026-09-11 22:22:47 [INFO] ui.updated {'page': 'Dashboard'}
2026-09-11 22:22:47 [INFO] app.started
2026-09-11 22:22:48 [INFO] ui.updated {'page': 'Settings'}
2026-09-11 22:22:59 [INFO] settings.changed
2026-09-11 22:23:01 [INFO] ui.updated {'page': 'Dashboard'}
2026-09-11 22:23:04 [INFO] ai.request {'prompt_length': 2}
2026-09-11 22:23:04 [INFO] ai.stream.token {'token': 'What'}
2026-09-11 22:23:04 [INFO] ai.stream.token {'token': "'s"}
2026-09-11 22:23:04 [INFO] ai.stream.token {'token': ' up'}
2026-09-11 22:23:04 [INFO] ai.stream.token {'token': '?'}
2026-09-11 22:23:04 [INFO] ai.stream.done {'elapsed_seconds': 0.05, 'response_length': 10}
2026-09-11 22:23:04 [INFO] latency.model {'ms': 50.0}
2026-09-11 22:23:20 [INFO] ai.request {'prompt_length': 23}
2026-09-11 22:23:20 [INFO] ai.stream.token {'token': 'I'}
2026-09-11 22:23:20 [INFO] ai.stream.token {'token': "'m"}
2026-09-11 22:23:20 [INFO] ai.stream.token {'token': ' just'}
2026-09-11 22:23:20 [INFO] ai.stream.token {'token': ' here'}
2026-09-11 22:23:20 [INFO] ai.stream.token {'token': ','}
2026-09-11 22:23:20 [INFO] ai.stream.token {'token': ' waiting'}
2026-09-11 22:23:20 [INFO] ai.stream.token {'token': ' for'}
2026-09-11 22:23:20 [INFO] ai.stream.token {'token': ' something'}
2026-09-11 22:23:20 [INFO] ai.stream.token {'token': '.'}
2026-09-11 22:23:20 [INFO] ai.stream.done {'elapsed_seconds': 0.059, 'response_length': 37}
2026-09-11 22:23:20 [INFO] latency.model {'ms': 59.4}
2026-09-11 22:23:28 [INFO] ai.request {'prompt_length': 21}
2026-09-11 22:23:28 [INFO] ai.stream.token {'token': 'I'}
2026-09-11 22:23:28 [INFO] ai.stream.token {'token': "'ve"}
2026-09-11 22:23:28 [INFO] ai.stream.token {'token': ' got'}
2026-09-11 22:23:28 [INFO] ai.stream.token {'token': ' one'}
2026-09-11 22:23:28 [INFO] ai.stream.token {'token': ':'}
2026-09-11 22:23:28 [INFO] ai.stream.token {'token': ' Why'}
2026-09-11 22:23:28 [INFO] ai.stream.token {'token': ' don'}
2026-09-11 22:23:28 [INFO] ai.stream.token {'token': "'t"}
2026-09-11 22:23:28 [INFO] ai.stream.token {'token': ' scientists'}
2026-09-11 22:23:28 [INFO] ai.stream.token {'token': ' trust'}
2026-09-11 22:23:28 [INFO] ai.stream.token {'token': ' atoms'}
2026-09-11 22:23:28 [INFO] ai.stream.token {'token': '?'}
2026-09-11 22:23:28 [INFO] ai.stream.token {'token': ' Because'}
2026-09-11 22:23:28 [INFO] ai.stream.token {'token': ' they'}
2026-09-11 22:23:28 [INFO] ai.stream.token {'token': ' make'}
2026-09-11 22:23:28 [INFO] ai.stream.token {'token': ' up'}
2026-09-11 22:23:28 [INFO] ai.stream.token {'token': ' everything'}
2026-09-11 22:23:28 [INFO] ai.stream.token {'token': '.'}
2026-09-11 22:23:28 [INFO] ai.stream.done {'elapsed_seconds': 0.098, 'response_length': 80}
2026-09-11 22:23:28 [INFO] latency.model {'ms': 98.1}
2026-09-11 22:23:41 [INFO] ui.updated {'page': 'Settings'}
2026-09-11 22:24:10 [INFO] settings.changed
2026-09-11 22:24:12 [INFO] ui.updated {'page': 'Console'}
2026-09-11 22:24:12 [INFO] ui.updated {'page': 'Health'}
2026-09-11 22:24:15 [INFO] ui.updated {'page': 'Analytics'}
2026-09-11 22:24:22 [INFO] ui.updated {'page': 'Module Manager'}
2026-09-11 22:24:38 [INFO] ui.updated {'page': 'Voice'}
2026-09-11 22:27:19 [INFO] ui.updated {'page': 'Analytics'}
2026-09-11 22:27:20 [INFO] ui.updated {'page': 'Module Manager'}
2026-09-11 22:27:21 [INFO] ui.updated {'page': 'Voice'}
2026-09-11 22:27:21 [INFO] ui.updated {'page': 'Dashboard'}
2026-09-11 22:27:25 [INFO] ui.updated {'page': 'Voice'}
2026-09-11 22:35:19 [INFO] module.loaded {'module': 'AI'}
2026-09-11 22:35:19 [INFO] module.enabled {'module': 'AI'}
2026-09-11 22:35:19 [INFO] module.loaded {'module': 'Voice'}
2026-09-11 22:35:19 [INFO] module.enabled {'module': 'Voice'}
2026-09-11 22:35:19 [INFO] ui.updated {'page': 'Dashboard'}
2026-09-11 22:35:19 [INFO] app.started
2026-09-11 22:35:22 [INFO] ui.updated {'page': 'Module Manager'}
2026-09-11 22:35:23 [INFO] ui.updated {'page': 'Analytics'}
2026-09-11 22:35:24 [INFO] ui.updated {'page': 'Module Manager'}
2026-09-11 22:35:28 [INFO] ui.updated {'page': 'Console'}
2026-09-11 22:35:29 [INFO] ui.updated {'page': 'Settings'}
2026-09-11 22:35:31 [INFO] ui.updated {'page': 'Dashboard'}
2026-09-11 22:35:37 [INFO] module.enabled {'module': 'Voice'}
2026-09-11 22:35:37 [INFO] voice.listening.start
2026-09-11 22:35:37 [INFO] voice.audio.level {'level': 0.0}
2026-09-11 22:35:38 [INFO] voice.audio.level {'level': 0.0}
2026-09-11 22:35:38 [INFO] voice.audio.level {'level': 0.0}
2026-09-11 22:35:38 [INFO] voice.audio.level {'level': 0.0}
2026-09-11 22:35:38 [INFO] voice.audio.level {'level': 0.0}
2026-09-11 22:35:38 [INFO] voice.audio.level {'level': 0.0}
2026-09-11 22:35:38 [INFO] voice.audio.level {'level': 0.0}
2026-09-11 22:35:38 [INFO] voice.audio.level {'level': 0.0}
2026-09-11 22:35:38 [INFO] voice.audio.level {'level': 0.0}
2026-09-11 22:35:38 [INFO] voice.audio.level {'level': 0.0}
2026-09-11 22:35:38 [INFO] voice.audio.level {'level': 0.0}
2026-09-11 22:35:38 [INFO] voice.audio.level {'level': 0.0}
2026-09-11 22:35:38 [INFO] voice.audio.level {'level': 0.0}
2026-09-11 22:35:38 [INFO] voice.audio.level {'level': 0.0}
2026-09-11 22:35:38 [INFO] voice.audio.level {'level': 0.0}
2026-09-11 22:35:38 [INFO] voice.audio.level {'level': 0.0}
2026-09-11 22:35:38 [INFO] voice.audio.level {'level': 0.0}
2026-09-11 22:35:38 [INFO] voice.audio.level {'level': 0.0}
2026-09-11 22:35:38 [INFO] voice.audio.level {'level': 0.0}
2026-09-11 22:35:38 [INFO] voice.audio.level {'level': 0.0}
2026-09-11 22:35:38 [INFO] voice.audio.level {'level': 0.0}
2026-09-11 22:35:38 [INFO] voice.audio.level {'level': 0.0}
2026-09-11 22:35:38 [INFO] voice.audio.level {'level': 0.0}
2026-09-11 22:35:38 [INFO] voice.audio.level {'level': 0.0}
2026-09-11 22:35:38 [INFO] voice.audio.level {'level': 0.0}
2026-09-11 22:35:38 [INFO] voice.audio.level {'level': 0.0}
2026-09-11 22:35:38 [INFO] voice.audio.level {'level': 0.0}
2026-09-11 22:35:38 [INFO] voice.audio.level {'level': 0.0}
2026-09-11 22:35:38 [INFO] voice.audio.level {'level': 0.0}
2026-09-11 22:35:38 [INFO] voice.audio.level {'level': 0.0}
2026-09-11 22:35:38 [INFO] voice.audio.level {'level': 0.0}
2026-09-11 22:35:38 [INFO] voice.audio.level {'level': 0.0}
2026-09-11 22:35:38 [INFO] voice.audio.level {'level': 0.0}
2026-09-11 22:35:38 [INFO] voice.audio.level {'level': 0.0}
2026-09-11 22:35:38 [INFO] voice.audio.level {'level': 0.0}
2026-09-11 22:35:39 [INFO] voice.audio.level {'level': 0.0}
2026-09-11 22:35:39 [INFO] voice.audio.level {'level': 0.0}
2026-09-11 22:35:39 [INFO] voice.audio.level {'level': 0.0}
2026-09-11 22:35:39 [INFO] voice.audio.level {'level': 0.0}
2026-09-11 22:35:39 [INFO] voice.audio.level {'level': 0.0}
2026-09-11 22:35:39 [INFO] voice.audio.level {'level': 0.0}
2026-09-11 22:35:39 [INFO] voice.audio.level {'level': 0.05649069945017497}
2026-09-11 22:35:39 [INFO] voice.audio.level {'level': 0.11382520198822021}
2026-09-11 22:35:39 [INFO] voice.audio.level {'level': 0.1401149109005928}
2026-09-11 22:35:39 [INFO] voice.audio.level {'level': 0.15679313490788144}
2026-09-11 22:35:39 [INFO] voice.audio.level {'level': 0.1542028660575549}
2026-09-11 22:35:39 [INFO] voice.audio.level {'level': 0.13033130516608557}
2026-09-11 22:35:39 [INFO] voice.audio.level {'level': 0.1655977964401245}
2026-09-11 22:35:39 [INFO] voice.audio.level {'level': 0.16276288777589798}
2026-09-11 22:35:39 [INFO] voice.audio.level {'level': 0.15203411380449933}
2026-09-11 22:35:39 [INFO] voice.audio.level {'level': 0.17213047792514166}
2026-09-11 22:35:39 [INFO] voice.audio.level {'level': 0.17019926259915036}
2026-09-11 22:35:39 [INFO] voice.audio.level {'level': 0.10626489917437236}
2026-09-11 22:35:39 [INFO] voice.audio.level {'level': 0.08924185608824095}
2026-09-11 22:35:39 [INFO] voice.audio.level {'level': 0.08682809149225554}
2026-09-11 22:35:39 [INFO] voice.audio.level {'level': 0.05358548214038213}
2026-09-11 22:35:39 [INFO] voice.audio.level {'level': 0.012189887929707766}
2026-09-11 22:35:39 [INFO] voice.audio.level {'level': 0.003543897376706203}
2026-09-11 22:35:39 [INFO] voice.audio.level {'level': 0.0006912609872718652}
2026-09-11 22:35:39 [INFO] voice.audio.level {'level': 0.0003394125330184276}
2026-09-11 22:35:39 [INFO] voice.audio.level {'level': 0.00018934520388332507}
2026-09-11 22:35:39 [INFO] voice.audio.level {'level': 0.0001593831014664223}
2026-09-11 22:35:39 [INFO] voice.audio.level {'level': 0.00010316326855293786}
2026-09-11 22:35:39 [INFO] voice.audio.level {'level': 0.0001777364135098954}
2026-09-11 22:35:39 [INFO] voice.audio.level {'level': 0.00023556591865296167}
2026-09-11 22:35:39 [INFO] voice.audio.level {'level': 0.00013913818596241376}
2026-09-11 22:35:39 [INFO] voice.audio.level {'level': 0.00011207745653033878}
2026-09-11 22:35:39 [INFO] voice.audio.level {'level': 4.817800496918305e-05}
2026-09-11 22:35:40 [INFO] voice.audio.level {'level': 4.742635307290281e-05}
2026-09-11 22:35:40 [INFO] voice.audio.level {'level': 3.884697434841655e-05}
2026-09-11 22:35:40 [INFO] voice.audio.level {'level': 2.7729335367136326e-05}
2026-09-11 22:35:40 [INFO] voice.audio.level {'level': 2.9487655410775915e-05}
2026-09-11 22:35:40 [INFO] voice.audio.level {'level': 3.884697434841655e-05}
2026-09-11 22:35:40 [INFO] voice.audio.level {'level': 3.194417937872156e-05}
2026-09-11 22:35:40 [INFO] voice.audio.level {'level': 3.7144815602611444e-05}
2026-09-11 22:35:40 [INFO] voice.audio.level {'level': 0.00011059293077172092}
2026-09-11 22:35:40 [INFO] voice.audio.level {'level': 9.074858705086324e-05}
2026-09-11 22:35:40 [INFO] voice.audio.level {'level': 0.00026122691148581606}
2026-09-11 22:35:40 [INFO] voice.audio.level {'level': 0.0013269390910863876}
2026-09-11 22:35:40 [INFO] voice.audio.level {'level': 0.0019009498646482825}
2026-09-11 22:35:40 [INFO] voice.audio.level {'level': 0.001967106751787166}
2026-09-11 22:35:40 [INFO] voice.audio.level {'level': 0.001321392774116248}
2026-09-11 22:35:40 [INFO] voice.audio.level {'level': 0.0037867703940719366}
2026-09-11 22:35:40 [INFO] voice.audio.level {'level': 0.010995831495771807}
2026-09-11 22:35:40 [INFO] voice.audio.level {'level': 0.03173924672106902}
2026-09-11 22:35:40 [INFO] voice.audio.level {'level': 0.11696610599756241}
2026-09-11 22:35:40 [INFO] voice.audio.level {'level': 0.11441147575775783}
2026-09-11 22:35:40 [INFO] voice.audio.level {'level': 0.11528616150220236}
2026-09-11 22:35:40 [INFO] voice.audio.level {'level': 0.0822043480972449}
2026-09-11 22:35:40 [INFO] voice.audio.level {'level': 0.09856670474012694}
2026-09-11 22:35:40 [INFO] voice.audio.level {'level': 0.10561376810073853}
2026-09-11 22:35:40 [INFO] voice.audio.level {'level': 0.16652408987283707}
2026-09-11 22:35:40 [INFO] voice.audio.level {'level': 0.14181885868310928}
2026-09-11 22:35:40 [INFO] voice.audio.level {'level': 0.13796025266249975}
2026-09-11 22:35:40 [INFO] voice.audio.level {'level': 0.07354053358236949}
2026-09-11 22:35:40 [INFO] voice.audio.level {'level': 0.04473606745402019}
2026-09-11 22:35:40 [INFO] voice.audio.level {'level': 0.0326668160657088}
2026-09-11 22:35:40 [INFO] voice.audio.level {'level': 0.023462388974924885}
2026-09-11 22:35:40 [INFO] voice.audio.level {'level': 0.034964755177497864}
2026-09-11 22:35:40 [INFO] voice.audio.level {'level': 0.046077442045013114}
2026-09-11 22:35:40 [INFO] voice.audio.level {'level': 0.05653658260901769}
2026-09-11 22:35:41 [INFO] voice.audio.level {'level': 0.0595421406129996}
2026-09-11 22:35:41 [INFO] voice.audio.level {'level': 0.041307543093959495}
2026-09-11 22:35:41 [INFO] voice.audio.level {'level': 0.028166162470976513}
2026-09-11 22:35:41 [INFO] voice.audio.level {'level': 0.006837951950728893}
2026-09-11 22:35:41 [INFO] voice.audio.level {'level': 0.0014196126721799374}
2026-09-11 22:35:41 [INFO] voice.audio.level {'level': 0.0003106254735030234}
2026-09-11 22:35:41 [INFO] voice.audio.level {'level': 0.00017064056009985507}
2026-09-11 22:35:41 [INFO] voice.audio.level {'level': 9.646781715370405e-05}
2026-09-11 22:35:41 [INFO] voice.audio.level {'level': 0.00011426810184881712}
2026-09-11 22:35:41 [INFO] voice.audio.level {'level': 9.227981839406615e-05}
2026-09-11 22:35:41 [INFO] voice.audio.level {'level': 0.0008626261842437088}
2026-09-11 22:35:41 [INFO] voice.audio.level {'level': 0.007395160694917044}
2026-09-11 22:35:41 [INFO] voice.audio.level {'level': 0.003788140214358767}
2026-09-11 22:35:41 [INFO] voice.audio.level {'level': 0.0022654497297480702}
2026-09-11 22:35:41 [INFO] voice.audio.level {'level': 0.002704526026112338}
2026-09-11 22:35:41 [INFO] voice.audio.level {'level': 0.002200384430276851}
2026-09-11 22:35:41 [INFO] voice.audio.level {'level': 0.0035509610703835888}
2026-09-11 22:35:41 [INFO] voice.audio.level {'level': 0.0030411110492423177}
2026-09-11 22:35:41 [INFO] voice.audio.level {'level': 0.004592561939110359}
2026-09-11 22:35:41 [INFO] voice.audio.level {'level': 0.005417555803433061}
2026-09-11 22:35:41 [INFO] voice.audio.level {'level': 0.0032086195036148033}
2026-09-11 22:35:41 [INFO] voice.audio.level {'level': 0.003351859437922637}
2026-09-11 22:35:41 [INFO] voice.audio.level {'level': 0.003302105081578096}
2026-09-11 22:35:41 [INFO] voice.audio.level {'level': 0.003620327139894168}
2026-09-11 22:35:41 [INFO] voice.audio.level {'level': 0.003718810621649027}
2026-09-11 22:35:41 [INFO] voice.audio.level {'level': 0.003468210343271494}
2026-09-11 22:35:41 [INFO] voice.audio.level {'level': 0.0021179703374703727}
2026-09-11 22:35:41 [INFO] voice.audio.level {'level': 0.0009988389986877642}
2026-09-11 22:35:41 [INFO] voice.audio.level {'level': 0.0002972914808196947}
2026-09-11 22:35:41 [INFO] voice.audio.level {'level': 0.00015718116628704593}
2026-09-11 22:35:41 [INFO] voice.audio.level {'level': 0.0002343425148865208}
2026-09-11 22:35:41 [INFO] voice.audio.level {'level': 0.00129755101321886}
2026-09-11 22:35:41 [INFO] voice.audio.level {'level': 0.002822677488438785}
2026-09-11 22:35:41 [INFO] voice.audio.level {'level': 0.002900206988366942}
2026-09-11 22:35:42 [INFO] voice.audio.level {'level': 0.058854625870784126}
2026-09-11 22:35:42 [INFO] voice.audio.level {'level': 0.09527261679371199}
2026-09-11 22:35:42 [INFO] voice.audio.level {'level': 0.1428098976612091}
2026-09-11 22:35:42 [INFO] voice.audio.level {'level': 0.23070568839708966}
2026-09-11 22:35:42 [INFO] voice.audio.level {'level': 0.26571862399578094}
2026-09-11 22:35:42 [INFO] voice.audio.level {'level': 0.34672257800896966}
2026-09-11 22:35:42 [INFO] voice.audio.level {'level': 0.3012138108412425}
2026-09-11 22:35:42 [INFO] voice.audio.level {'level': 0.3574370841185252}
2026-09-11 22:35:42 [INFO] voice.audio.level {'level': 0.3975495199362437}
2026-09-11 22:35:42 [INFO] voice.audio.level {'level': 0.35256092747052514}
2026-09-11 22:35:42 [INFO] voice.audio.level {'level': 0.3438454369703929}
2026-09-11 22:35:42 [INFO] voice.audio.level {'level': 0.31681107978026074}
2026-09-11 22:35:42 [INFO] voice.audio.level {'level': 0.26624465982119244}
2026-09-11 22:35:42 [INFO] voice.audio.level {'level': 0.22072275479634604}
2026-09-11 22:35:42 [INFO] voice.audio.level {'level': 0.2475249022245407}
2026-09-11 22:35:42 [INFO] voice.audio.level {'level': 0.24231759210427603}
2026-09-11 22:35:42 [INFO] voice.audio.level {'level': 0.25819857915242517}
2026-09-11 22:35:42 [INFO] voice.audio.level {'level': 0.24026937782764435}
2026-09-11 22:35:42 [INFO] voice.audio.level {'level': 0.23964670797189078}
2026-09-11 22:35:42 [INFO] voice.audio.level {'level': 0.342827836672465}
2026-09-11 22:35:42 [INFO] voice.audio.level {'level': 0.23367854456106824}
2026-09-11 22:35:42 [INFO] voice.audio.level {'level': 0.17387228707472485}
2026-09-11 22:35:42 [INFO] voice.audio.level {'level': 0.16701389104127884}
2026-09-11 22:35:42 [INFO] voice.audio.level {'level': 0.14976891378561658}
2026-09-11 22:35:42 [INFO] voice.audio.level {'level': 0.16616592804590863}
2026-09-11 22:35:42 [INFO] voice.audio.level {'level': 0.1786071186264356}
2026-09-11 22:35:42 [INFO] voice.audio.level {'level': 0.19540584335724515}
2026-09-11 22:35:42 [INFO] voice.audio.level {'level': 0.15749141573905945}
2026-09-11 22:35:42 [INFO] voice.audio.level {'level': 0.13774053504069647}
2026-09-11 22:35:42 [INFO] voice.audio.level {'level': 0.11617506543795268}
2026-09-11 22:35:42 [INFO] voice.audio.level {'level': 0.07533999780813853}
2026-09-11 22:35:42 [INFO] voice.audio.level {'level': 0.04602114359537761}
2026-09-11 22:35:42 [INFO] voice.audio.level {'level': 0.014720444257060688}
2026-09-11 22:35:43 [INFO] voice.audio.level {'level': 0.0029091492372875414}
2026-09-11 22:35:43 [INFO] voice.audio.level {'level': 0.004411234986037016}
2026-09-11 22:35:43 [INFO] voice.audio.level {'level': 0.0029291422106325626}
2026-09-11 22:35:43 [INFO] voice.audio.level {'level': 0.0011751573765650392}
2026-09-11 22:35:43 [INFO] voice.audio.level {'level': 0.001191330375149846}
2026-09-11 22:35:43 [INFO] voice.audio.level {'level': 0.13368219137191772}
2026-09-11 22:35:43 [INFO] voice.audio.level {'level': 0.12928369144598645}
2026-09-11 22:35:43 [INFO] voice.audio.level {'level': 0.050081514442960426}
2026-09-11 22:35:43 [INFO] voice.audio.level {'level': 0.03161972388625145}
2026-09-11 22:35:43 [INFO] voice.audio.level {'level': 0.103428785999616}
2026-09-11 22:35:43 [INFO] voice.audio.level {'level': 0.05971477056543033}
2026-09-11 22:35:43 [INFO] voice.audio.level {'level': 0.18389356633027396}
2026-09-11 22:35:43 [INFO] voice.audio.level {'level': 0.09521618485450745}
2026-09-11 22:35:43 [INFO] voice.audio.level {'level': 0.023766428542633854}
2026-09-11 22:35:43 [INFO] voice.audio.level {'level': 0.006678029118726651}
2026-09-11 22:35:43 [INFO] voice.audio.level {'level': 0.02067443449050188}
2026-09-11 22:35:43 [INFO] voice.audio.level {'level': 0.010307678021490574}
2026-09-11 22:35:43 [INFO] voice.audio.level {'level': 0.003699711912001173}
2026-09-11 22:35:43 [INFO] voice.audio.level {'level': 0.001607005154558768}
2026-09-11 22:35:43 [INFO] voice.audio.level {'level': 0.0019205984426662326}
2026-09-11 22:35:43 [INFO] voice.audio.level {'level': 0.0005070059948290389}
2026-09-11 22:35:43 [INFO] voice.audio.level {'level': 0.00048269653537621104}
2026-09-11 22:35:43 [INFO] voice.audio.level {'level': 0.006699226796627045}
2026-09-11 22:35:43 [INFO] voice.audio.level {'level': 0.02499466761946678}
2026-09-11 22:35:43 [INFO] voice.audio.level {'level': 0.009762411161015432}
2026-09-11 22:35:43 [INFO] voice.audio.level {'level': 0.002552194443220894}
2026-09-11 22:35:43 [INFO] voice.audio.level {'level': 0.002953910540478925}
2026-09-11 22:35:43 [INFO] voice.audio.level {'level': 0.0009311358250367145}
2026-09-11 22:35:43 [INFO] voice.audio.level {'level': 0.011346935449788969}
2026-09-11 22:35:43 [INFO] voice.audio.level {'level': 0.048469205697377525}
2026-09-11 22:35:43 [INFO] voice.audio.level {'level': 0.026490014667312305}
2026-09-11 22:35:43 [INFO] voice.audio.level {'level': 0.007464692462235689}
2026-09-11 22:35:43 [INFO] voice.audio.level {'level': 0.00888169820730885}
2026-09-11 22:35:44 [INFO] voice.audio.level {'level': 0.037408272425333663}
2026-09-11 22:35:44 [INFO] voice.audio.level {'level': 0.10158167531092963}
2026-09-11 22:35:44 [INFO] voice.audio.level {'level': 0.12033017973105113}
2026-09-11 22:35:44 [INFO] voice.audio.level {'level': 0.16406327486038208}
2026-09-11 22:35:44 [INFO] voice.audio.level {'level': 0.15393694241841635}
2026-09-11 22:35:44 [INFO] voice.audio.level {'level': 0.19492158045371374}
2026-09-11 22:35:44 [INFO] voice.audio.level {'level': 0.29515010615189874}
2026-09-11 22:35:44 [INFO] voice.audio.level {'level': 0.29816292226314545}
2026-09-11 22:35:44 [INFO] voice.audio.level {'level': 0.4093994200229645}
2026-09-11 22:35:44 [INFO] voice.audio.level {'level': 0.4270876944065094}
2026-09-11 22:35:44 [INFO] voice.audio.level {'level': 0.6212146580219269}
2026-09-11 22:35:44 [INFO] voice.audio.level {'level': 0.6154917180538177}
2026-09-11 22:35:44 [INFO] voice.audio.level {'level': 0.4699144760767619}
2026-09-11 22:35:44 [INFO] voice.audio.level {'level': 0.19480341424544653}
2026-09-11 22:35:44 [INFO] voice.audio.level {'level': 0.1534836863478025}
2026-09-11 22:35:44 [INFO] voice.audio.level {'level': 0.16147688031196594}
2026-09-11 22:35:44 [INFO] voice.audio.level {'level': 0.2626201758782069}
2026-09-11 22:35:44 [INFO] voice.audio.level {'level': 0.32590560615062714}
2026-09-11 22:35:44 [INFO] voice.audio.level {'level': 0.379710594813029}
2026-09-11 22:35:44 [INFO] voice.audio.level {'level': 0.24000974992911023}
2026-09-11 22:35:44 [INFO] voice.audio.level {'level': 0.2909852812687556}
2026-09-11 22:35:44 [INFO] voice.audio.level {'level': 0.5328948299090068}
2026-09-11 22:35:44 [INFO] voice.audio.level {'level': 0.5988419552644094}
2026-09-11 22:35:44 [INFO] voice.audio.level {'level': 0.6031894683837891}
2026-09-11 22:35:44 [INFO] voice.audio.level {'level': 0.5316011607646942}
2026-09-11 22:35:44 [INFO] voice.audio.level {'level': 0.36037735641002655}
2026-09-11 22:35:44 [INFO] voice.audio.level {'level': 0.16960028558969498}
2026-09-11 22:35:44 [INFO] voice.audio.level {'level': 0.18002172311147055}
2026-09-11 22:35:44 [INFO] voice.audio.level {'level': 0.18210248400767645}
2026-09-11 22:35:44 [INFO] voice.audio.level {'level': 0.2917563170194626}
2026-09-11 22:35:44 [INFO] voice.audio.level {'level': 0.4436957836151123}
2026-09-11 22:35:44 [INFO] voice.audio.level {'level': 0.45971636970837915}
2026-09-11 22:35:44 [INFO] voice.audio.level {'level': 0.5347631871700287}
2026-09-11 22:35:44 [INFO] voice.audio.level {'level': 0.5905100206534069}
2026-09-11 22:35:45 [INFO] voice.audio.level {'level': 0.9031580885251363}
2026-09-11 22:35:45 [INFO] voice.audio.level {'level': 0.9862231214841207}
2026-09-11 22:35:45 [INFO] voice.audio.level {'level': 0.9108415246009827}
2026-09-11 22:35:45 [INFO] voice.audio.level {'level': 0.9807925422986349}
2026-09-11 22:35:45 [INFO] voice.audio.level {'level': 0.9882717331250509}
2026-09-11 22:35:45 [INFO] voice.audio.level {'level': 1.0}
2026-09-11 22:35:45 [INFO] voice.audio.level {'level': 1.0}
2026-09-11 22:35:45 [INFO] voice.audio.level {'level': 1.0}
2026-09-11 22:35:45 [INFO] voice.audio.level {'level': 1.0}
2026-09-11 22:35:45 [INFO] voice.audio.level {'level': 1.0}
2026-09-11 22:35:45 [INFO] voice.audio.level {'level': 1.0}
2026-09-11 22:35:45 [INFO] voice.audio.level {'level': 1.0}
2026-09-11 22:35:45 [INFO] voice.audio.level {'level': 1.0}
2026-09-11 22:35:45 [INFO] voice.audio.level {'level': 1.0}
2026-09-11 22:35:45 [INFO] voice.audio.level {'level': 1.0}
2026-09-11 22:35:45 [INFO] voice.audio.level {'level': 1.0}
2026-09-11 22:35:45 [INFO] voice.audio.level {'level': 1.0}
2026-09-11 22:35:45 [INFO] voice.audio.level {'level': 1.0}
2026-09-11 22:35:45 [INFO] voice.audio.level {'level': 1.0}
2026-09-11 22:35:45 [INFO] voice.audio.level {'level': 0.8856309453646343}
2026-09-11 22:35:45 [INFO] voice.audio.level {'level': 0.7972788314024608}
2026-09-11 22:35:45 [INFO] voice.audio.level {'level': 0.6275398035844167}
2026-09-11 22:35:45 [INFO] voice.audio.level {'level': 0.4160453875859579}
2026-09-11 22:35:45 [INFO] voice.audio.level {'level': 0.2066102872292201}
2026-09-11 22:35:45 [INFO] voice.audio.level {'level': 0.12264378368854523}
2026-09-11 22:35:45 [INFO] voice.audio.level {'level': 0.03858181647956371}
2026-09-11 22:35:45 [INFO] voice.audio.level {'level': 0.014845517774422964}
2026-09-11 22:35:45 [INFO] voice.audio.level {'level': 0.0049645418766886}
2026-09-11 22:35:45 [INFO] voice.audio.level {'level': 0.0029780469291533036}
2026-09-11 22:35:45 [INFO] voice.audio.level {'level': 0.0031915766885504127}
2026-09-11 22:35:45 [INFO] voice.audio.level {'level': 0.0013800300075672567}
2026-09-11 22:35:45 [INFO] voice.audio.level {'level': 0.00035887300327885896}
2026-09-11 22:35:45 [INFO] voice.audio.level {'level': 0.00018780183988080051}
2026-09-11 22:35:46 [INFO] voice.audio.level {'level': 0.00018909835489466786}
2026-09-11 22:35:46 [INFO] voice.audio.level {'level': 0.00016148830278931808}
2026-09-11 22:35:46 [INFO] voice.audio.level {'level': 0.00013563368459775424}
2026-09-11 22:35:46 [INFO] voice.audio.level {'level': 0.00011404778585225965}
2026-09-11 22:35:46 [INFO] voice.audio.level {'level': 9.24354329375395e-05}
2026-09-11 22:35:46 [INFO] voice.audio.level {'level': 9.328668359861089e-05}
2026-09-11 22:35:46 [INFO] voice.audio.level {'level': 8.523601839745729e-05}
2026-09-11 22:35:46 [INFO] voice.audio.level {'level': 5.5003280673796936e-05}
2026-09-11 22:35:46 [INFO] voice.audio.level {'level': 6.647909685852937e-05}
2026-09-11 22:35:46 [INFO] voice.audio.level {'level': 0.0001504536946110117}
2026-09-11 22:35:46 [INFO] voice.audio.level {'level': 0.030912579968571663}
2026-09-11 22:35:46 [INFO] voice.audio.level {'level': 0.02170724794268608}
2026-09-11 22:35:46 [INFO] voice.audio.level {'level': 0.00561639511336883}
2026-09-11 22:35:46 [INFO] voice.audio.level {'level': 0.0007891497322513412}
2026-09-11 22:35:46 [INFO] voice.audio.level {'level': 0.0046381183589498205}
2026-09-11 22:35:46 [INFO] voice.audio.level {'level': 0.0017710941998908918}
2026-09-11 22:35:46 [INFO] voice.audio.level {'level': 0.10637612392505011}
2026-09-11 22:35:46 [INFO] voice.audio.level {'level': 0.3599092115958532}
2026-09-11 22:35:46 [INFO] voice.audio.level {'level': 0.7225501040617626}
2026-09-11 22:35:46 [INFO] voice.audio.level {'level': 0.7882192730903625}
2026-09-11 22:35:46 [INFO] voice.audio.level {'level': 0.9522409240404766}
2026-09-11 22:35:46 [INFO] voice.audio.level {'level': 1.0}
2026-09-11 22:35:46 [INFO] voice.audio.level {'level': 1.0}
2026-09-11 22:35:46 [INFO] voice.audio.level {'level': 0.9131786227226257}
2026-09-11 22:35:46 [INFO] voice.audio.level {'level': 0.8284389972686768}
2026-09-11 22:35:46 [INFO] voice.audio.level {'level': 0.8579102158546448}
2026-09-11 22:35:46 [INFO] voice.audio.level {'level': 0.883845587571462}
2026-09-11 22:35:46 [INFO] voice.audio.level {'level': 0.7220107813676199}
2026-09-11 22:35:46 [INFO] voice.audio.level {'level': 0.5587209761142731}
2026-09-11 22:35:46 [INFO] voice.audio.level {'level': 0.6023528675238292}
2026-09-11 22:35:46 [INFO] voice.audio.level {'level': 0.8149333298206329}
2026-09-11 22:35:46 [INFO] voice.audio.level {'level': 0.8188056449095409}
2026-09-11 22:35:46 [INFO] voice.audio.level {'level': 0.8190606534481049}
2026-09-11 22:35:47 [INFO] voice.audio.level {'level': 0.8554989099502563}
2026-09-11 22:35:47 [INFO] voice.audio.level {'level': 0.9383593996365865}
2026-09-11 22:35:47 [INFO] voice.audio.level {'level': 0.9487417340278625}
2026-09-11 22:35:47 [INFO] voice.audio.level {'level': 1.0}
2026-09-11 22:35:47 [INFO] voice.audio.level {'level': 0.9653840462366741}
2026-09-11 22:35:47 [INFO] voice.audio.level {'level': 0.9073104461034139}
2026-09-11 22:35:47 [INFO] voice.audio.level {'level': 0.8609036604563396}
2026-09-11 22:35:47 [INFO] voice.audio.level {'level': 0.880511999130249}
2026-09-11 22:35:47 [INFO] voice.audio.level {'level': 0.9527811408042908}
2026-09-11 22:35:47 [INFO] voice.audio.level {'level': 0.8427362640698751}
2026-09-11 22:35:47 [INFO] voice.audio.level {'level': 0.8552996317545574}
2026-09-11 22:35:47 [INFO] voice.audio.level {'level': 0.8701291680335999}
2026-09-11 22:35:47 [INFO] voice.audio.level {'level': 0.7851749161879222}
2026-09-11 22:35:47 [INFO] voice.audio.level {'level': 0.7021268705526988}
2026-09-11 22:35:47 [INFO] voice.audio.level {'level': 0.33236734569072723}
2026-09-11 22:35:47 [INFO] voice.audio.level {'level': 0.09861565505464873}
2026-09-11 22:35:47 [INFO] voice.audio.level {'level': 0.023513248500724636}
2026-09-11 22:35:47 [INFO] voice.audio.level {'level': 0.005938195002575716}
2026-09-11 22:35:47 [INFO] voice.audio.level {'level': 0.003422719892114401}
2026-09-11 22:35:47 [INFO] voice.audio.level {'level': 0.0019627875493218503}
2026-09-11 22:35:47 [INFO] voice.audio.level {'level': 0.0012053983906904857}
2026-09-11 22:35:47 [INFO] voice.audio.level {'level': 0.0007224612636491656}
2026-09-11 22:35:47 [INFO] voice.audio.level {'level': 0.0005018918697411816}
2026-09-11 22:35:47 [INFO] voice.audio.level {'level': 0.001373105236173918}
2026-09-11 22:35:47 [INFO] voice.audio.level {'level': 0.0004712996208885064}
2026-09-11 22:35:47 [INFO] voice.audio.level {'level': 0.00031542348248573643}
2026-09-11 22:35:47 [INFO] voice.audio.level {'level': 0.0001664407803521802}
2026-09-11 22:35:47 [INFO] voice.audio.level {'level': 0.00014205160065709305}
2026-09-11 22:35:47 [INFO] voice.audio.level {'level': 0.00034444596773634356}
2026-09-11 22:35:47 [INFO] voice.audio.level {'level': 0.00022199659724719822}
2026-09-11 22:35:47 [INFO] voice.audio.level {'level': 0.0003103014266040797}
2026-09-11 22:35:47 [INFO] voice.audio.level {'level': 0.0002228527591796592}
2026-09-11 22:35:47 [INFO] voice.audio.level {'level': 0.0004965297315114489}
2026-09-11 22:35:47 [INFO] voice.audio.level {'level': 0.0005056222047035893}
2026-09-11 22:35:48 [INFO] voice.audio.level {'level': 0.0032931531313806772}
2026-09-11 22:35:48 [INFO] voice.audio.level {'level': 0.022954121232032776}
2026-09-11 22:35:48 [INFO] voice.audio.level {'level': 0.023075820257266365}
2026-09-11 22:35:48 [INFO] voice.audio.level {'level': 0.05418260271350543}
2026-09-11 22:35:48 [INFO] voice.audio.level {'level': 0.24659504493077597}
2026-09-11 22:35:48 [INFO] voice.audio.level {'level': 0.26930034160614014}
2026-09-11 22:35:48 [INFO] voice.audio.level {'level': 0.27186105648676556}
2026-09-11 22:35:48 [INFO] voice.audio.level {'level': 0.18465193609396618}
2026-09-11 22:35:48 [INFO] voice.audio.level {'level': 0.07946935171882312}
2026-09-11 22:35:48 [INFO] voice.audio.level {'level': 0.015022126026451588}
2026-09-11 22:35:48 [INFO] voice.audio.level {'level': 0.005432235387464365}
2026-09-11 22:35:48 [INFO] voice.audio.level {'level': 0.0015474420312481623}
2026-09-11 22:35:48 [INFO] voice.audio.level {'level': 0.0004924607249752929}
2026-09-11 22:35:48 [INFO] voice.audio.level {'level': 0.0004357100018144896}
2026-09-11 22:35:48 [INFO] voice.audio.level {'level': 0.00013414197989429039}
2026-09-11 22:35:48 [INFO] voice.audio.level {'level': 0.00011133766141332066}
2026-09-11 22:35:48 [INFO] voice.audio.level {'level': 0.00012833788787247613}
2026-09-11 22:35:48 [INFO] voice.audio.level {'level': 0.00012409624711532768}
2026-09-11 22:35:48 [INFO] voice.audio.level {'level': 0.00011182070011273026}
2026-09-11 22:35:48 [INFO] voice.audio.level {'level': 0.0001141422520352838}
2026-09-11 22:35:48 [INFO] voice.audio.level {'level': 8.702977841797596e-05}
2026-09-11 22:35:48 [INFO] voice.audio.level {'level': 7.12278597347904e-05}
2026-09-11 22:35:48 [INFO] voice.audio.level {'level': 4.8103368802306555e-05}
2026-09-11 22:35:48 [INFO] voice.audio.level {'level': 4.795374782891789e-05}
2026-09-11 22:35:48 [INFO] voice.audio.level {'level': 0.0001006600480953542}
2026-09-11 22:35:48 [INFO] voice.audio.level {'level': 0.0024917873088270426}
2026-09-11 22:35:48 [INFO] voice.audio.level {'level': 0.0010826063225977123}
2026-09-11 22:35:48 [INFO] voice.audio.level {'level': 0.0003887841012328863}
2026-09-11 22:35:48 [INFO] voice.audio.level {'level': 0.0002191130624851212}
2026-09-11 22:35:48 [INFO] voice.audio.level {'level': 0.0019444897770881653}
2026-09-11 22:35:48 [INFO] voice.audio.level {'level': 0.0011234930328403911}
2026-09-11 22:35:48 [INFO] voice.audio.level {'level': 0.00028785982673677307}
2026-09-11 22:35:48 [INFO] voice.audio.level {'level': 0.000651067045206825}
2026-09-11 22:35:49 [INFO] voice.audio.level {'level': 0.0013474810596865914}
2026-09-11 22:35:49 [INFO] voice.audio.level {'level': 0.0010414426409018538}
2026-09-11 22:35:49 [INFO] voice.audio.level {'level': 0.0013048822681109111}
2026-09-11 22:35:49 [INFO] voice.audio.level {'level': 0.00044120053644292057}
2026-09-11 22:35:49 [INFO] voice.audio.level {'level': 0.0005337682280999919}
2026-09-11 22:35:49 [INFO] voice.audio.level {'level': 0.00021857127042797705}
2026-09-11 22:35:49 [INFO] voice.audio.level {'level': 0.00024099441361613572}
2026-09-11 22:35:49 [INFO] voice.audio.level {'level': 0.00014865179158126315}
2026-09-11 22:35:49 [INFO] voice.audio.level {'level': 0.000609750810932989}
2026-09-11 22:35:49 [INFO] voice.audio.level {'level': 0.001171270851045847}
2026-09-11 22:35:49 [INFO] voice.audio.level {'level': 0.0007084597988675039}
2026-09-11 22:35:49 [INFO] voice.audio.level {'level': 0.0023257829404125614}
2026-09-11 22:35:49 [INFO] voice.audio.level {'level': 0.0018770309786001842}
2026-09-11 22:35:49 [INFO] voice.audio.level {'level': 0.0008752995442288618}
2026-09-11 22:35:49 [INFO] voice.audio.level {'level': 0.00011511396830125402}
2026-09-11 22:35:49 [INFO] voice.audio.level {'level': 5.114442198343265e-05}
2026-09-11 22:35:49 [INFO] voice.audio.level {'level': 1.5399426350389454e-05}
2026-09-11 22:35:49 [INFO] voice.audio.level {'level': 7.092454931504714e-06}
2026-09-11 22:35:49 [INFO] voice.audio.level {'level': 7.092454931504714e-06}
2026-09-11 22:35:49 [INFO] voice.audio.level {'level': 0.0}
2026-09-11 22:35:49 [INFO] voice.audio.level {'level': 8.89086246994945e-06}
2026-09-11 22:35:49 [INFO] voice.audio.level {'level': 0.0}
2026-09-11 22:35:49 [INFO] voice.audio.level {'level': 0.0}
2026-09-11 22:35:49 [INFO] voice.audio.level {'level': 0.0}
2026-09-11 22:35:49 [INFO] voice.audio.level {'level': 0.0}
2026-09-11 22:35:49 [INFO] voice.audio.level {'level': 0.0}
2026-09-11 22:35:49 [INFO] voice.listening.stop
2026-09-11 22:36:15 [INFO] module.enabled {'module': 'Voice'}
2026-09-11 22:36:15 [INFO] voice.listening.start
2026-09-11 22:36:15 [INFO] voice.audio.level {'level': 0.0}
2026-09-11 22:36:15 [INFO] voice.audio.level {'level': 0.0}
2026-09-11 22:36:15 [INFO] voice.audio.level {'level': 0.0}
2026-09-11 22:36:15 [INFO] voice.audio.level {'level': 0.0}
2026-09-11 22:36:15 [INFO] voice.audio.level {'level': 0.0}
2026-09-11 22:36:15 [INFO] voice.audio.level {'level': 0.0}
2026-09-11 22:36:15 [INFO] voice.audio.level {'level': 0.0}
2026-09-11 22:36:15 [INFO] voice.audio.level {'level': 0.0}
2026-09-11 22:36:15 [INFO] voice.audio.level {'level': 0.0}
2026-09-11 22:36:15 [INFO] voice.audio.level {'level': 0.0}
2026-09-11 22:36:15 [INFO] voice.audio.level {'level': 0.0}
2026-09-11 22:36:15 [INFO] voice.audio.level {'level': 0.0}
2026-09-11 22:36:15 [INFO] voice.audio.level {'level': 0.0}
2026-09-11 22:36:16 [INFO] voice.audio.level {'level': 0.0}
2026-09-11 22:36:16 [INFO] voice.audio.level {'level': 0.0}
2026-09-11 22:36:16 [INFO] voice.audio.level {'level': 0.0}
2026-09-11 22:36:16 [INFO] voice.audio.level {'level': 0.0}
2026-09-11 22:36:16 [INFO] voice.audio.level {'level': 0.0}
2026-09-11 22:36:16 [INFO] voice.audio.level {'level': 0.050707741950949035}
2026-09-11 22:36:16 [INFO] voice.audio.level {'level': 0.16489387800296149}
2026-09-11 22:36:16 [INFO] voice.audio.level {'level': 0.2691308408975601}
2026-09-11 22:36:16 [INFO] voice.audio.level {'level': 0.3207583725452423}
2026-09-11 22:36:16 [INFO] voice.audio.level {'level': 0.4084941993157069}
2026-09-11 22:36:16 [INFO] voice.audio.level {'level': 0.5574985345204672}
2026-09-11 22:36:16 [INFO] voice.audio.level {'level': 0.5444339414437612}
2026-09-11 22:36:16 [INFO] voice.audio.level {'level': 0.4945338765780131}
2026-09-11 22:36:16 [INFO] voice.audio.level {'level': 0.4972904920578003}
2026-09-11 22:36:16 [INFO] voice.audio.level {'level': 0.25714305539925897}
2026-09-11 22:36:16 [INFO] voice.audio.level {'level': 0.18081943194071454}
2026-09-11 22:36:16 [INFO] voice.audio.level {'level': 0.2155774583419164}
2026-09-11 22:36:16 [INFO] voice.audio.level {'level': 0.35348447660605115}
2026-09-11 22:36:16 [INFO] voice.audio.level {'level': 0.4271605610847473}
2026-09-11 22:36:16 [INFO] voice.audio.level {'level': 0.42610689997673035}
2026-09-11 22:36:16 [INFO] voice.audio.level {'level': 0.5685916046301525}
2026-09-11 22:36:16 [INFO] voice.audio.level {'level': 0.6248180568218231}
2026-09-11 22:36:16 [INFO] voice.audio.level {'level': 0.5601051946481069}
2026-09-11 22:36:16 [INFO] voice.audio.level {'level': 0.5799871683120728}
2026-09-11 22:36:16 [INFO] voice.audio.level {'level': 0.44402162233988446}
2026-09-11 22:36:16 [INFO] voice.audio.level {'level': 0.24648030598958334}
2026-09-11 22:36:16 [INFO] voice.audio.level {'level': 0.25665385027726495}
2026-09-11 22:36:16 [INFO] voice.audio.level {'level': 0.38302977879842126}
2026-09-11 22:36:16 [INFO] voice.audio.level {'level': 0.37700824439525604}
2026-09-11 22:36:16 [INFO] voice.audio.level {'level': 0.326911062002182}
2026-09-11 22:36:16 [INFO] voice.audio.level {'level': 0.30451662838459015}
2026-09-11 22:36:16 [INFO] voice.audio.level {'level': 0.45194645722707116}
2026-09-11 22:36:16 [INFO] voice.audio.level {'level': 0.4742059111595154}
2026-09-11 22:36:17 [INFO] voice.audio.level {'level': 0.5173959831396739}
2026-09-11 22:36:17 [INFO] voice.audio.level {'level': 0.41392482817173004}
2026-09-11 22:36:17 [INFO] voice.audio.level {'level': 0.34709172944227856}
2026-09-11 22:36:17 [INFO] voice.audio.level {'level': 0.2794065326452255}
2026-09-11 22:36:17 [INFO] voice.audio.level {'level': 0.21991786857446036}
2026-09-11 22:36:17 [INFO] voice.audio.level {'level': 0.12639558563629788}
2026-09-11 22:36:17 [INFO] voice.audio.level {'level': 0.0632821706434091}
2026-09-11 22:36:17 [INFO] voice.audio.level {'level': 0.02920340436200301}
2026-09-11 22:36:17 [INFO] voice.audio.level {'level': 0.01780617516487837}
2026-09-11 22:36:17 [INFO] voice.audio.level {'level': 0.004553961334750056}
2026-09-11 22:36:17 [INFO] voice.audio.level {'level': 0.0017942228199293218}
2026-09-11 22:36:17 [INFO] voice.audio.level {'level': 0.001022540576135119}
2026-09-11 22:36:17 [INFO] voice.audio.level {'level': 0.0006915208844778439}
2026-09-11 22:36:17 [INFO] voice.listening.stop
2026-09-11 22:37:42 [INFO] module.enabled {'module': 'Voice'}
2026-09-11 22:37:42 [INFO] voice.listening.start
2026-09-11 22:37:42 [INFO] voice.audio.level {'level': 0.0}
2026-09-11 22:37:42 [INFO] voice.audio.level {'level': 4.17018418374937e-05}
2026-09-11 22:37:42 [INFO] voice.audio.level {'level': 0.0029569146378586693}
2026-09-11 22:37:42 [INFO] voice.audio.level {'level': 0.0016866967780515552}
2026-09-11 22:37:42 [INFO] voice.audio.level {'level': 0.00029849764056658995}
2026-09-11 22:37:42 [INFO] voice.audio.level {'level': 9.646781715370405e-05}
2026-09-11 22:37:42 [INFO] voice.audio.level {'level': 3.114687388006132e-05}
2026-09-11 22:37:42 [INFO] voice.audio.level {'level': 2.0936904547852464e-05}
2026-09-11 22:37:42 [INFO] voice.audio.level {'level': 2.258794514394443e-05}
2026-09-11 22:37:42 [INFO] voice.audio.level {'level': 2.110782133968314e-05}
2026-09-11 22:37:42 [INFO] voice.audio.level {'level': 3.7910767029340304e-06}
2026-09-11 22:37:42 [INFO] voice.audio.level {'level': 3.7910767029340304e-06}
2026-09-11 22:37:42 [INFO] voice.audio.level {'level': 0.0}
2026-09-11 22:37:42 [INFO] voice.audio.level {'level': 0.0}
2026-09-11 22:37:42 [INFO] voice.audio.level {'level': 0.0}
2026-09-11 22:37:42 [INFO] voice.audio.level {'level': 0.0}
2026-09-11 22:37:43 [INFO] voice.audio.level {'level': 9.665387400067024e-06}
2026-09-11 22:37:43 [INFO] voice.audio.level {'level': 0.0}
2026-09-11 22:37:43 [INFO] voice.audio.level {'level': 0.0}
2026-09-11 22:37:43 [INFO] voice.audio.level {'level': 0.0}
2026-09-11 22:37:43 [INFO] voice.audio.level {'level': 0.013985213202734789}
2026-09-11 22:37:43 [INFO] voice.audio.level {'level': 0.033564480642477676}
2026-09-11 22:37:43 [INFO] voice.audio.level {'level': 0.131181242565314}
2026-09-11 22:37:43 [INFO] voice.audio.level {'level': 0.24987444281578064}
2026-09-11 22:37:43 [INFO] voice.audio.level {'level': 0.2754290153582891}
2026-09-11 22:37:43 [INFO] voice.audio.level {'level': 0.2993985017140707}
2026-09-11 22:37:43 [INFO] voice.audio.level {'level': 0.3342228134473165}
2026-09-11 22:37:43 [INFO] voice.audio.level {'level': 0.3366312881310781}
2026-09-11 22:37:43 [INFO] voice.audio.level {'level': 0.35685742894808453}
2026-09-11 22:37:43 [INFO] voice.audio.level {'level': 0.31213976442813873}
2026-09-11 22:37:43 [INFO] voice.audio.level {'level': 0.42626475294431054}
2026-09-11 22:37:43 [INFO] voice.audio.level {'level': 0.4933972656726837}
2026-09-11 22:37:43 [INFO] voice.audio.level {'level': 0.3889467318852743}
2026-09-11 22:37:43 [INFO] voice.audio.level {'level': 0.3326180080572764}
2026-09-11 22:37:43 [INFO] voice.audio.level {'level': 0.35578280687332153}
2026-09-11 22:37:43 [INFO] voice.audio.level {'level': 0.3133600950241089}
2026-09-11 22:37:43 [INFO] voice.audio.level {'level': 0.4985387623310089}
2026-09-11 22:37:43 [INFO] voice.audio.level {'level': 0.475026418765386}
2026-09-11 22:37:43 [INFO] voice.audio.level {'level': 0.1351138825217883}
2026-09-11 22:37:43 [INFO] voice.audio.level {'level': 0.018314387028416}
2026-09-11 22:37:43 [INFO] voice.audio.level {'level': 0.1763753965497017}
2026-09-11 22:37:43 [INFO] voice.audio.level {'level': 0.2506420512994131}
2026-09-11 22:37:43 [INFO] voice.audio.level {'level': 0.48424472411473596}
2026-09-11 22:37:43 [INFO] voice.audio.level {'level': 0.5575993657112122}
2026-09-11 22:37:43 [INFO] voice.audio.level {'level': 0.34979132314523065}
2026-09-11 22:37:43 [INFO] voice.audio.level {'level': 0.27064400414625805}
2026-09-11 22:37:43 [INFO] voice.audio.level {'level': 0.2024400110046069}
2026-09-11 22:37:43 [INFO] voice.audio.level {'level': 0.14674896995226544}
2026-09-11 22:37:43 [INFO] voice.audio.level {'level': 0.02329334461440643}
2026-09-11 22:37:44 [INFO] voice.audio.level {'level': 0.0032195974684630833}
2026-09-11 22:37:44 [INFO] voice.audio.level {'level': 0.002278752508573234}
2026-09-11 22:37:44 [INFO] voice.audio.level {'level': 0.0008979771519079804}
2026-09-11 22:37:44 [INFO] voice.audio.level {'level': 0.0004512734691767643}
2026-09-11 22:37:44 [INFO] voice.audio.level {'level': 0.0005407037679105997}
2026-09-11 22:37:44 [INFO] voice.audio.level {'level': 0.0009327011260514458}
2026-09-11 22:37:44 [INFO] voice.audio.level {'level': 0.0013537541963160038}
2026-09-11 22:37:44 [INFO] voice.audio.level {'level': 0.0012547633377835155}
2026-09-11 22:37:44 [INFO] voice.audio.level {'level': 0.0002490884556512659}
2026-09-11 22:37:44 [INFO] voice.audio.level {'level': 0.0002605244905377428}
2026-09-11 22:37:44 [INFO] voice.audio.level {'level': 0.00016717315399243188}
2026-09-11 22:37:44 [INFO] voice.audio.level {'level': 0.0003941443719668314}
2026-09-11 22:37:44 [INFO] voice.audio.level {'level': 0.00037306968200330937}
2026-09-11 22:37:44 [INFO] voice.audio.level {'level': 0.00027337841553768766}
2026-09-11 22:37:44 [INFO] voice.audio.level {'level': 0.00013080588056861114}
2026-09-11 22:37:44 [INFO] voice.audio.level {'level': 0.00013419554306892678}
2026-09-11 22:37:44 [INFO] voice.audio.level {'level': 0.00012444321328075603}
2026-09-11 22:37:44 [INFO] voice.audio.level {'level': 0.00013108028118343404}
2026-09-11 22:37:44 [INFO] voice.audio.level {'level': 0.000175088656154306}
2026-09-11 22:37:44 [INFO] voice.audio.level {'level': 0.00015981085501456013}
2026-09-11 22:37:44 [INFO] voice.audio.level {'level': 0.0002948521917763477}
2026-09-11 22:37:44 [INFO] voice.audio.level {'level': 0.00028496188557861996}
2026-09-11 22:37:44 [INFO] voice.audio.level {'level': 0.0002564656945954388}
2026-09-11 22:37:44 [INFO] voice.audio.level {'level': 0.00033956069576864445}
2026-09-11 22:37:44 [INFO] voice.audio.level {'level': 0.0004596748719147096}
2026-09-11 22:37:44 [INFO] voice.audio.level {'level': 0.0002843939243272568}
2026-09-11 22:37:44 [INFO] voice.audio.level {'level': 0.0002674926266384622}
2026-09-11 22:37:44 [INFO] voice.audio.level {'level': 0.0001074287016914847}
2026-09-11 22:37:44 [INFO] voice.audio.level {'level': 0.00014230430679162964}
2026-09-11 22:37:44 [INFO] voice.audio.level {'level': 8.50249853101559e-05}
2026-09-11 22:37:44 [INFO] voice.audio.level {'level': 0.00010158387643362707}
2026-09-11 22:37:44 [INFO] voice.audio.level {'level': 0.00012726955901598558}
2026-09-11 22:37:44 [INFO] voice.audio.level {'level': 7.17305374564603e-05}
2026-09-11 22:37:45 [INFO] voice.audio.level {'level': 6.478194336523302e-05}
2026-09-11 22:37:45 [INFO] voice.audio.level {'level': 0.0001279733987757936}
2026-09-11 22:37:45 [INFO] voice.audio.level {'level': 8.611670637037605e-05}
2026-09-11 22:37:45 [INFO] voice.audio.level {'level': 0.00010012318549949366}
2026-09-11 22:37:45 [INFO] voice.audio.level {'level': 2.2903876318499293e-05}
2026-09-11 22:37:45 [INFO] voice.audio.level {'level': 2.9487655410775915e-05}
2026-09-11 22:37:45 [INFO] voice.audio.level {'level': 1.9330774800134048e-05}
2026-09-11 22:37:45 [INFO] voice.audio.level {'level': 2.3369766495306976e-05}
2026-09-11 22:37:45 [INFO] voice.audio.level {'level': 5.994218478614736e-06}
2026-09-11 22:37:45 [INFO] voice.audio.level {'level': 0.0}
2026-09-11 22:37:45 [INFO] voice.audio.level {'level': 0.0}
2026-09-11 22:37:45 [INFO] voice.audio.level {'level': 0.0}
2026-09-11 22:37:45 [INFO] voice.audio.level {'level': 0.0}
2026-09-11 22:37:45 [INFO] voice.audio.level {'level': 0.0}
2026-09-11 22:37:45 [INFO] voice.audio.level {'level': 0.0}
2026-09-11 22:37:45 [INFO] voice.audio.level {'level': 0.0}
2026-09-11 22:37:45 [INFO] voice.audio.level {'level': 0.0}
2026-09-11 22:37:45 [INFO] voice.audio.level {'level': 0.0}
2026-09-11 22:37:45 [INFO] voice.audio.level {'level': 0.0}
2026-09-11 22:37:45 [INFO] voice.audio.level {'level': 0.0}
2026-09-11 22:37:45 [INFO] voice.audio.level {'level': 0.0}
2026-09-11 22:37:45 [INFO] voice.audio.level {'level': 0.0}
2026-09-11 22:37:45 [INFO] voice.audio.level {'level': 0.0}
2026-09-11 22:37:45 [INFO] voice.audio.level {'level': 0.0}
2026-09-11 22:37:45 [INFO] voice.audio.level {'level': 0.0}
2026-09-11 22:37:45 [INFO] voice.audio.level {'level': 0.0}
2026-09-11 22:37:45 [INFO] voice.audio.level {'level': 0.0}
2026-09-11 22:37:45 [INFO] voice.audio.level {'level': 0.0}
2026-09-11 22:37:45 [INFO] voice.audio.level {'level': 0.0}
2026-09-11 22:37:45 [INFO] voice.audio.level {'level': 0.0}
2026-09-11 22:37:45 [INFO] voice.audio.level {'level': 0.0}
2026-09-11 22:37:45 [INFO] voice.audio.level {'level': 0.0}
2026-09-11 22:37:45 [INFO] voice.audio.level {'level': 0.0}
2026-09-11 22:37:45 [INFO] voice.audio.level {'level': 0.0}
2026-09-11 22:37:46 [INFO] voice.audio.level {'level': 0.0}
2026-09-11 22:37:46 [INFO] voice.audio.level {'level': 0.0}
2026-09-11 22:37:46 [INFO] voice.audio.level {'level': 0.0}
2026-09-11 22:37:46 [INFO] voice.audio.level {'level': 0.0}
2026-09-11 22:37:46 [INFO] voice.audio.level {'level': 0.0}
2026-09-11 22:37:46 [INFO] voice.audio.level {'level': 0.0}
2026-09-11 22:37:46 [INFO] voice.audio.level {'level': 0.0}
2026-09-11 22:37:46 [INFO] voice.audio.level {'level': 0.0}
2026-09-11 22:37:46 [INFO] voice.audio.level {'level': 0.0}
2026-09-11 22:37:46 [INFO] voice.audio.level {'level': 0.0}
2026-09-11 22:37:46 [INFO] voice.audio.level {'level': 0.0}
2026-09-11 22:37:46 [INFO] voice.audio.level {'level': 0.0}
2026-09-11 22:37:46 [INFO] voice.audio.level {'level': 0.0}
2026-09-11 22:37:46 [INFO] voice.listening.stop
2026-09-11 22:39:21 [INFO] ai.request {'prompt_length': 3}
2026-09-11 22:39:21 [INFO] ai.stream.token {'token': 'Nam'}
2026-09-11 22:39:21 [INFO] ai.stream.token {'token': 'aste'}
2026-09-11 22:39:21 [INFO] ai.stream.token {'token': '.'}
2026-09-11 22:39:21 [INFO] ai.stream.token {'token': ' How'}
2026-09-11 22:39:21 [INFO] ai.stream.token {'token': ' can'}
2026-09-11 22:39:21 [INFO] ai.stream.token {'token': ' I'}
2026-09-11 22:39:21 [INFO] ai.stream.token {'token': ' assist'}
2026-09-11 22:39:21 [INFO] ai.stream.token {'token': ' you'}
2026-09-11 22:39:21 [INFO] ai.stream.token {'token': ' today'}
2026-09-11 22:39:21 [INFO] ai.stream.token {'token': '?'}
2026-09-11 22:39:21 [INFO] ai.stream.done {'elapsed_seconds': 0.062, 'response_length': 36}
2026-09-11 22:39:21 [INFO] latency.model {'ms': 62.1}
2026-09-11 22:39:28 [INFO] ui.updated {'page': 'Module Manager'}
2026-09-11 22:39:29 [INFO] ui.updated {'page': 'Analytics'}
2026-09-11 22:39:33 [INFO] ui.updated {'page': 'Health'}
2026-09-11 22:39:48 [INFO] ui.updated {'page': 'Settings'}
2026-09-11 22:40:27 [INFO] settings.changed
2026-09-11 22:40:32 [INFO] ui.updated {'page': 'Console'}
2026-09-11 22:40:33 [INFO] ui.updated {'page': 'Health'}
2026-09-11 22:40:34 [INFO] ui.updated {'page': 'Analytics'}
2026-09-11 22:40:34 [INFO] ui.updated {'page': 'Module Manager'}
2026-09-11 22:40:36 [INFO] ui.updated {'page': 'Dashboard'}
2026-09-11 22:40:41 [INFO] ai.request {'prompt_length': 13}
2026-09-11 22:40:41 [INFO] ai.stream.token {'token': 'I'}
2026-09-11 22:40:41 [INFO] ai.stream.token {'token': ' can'}
2026-09-11 22:40:41 [INFO] ai.stream.token {'token': ' generate'}
2026-09-11 22:40:41 [INFO] ai.stream.token {'token': ' human'}
2026-09-11 22:40:41 [INFO] ai.stream.token {'token': '-like'}
2026-09-11 22:40:41 [INFO] ai.stream.token {'token': ' text'}
2026-09-11 22:40:41 [INFO] ai.stream.token {'token': ' based'}
2026-09-11 22:40:41 [INFO] ai.stream.token {'token': ' on'}
2026-09-11 22:40:41 [INFO] ai.stream.token {'token': ' patterns'}
2026-09-11 22:40:41 [INFO] ai.stream.token {'token': ' and'}
2026-09-11 22:40:41 [INFO] ai.stream.token {'token': ' responses'}
2026-09-11 22:40:41 [INFO] ai.stream.token {'token': '.'}
2026-09-11 22:40:41 [INFO] ai.stream.token {'token': ' It'}
2026-09-11 22:40:41 [INFO] ai.stream.token {'token': "'s"}
2026-09-11 22:40:41 [INFO] ai.stream.token {'token': ' called'}
2026-09-11 22:40:41 [INFO] ai.stream.token {'token': ' "'}
2026-09-11 22:40:41 [INFO] ai.stream.token {'token': 'chat'}
2026-09-11 22:40:41 [INFO] ai.stream.token {'token': 'ting'}
2026-09-11 22:40:41 [INFO] ai.stream.token {'token': '"'}
2026-09-11 22:40:41 [INFO] ai.stream.token {'token': ' or'}
2026-09-11 22:40:41 [INFO] ai.stream.token {'token': ' "'}
2026-09-11 22:40:41 [INFO] ai.stream.token {'token': 't'}
2026-09-11 22:40:41 [INFO] ai.stream.token {'token': 'alking'}
2026-09-11 22:40:41 [INFO] ai.stream.token {'token': '."'}
2026-09-11 22:40:41 [INFO] ai.stream.done {'elapsed_seconds': 0.136, 'response_length': 100}
2026-09-11 22:40:41 [INFO] latency.model {'ms': 136.1}
2026-09-11 22:41:51 [INFO] ui.updated {'page': 'Analytics'}
2026-09-11 22:41:52 [INFO] ui.updated {'page': 'Module Manager'}
2026-09-11 22:42:00 [INFO] ui.updated {'page': 'Settings'}
2026-09-11 22:42:10 [INFO] ui.updated {'page': 'Module Manager'}
2026-09-11 22:52:36 [INFO] module.loaded {'module': 'AI'}
2026-09-11 22:52:36 [INFO] module.enabled {'module': 'AI'}
2026-09-11 22:52:36 [INFO] module.loaded {'module': 'Voice'}
2026-09-11 22:52:36 [INFO] module.enabled {'module': 'Voice'}
2026-09-11 22:52:36 [INFO] ui.updated {'page': 'Dashboard'}
2026-09-11 22:52:36 [INFO] app.started
2026-09-11 22:52:49 [INFO] module.enabled {'module': 'Voice'}
2026-09-11 22:52:49 [INFO] voice.listening.start
2026-09-11 22:52:49 [INFO] voice.audio.level {'level': 0.0}
2026-09-11 22:52:50 [INFO] voice.audio.level {'level': 0.0}
2026-09-11 22:52:50 [INFO] voice.audio.level {'level': 0.0}
2026-09-11 22:52:50 [INFO] voice.audio.level {'level': 0.0}
2026-09-11 22:52:50 [INFO] voice.audio.level {'level': 0.0}
2026-09-11 22:52:50 [INFO] voice.audio.level {'level': 0.0}
2026-09-11 22:52:50 [INFO] voice.audio.level {'level': 0.0}
2026-09-11 22:52:50 [INFO] voice.audio.level {'level': 0.0}
2026-09-11 22:52:50 [INFO] voice.audio.level {'level': 0.0}
2026-09-11 22:52:50 [INFO] voice.audio.level {'level': 0.0}
2026-09-11 22:52:50 [INFO] voice.audio.level {'level': 0.0}
2026-09-11 22:52:50 [INFO] voice.audio.level {'level': 0.0}
2026-09-11 22:52:50 [INFO] voice.audio.level {'level': 0.0}
2026-09-11 22:52:50 [INFO] voice.audio.level {'level': 0.0}
2026-09-11 22:52:50 [INFO] voice.audio.level {'level': 0.0}
2026-09-11 22:52:50 [INFO] voice.audio.level {'level': 0.0}
2026-09-11 22:52:50 [INFO] voice.audio.level {'level': 0.0}
2026-09-11 22:52:50 [INFO] voice.audio.level {'level': 0.0}
2026-09-11 22:52:50 [INFO] voice.audio.level {'level': 0.0}
2026-09-11 22:52:50 [INFO] voice.audio.level {'level': 0.0}
2026-09-11 22:52:50 [INFO] voice.audio.level {'level': 0.0}
2026-09-11 22:52:50 [INFO] voice.audio.level {'level': 0.0}
2026-09-11 22:52:50 [INFO] voice.audio.level {'level': 0.0}
2026-09-11 22:52:50 [INFO] voice.audio.level {'level': 0.0}
2026-09-11 22:52:50 [INFO] voice.audio.level {'level': 0.04738005809485912}
2026-09-11 22:52:50 [INFO] voice.audio.level {'level': 0.10403577859203021}
2026-09-11 22:52:50 [INFO] voice.speech.start
2026-09-11 22:52:50 [INFO] voice.audio.level {'level': 0.12630514800548553}
2026-09-11 22:52:50 [INFO] voice.audio.level {'level': 0.16007788479328156}
2026-09-11 22:52:50 [INFO] voice.audio.level {'level': 0.2524337669213613}
2026-09-11 22:52:50 [INFO] voice.audio.level {'level': 0.3396036724249522}
2026-09-11 22:52:50 [INFO] voice.audio.level {'level': 0.3727483004331589}
2026-09-11 22:52:50 [INFO] voice.audio.level {'level': 0.39700346688429516}
2026-09-11 22:52:50 [INFO] voice.audio.level {'level': 0.4381545384724935}
2026-09-11 22:52:50 [INFO] voice.audio.level {'level': 0.4816157619158427}
2026-09-11 22:52:51 [INFO] voice.audio.level {'level': 0.5356160302956899}
2026-09-11 22:52:51 [INFO] voice.audio.level {'level': 0.5439309279123943}
2026-09-11 22:52:51 [INFO] voice.audio.level {'level': 0.6470252573490143}
2026-09-11 22:52:51 [INFO] voice.audio.level {'level': 0.677263339360555}
2026-09-11 22:52:51 [INFO] voice.audio.level {'level': 0.6621712942918142}
2026-09-11 22:52:51 [INFO] voice.audio.level {'level': 0.504330446322759}
2026-09-11 22:52:51 [INFO] voice.audio.level {'level': 0.28881676495075226}
2026-09-11 22:52:51 [INFO] voice.audio.level {'level': 0.2226154257853826}
2026-09-11 22:52:51 [INFO] voice.audio.level {'level': 0.36545266707738244}
2026-09-11 22:52:51 [INFO] voice.audio.level {'level': 0.2597815543413162}
2026-09-11 22:52:51 [INFO] voice.audio.level {'level': 0.0267125324656566}
2026-09-11 22:52:51 [INFO] voice.audio.level {'level': 0.08500237638751666}
2026-09-11 22:52:51 [INFO] voice.audio.level {'level': 0.3728420287370682}
2026-09-11 22:52:51 [INFO] voice.audio.level {'level': 0.23293428122997284}
2026-09-11 22:52:51 [INFO] voice.audio.level {'level': 0.42784829934438073}
2026-09-11 22:52:51 [INFO] voice.audio.level {'level': 0.5489873389403026}
2026-09-11 22:52:51 [INFO] voice.audio.level {'level': 0.5831531683603923}
2026-09-11 22:52:51 [INFO] voice.audio.level {'level': 0.5947842697302501}
2026-09-11 22:52:51 [INFO] voice.audio.level {'level': 0.4429366687933604}
2026-09-11 22:52:51 [INFO] voice.audio.level {'level': 0.16076362381378811}
2026-09-11 22:52:51 [INFO] voice.audio.level {'level': 0.060483968506256744}
2026-09-11 22:52:51 [INFO] voice.audio.level {'level': 0.011059017075846594}
2026-09-11 22:52:51 [INFO] voice.audio.level {'level': 0.004346684630339345}
2026-09-11 22:52:51 [INFO] voice.audio.level {'level': 0.0017611866739268105}
2026-09-11 22:52:51 [INFO] voice.audio.level {'level': 0.0019283336587250233}
2026-09-11 22:52:51 [INFO] voice.audio.level {'level': 0.002787119592539966}
2026-09-11 22:52:51 [INFO] voice.audio.level {'level': 0.00043652563666303956}
2026-09-11 22:52:51 [INFO] voice.audio.level {'level': 0.00018839400581782684}
2026-09-11 22:52:51 [INFO] voice.audio.level {'level': 0.00014493123065525046}
2026-09-11 22:52:51 [INFO] voice.audio.level {'level': 0.00027721558581106365}
2026-09-11 22:52:51 [INFO] voice.audio.level {'level': 0.00027740995089213055}
2026-09-11 22:52:51 [INFO] voice.audio.level {'level': 0.0002196535448698948}
2026-09-11 22:52:51 [INFO] voice.audio.level {'level': 0.0002438991456680621}
2026-09-11 22:52:52 [INFO] voice.audio.level {'level': 0.00026351391473629826}
2026-09-11 22:52:52 [INFO] voice.audio.level {'level': 0.00030789517040830106}
2026-09-11 22:52:52 [INFO] voice.audio.level {'level': 0.0002617765130707994}
2026-09-11 22:52:52 [INFO] voice.audio.level {'level': 0.0001601701903079326}
2026-09-11 22:52:52 [INFO] voice.audio.level {'level': 0.00018092215517147756}
2026-09-11 22:52:52 [INFO] voice.audio.level {'level': 0.0002183738979510963}
2026-09-11 22:52:52 [INFO] voice.audio.level {'level': 0.00035699585472078377}
2026-09-11 22:52:52 [INFO] voice.audio.level {'level': 0.00012406728880402323}
2026-09-11 22:52:52 [INFO] voice.audio.level {'level': 0.00014992737609039372}
2026-09-11 22:52:52 [INFO] voice.audio.level {'level': 8.674029838099766e-05}
2026-09-11 22:52:52 [INFO] voice.audio.level {'level': 0.00012661855483505255}
2026-09-11 22:52:52 [INFO] voice.audio.level {'level': 0.00016882000636542216}
2026-09-11 22:52:52 [INFO] voice.audio.level {'level': 0.00012681704295876747}
2026-09-11 22:52:52 [INFO] voice.audio.level {'level': 7.419283065246418e-05}
2026-09-11 22:52:52 [INFO] voice.audio.level {'level': 0.00011840667866636068}
2026-09-11 22:52:52 [INFO] voice.audio.level {'level': 6.124671926954761e-05}
2026-09-11 22:52:52 [INFO] voice.audio.level {'level': 0.00014668086805613711}
2026-09-11 22:52:52 [INFO] voice.audio.level {'level': 0.00022378594925006232}
2026-09-11 22:52:52 [INFO] voice.audio.level {'level': 0.0001317637725151144}
2026-09-11 22:52:52 [INFO] voice.audio.level {'level': 4.658552825276274e-05}
2026-09-11 22:52:52 [INFO] voice.audio.level {'level': 0.00013200897228671238}
2026-09-11 22:52:52 [INFO] voice.audio.level {'level': 4.3473582991282456e-05}
2026-09-11 22:52:52 [INFO] voice.audio.level {'level': 0.00014326056164766973}
2026-09-11 22:52:52 [INFO] voice.audio.level {'level': 9.787294402485713e-05}
2026-09-11 22:52:52 [INFO] voice.audio.level {'level': 2.899616144228882e-05}
2026-09-11 22:52:52 [INFO] voice.audio.level {'level': 2.2267533192158833e-05}
2026-09-11 22:52:52 [INFO] voice.audio.level {'level': 1.9330774800134048e-05}
2026-09-11 22:52:52 [INFO] voice.audio.level {'level': 1.757849986461224e-05}
2026-09-11 22:52:52 [INFO] voice.audio.level {'level': 4.3058353185188025e-05}
2026-09-11 22:52:52 [INFO] voice.audio.level {'level': 0.0}
2026-09-11 22:52:52 [INFO] voice.audio.level {'level': 0.0}
2026-09-11 22:52:52 [INFO] voice.audio.level {'level': 0.0}
2026-09-11 22:52:52 [INFO] voice.audio.level {'level': 0.0}
2026-09-11 22:52:52 [INFO] voice.audio.level {'level': 0.0}
2026-09-11 22:52:53 [INFO] voice.audio.level {'level': 0.0}
2026-09-11 22:52:53 [INFO] voice.audio.level {'level': 0.0}
2026-09-11 22:52:53 [INFO] voice.audio.level {'level': 0.0}
2026-09-11 22:52:53 [INFO] voice.audio.level {'level': 0.0}
2026-09-11 22:52:53 [INFO] voice.audio.level {'level': 0.0}
2026-09-11 22:52:53 [INFO] voice.audio.level {'level': 0.0}
2026-09-11 22:52:53 [INFO] voice.audio.level {'level': 0.0}
2026-09-11 22:52:53 [INFO] voice.audio.level {'level': 0.0}
2026-09-11 22:52:53 [INFO] voice.audio.level {'level': 0.0}
2026-09-11 22:52:53 [INFO] voice.audio.level {'level': 0.0}
2026-09-11 22:52:53 [INFO] voice.audio.level {'level': 0.0}
2026-09-11 22:52:53 [INFO] voice.audio.level {'level': 0.0}
2026-09-11 22:52:53 [INFO] voice.audio.level {'level': 0.0}
2026-09-11 22:52:53 [INFO] voice.audio.level {'level': 0.0}
2026-09-11 22:52:53 [INFO] voice.audio.level {'level': 0.0}
2026-09-11 22:52:53 [INFO] voice.audio.level {'level': 0.0}
2026-09-11 22:52:53 [INFO] voice.audio.level {'level': 0.0}
2026-09-11 22:52:53 [INFO] voice.audio.level {'level': 0.0}
2026-09-11 22:52:53 [INFO] voice.audio.level {'level': 0.0}
2026-09-11 22:52:53 [INFO] voice.audio.level {'level': 0.0}
2026-09-11 22:52:53 [INFO] voice.audio.level {'level': 0.0}
2026-09-11 22:52:53 [INFO] voice.audio.level {'level': 0.0}
2026-09-11 22:52:53 [INFO] voice.audio.level {'level': 0.0}
2026-09-11 22:52:53 [INFO] voice.audio.level {'level': 0.0}
2026-09-11 22:52:53 [INFO] voice.audio.level {'level': 0.0}
2026-09-11 22:52:53 [INFO] voice.audio.level {'level': 0.0}
2026-09-11 22:52:53 [INFO] voice.audio.level {'level': 0.0}
2026-09-11 22:52:53 [INFO] voice.audio.level {'level': 0.0}
2026-09-11 22:52:53 [INFO] voice.audio.level {'level': 0.0}
2026-09-11 22:52:53 [INFO] voice.audio.level {'level': 0.0}
2026-09-11 22:52:53 [INFO] voice.audio.level {'level': 0.0}
2026-09-11 22:52:53 [INFO] voice.audio.level {'level': 0.0}
2026-09-11 22:52:53 [INFO] voice.audio.level {'level': 0.0}
2026-09-11 22:52:54 [INFO] voice.audio.level {'level': 0.0}
2026-09-11 22:52:54 [INFO] voice.audio.level {'level': 0.0}
2026-09-11 22:52:54 [INFO] voice.audio.level {'level': 0.0}
2026-09-11 22:52:54 [INFO] voice.audio.level {'level': 0.0}
2026-09-11 22:52:54 [INFO] voice.audio.level {'level': 0.0}
2026-09-11 22:52:54 [INFO] voice.audio.level {'level': 0.0}
2026-09-11 22:52:54 [INFO] voice.audio.level {'level': 0.0}
2026-09-11 22:52:54 [INFO] voice.audio.level {'level': 0.0}
2026-09-11 22:52:54 [INFO] voice.audio.level {'level': 0.0}
2026-09-11 22:52:54 [INFO] voice.audio.level {'level': 0.0}
2026-09-11 22:52:54 [INFO] voice.audio.level {'level': 0.0}
2026-09-11 22:52:54 [INFO] voice.audio.level {'level': 0.0}
2026-09-11 22:52:54 [INFO] voice.audio.level {'level': 0.0}
2026-09-11 22:52:54 [INFO] voice.audio.level {'level': 0.0}
2026-09-11 22:52:54 [INFO] voice.audio.level {'level': 0.0}
2026-09-11 22:52:54 [INFO] voice.audio.level {'level': 0.0}
2026-09-11 22:52:54 [INFO] voice.audio.level {'level': 0.0}
2026-09-11 22:52:54 [INFO] voice.audio.level {'level': 0.0}
2026-09-11 22:52:54 [INFO] voice.audio.level {'level': 0.0}
2026-09-11 22:52:54 [INFO] voice.audio.level {'level': 0.0}
2026-09-11 22:52:54 [INFO] voice.audio.level {'level': 0.0}
2026-09-11 22:52:54 [INFO] voice.audio.level {'level': 0.0}
2026-09-11 22:52:54 [INFO] voice.audio.level {'level': 0.0}
2026-09-11 22:52:54 [INFO] voice.audio.level {'level': 0.0}
2026-09-11 22:52:54 [INFO] voice.audio.level {'level': 0.0}
2026-09-11 22:52:54 [INFO] voice.audio.level {'level': 0.0}
2026-09-11 22:52:54 [INFO] voice.audio.level {'level': 0.0}
2026-09-11 22:52:54 [INFO] voice.audio.level {'level': 0.0}
2026-09-11 22:52:54 [INFO] voice.audio.level {'level': 0.0}
2026-09-11 22:52:54 [INFO] voice.audio.level {'level': 0.0}
2026-09-11 22:52:54 [INFO] voice.audio.level {'level': 0.0}
2026-09-11 22:52:54 [INFO] voice.audio.level {'level': 0.0}
2026-09-11 22:52:54 [INFO] voice.audio.level {'level': 0.0}
2026-09-11 22:52:55 [INFO] voice.audio.level {'level': 0.0}
2026-09-11 22:52:55 [INFO] voice.audio.level {'level': 0.0}
2026-09-11 22:52:55 [INFO] voice.audio.level {'level': 0.0}
2026-09-11 22:52:55 [INFO] voice.audio.level {'level': 0.0}
2026-09-11 22:52:55 [INFO] voice.audio.level {'level': 0.0}
2026-09-11 22:52:55 [INFO] voice.audio.level {'level': 0.0}
2026-09-11 22:52:55 [INFO] voice.audio.level {'level': 0.0}
2026-09-11 22:52:55 [INFO] voice.audio.level {'level': 0.0}
2026-09-11 22:52:55 [INFO] voice.audio.level {'level': 0.0}
2026-09-11 22:52:55 [INFO] voice.audio.level {'level': 0.0}
2026-09-11 22:52:55 [INFO] voice.audio.level {'level': 0.0}
2026-09-11 22:52:55 [INFO] voice.audio.level {'level': 0.0}
2026-09-11 22:52:55 [INFO] voice.audio.level {'level': 0.0}
2026-09-11 22:52:55 [INFO] voice.audio.level {'level': 0.0}
2026-09-11 22:52:55 [INFO] voice.audio.level {'level': 0.0}
2026-09-11 22:52:55 [INFO] voice.audio.level {'level': 0.0}
2026-09-11 22:52:55 [INFO] voice.audio.level {'level': 0.0}
2026-09-11 22:52:55 [INFO] voice.audio.level {'level': 0.0}
2026-09-11 22:52:55 [INFO] voice.audio.level {'level': 0.0}
2026-09-11 22:52:55 [INFO] voice.audio.level {'level': 0.0}
2026-09-11 22:52:58 [INFO] voice.listening.stop
2026-09-11 22:52:58 [INFO] module.enabled {'module': 'Voice'}
2026-09-11 22:52:59 [INFO] voice.listening.start
2026-09-11 22:52:59 [INFO] voice.audio.level {'level': 0.0}
2026-09-11 22:52:59 [INFO] voice.audio.level {'level': 0.0}
2026-09-11 22:52:59 [INFO] voice.audio.level {'level': 0.0}
2026-09-11 22:52:59 [INFO] voice.audio.level {'level': 0.0}
2026-09-11 22:52:59 [INFO] voice.audio.level {'level': 0.0}
2026-09-11 22:52:59 [INFO] voice.audio.level {'level': 0.0}
2026-09-11 22:52:59 [INFO] voice.audio.level {'level': 0.0}
2026-09-11 22:52:59 [INFO] voice.audio.level {'level': 0.0}
2026-09-11 22:52:59 [INFO] voice.audio.level {'level': 0.0}
2026-09-11 22:52:59 [INFO] voice.audio.level {'level': 0.0}
2026-09-11 22:52:59 [INFO] voice.audio.level {'level': 0.0}
2026-09-11 22:52:59 [INFO] voice.audio.level {'level': 0.0}
2026-09-11 22:52:59 [INFO] voice.audio.level {'level': 0.0}
2026-09-11 22:52:59 [INFO] voice.audio.level {'level': 0.0}
2026-09-11 22:52:59 [INFO] voice.audio.level {'level': 0.0}
2026-09-11 22:52:59 [INFO] voice.audio.level {'level': 0.0}
2026-09-11 22:52:59 [INFO] voice.audio.level {'level': 0.0}
2026-09-11 22:52:59 [INFO] voice.audio.level {'level': 0.0}
2026-09-11 22:52:59 [INFO] voice.audio.level {'level': 0.0}
2026-09-11 22:52:59 [INFO] voice.audio.level {'level': 0.0}
2026-09-11 22:52:59 [INFO] voice.audio.level {'level': 0.0}
2026-09-11 22:52:59 [INFO] voice.audio.level {'level': 0.0}
2026-09-11 22:52:59 [INFO] voice.audio.level {'level': 0.0}
2026-09-11 22:52:59 [INFO] voice.audio.level {'level': 0.0}
2026-09-11 22:52:59 [INFO] voice.audio.level {'level': 0.0}
2026-09-11 22:52:59 [INFO] voice.audio.level {'level': 0.0}
2026-09-11 22:52:59 [INFO] voice.audio.level {'level': 0.0}
2026-09-11 22:52:59 [INFO] voice.audio.level {'level': 0.0}
2026-09-11 22:52:59 [INFO] voice.audio.level {'level': 0.0}
2026-09-11 22:52:59 [INFO] voice.audio.level {'level': 0.0}
2026-09-11 22:53:00 [INFO] voice.audio.level {'level': 0.0}
2026-09-11 22:53:00 [INFO] voice.audio.level {'level': 0.0}
2026-09-11 22:53:00 [INFO] voice.audio.level {'level': 0.0}
2026-09-11 22:53:00 [INFO] voice.audio.level {'level': 0.0}
2026-09-11 22:53:00 [INFO] voice.audio.level {'level': 0.0}
2026-09-11 22:53:00 [INFO] voice.audio.level {'level': 0.0}
2026-09-11 22:53:00 [INFO] voice.audio.level {'level': 0.0}
2026-09-11 22:53:00 [INFO] voice.audio.level {'level': 0.014163032174110413}
2026-09-11 22:53:00 [INFO] voice.audio.level {'level': 0.02317226491868496}
2026-09-11 22:53:00 [INFO] voice.audio.level {'level': 0.0384796845416228}
2026-09-11 22:53:00 [INFO] voice.audio.level {'level': 0.03971598421533903}
2026-09-11 22:53:00 [INFO] voice.audio.level {'level': 0.1512894406914711}
2026-09-11 22:53:00 [INFO] voice.speech.start
2026-09-11 22:53:00 [INFO] voice.audio.level {'level': 0.2503129343191783}
2026-09-11 22:53:00 [INFO] voice.audio.level {'level': 0.2792493999004364}
2026-09-11 22:53:00 [INFO] voice.audio.level {'level': 0.21649229029814404}
2026-09-11 22:53:00 [INFO] voice.audio.level {'level': 0.26594817638397217}
2026-09-11 22:53:00 [INFO] voice.audio.level {'level': 0.21719786028067273}
2026-09-11 22:53:00 [INFO] voice.audio.level {'level': 0.21296141048272452}
2026-09-11 22:53:00 [INFO] voice.audio.level {'level': 0.28706640005111694}
2026-09-11 22:53:00 [INFO] voice.audio.level {'level': 0.3549600640932719}
2026-09-11 22:53:00 [INFO] voice.audio.level {'level': 0.4286070168018341}
2026-09-11 22:53:00 [INFO] voice.audio.level {'level': 0.4304167628288269}
2026-09-11 22:53:00 [INFO] voice.audio.level {'level': 0.3907581667105357}
2026-09-11 22:53:00 [INFO] voice.audio.level {'level': 0.4822287460168203}
2026-09-11 22:53:00 [INFO] voice.audio.level {'level': 0.38848978777726495}
2026-09-11 22:53:00 [INFO] voice.audio.level {'level': 0.36855650444825494}
2026-09-11 22:53:00 [INFO] voice.audio.level {'level': 0.3934836884339651}
2026-09-11 22:53:00 [INFO] voice.audio.level {'level': 0.3193493684132894}
2026-09-11 22:53:00 [INFO] voice.audio.level {'level': 0.214545081059138}
2026-09-11 22:53:00 [INFO] voice.audio.level {'level': 0.11215115586916606}
2026-09-11 22:53:00 [INFO] voice.audio.level {'level': 0.10599313924709956}
2026-09-11 22:53:00 [INFO] voice.audio.level {'level': 0.06817371274034183}
2026-09-11 22:53:00 [INFO] voice.audio.level {'level': 0.02451204229146242}
2026-09-11 22:53:01 [INFO] voice.audio.level {'level': 0.004127267360066375}
2026-09-11 22:53:01 [INFO] voice.audio.level {'level': 0.0011824482741455238}
2026-09-11 22:53:01 [INFO] voice.audio.level {'level': 0.0006566063772576551}
2026-09-11 22:53:01 [INFO] voice.audio.level {'level': 0.0006244583346415311}
2026-09-11 22:53:01 [INFO] voice.audio.level {'level': 0.0015947550612812242}
2026-09-11 22:53:01 [INFO] voice.audio.level {'level': 0.0036409970683356128}
2026-09-11 22:53:01 [INFO] voice.audio.level {'level': 0.006516654199610154}
2026-09-11 22:53:01 [INFO] voice.audio.level {'level': 0.008303655001024406}
2026-09-11 22:53:01 [INFO] voice.audio.level {'level': 0.009072542500992617}
2026-09-11 22:53:01 [INFO] voice.audio.level {'level': 0.007981157395988703}
2026-09-11 22:53:01 [INFO] voice.audio.level {'level': 0.006619411675880353}
2026-09-11 22:53:01 [INFO] voice.audio.level {'level': 0.0051566209488858785}
2026-09-11 22:53:01 [INFO] voice.audio.level {'level': 0.004167393393193683}
2026-09-11 22:53:01 [INFO] voice.audio.level {'level': 0.003014000055069725}
2026-09-11 22:53:01 [INFO] voice.audio.level {'level': 0.001895144038523237}
2026-09-11 22:53:01 [INFO] voice.audio.level {'level': 0.000982357111449043}
2026-09-11 22:53:01 [INFO] voice.audio.level {'level': 0.0006820619940602531}
2026-09-11 22:53:01 [INFO] voice.audio.level {'level': 0.0009177577643034359}
2026-09-11 22:53:01 [INFO] voice.audio.level {'level': 0.0004609394333480547}
2026-09-11 22:53:01 [INFO] voice.audio.level {'level': 0.0005215245376651486}
2026-09-11 22:53:01 [INFO] voice.audio.level {'level': 0.0010296385153196752}
2026-09-11 22:53:01 [INFO] voice.audio.level {'level': 0.0008154692477546632}
2026-09-11 22:53:01 [INFO] voice.audio.level {'level': 0.0010293313728955886}
2026-09-11 22:53:01 [INFO] voice.audio.level {'level': 0.000729902870565032}
2026-09-11 22:53:01 [INFO] voice.audio.level {'level': 0.0005528151329296331}
2026-09-11 22:53:01 [INFO] voice.audio.level {'level': 0.0007255431167626133}
2026-09-11 22:53:01 [INFO] voice.audio.level {'level': 0.0004003132683768248}
2026-09-11 22:53:01 [INFO] voice.audio.level {'level': 0.0005845761431070666}
2026-09-11 22:53:01 [INFO] voice.audio.level {'level': 0.0007398186911207935}
2026-09-11 22:53:01 [INFO] voice.audio.level {'level': 0.0008605243056081235}
2026-09-11 22:53:01 [INFO] voice.audio.level {'level': 0.0007742525970873734}
2026-09-11 22:53:01 [INFO] voice.audio.level {'level': 0.0006067025727437189}
2026-09-11 22:53:01 [INFO] voice.audio.level {'level': 0.0007386181096080691}
2026-09-11 22:53:01 [INFO] voice.audio.level {'level': 0.0005034001757546018}
2026-09-11 22:53:02 [INFO] voice.audio.level {'level': 0.00022941496960508328}
2026-09-11 22:53:02 [INFO] voice.audio.level {'level': 0.00020616974021929008}
2026-09-11 22:53:02 [INFO] voice.audio.level {'level': 9.853153339160296e-05}
2026-09-11 22:53:02 [INFO] voice.audio.level {'level': 1.9515761475001152e-05}
2026-09-11 22:53:02 [INFO] voice.audio.level {'level': 2.1612462054084368e-05}
2026-09-11 22:53:02 [INFO] voice.audio.level {'level': 8.47710528735964e-06}
2026-09-11 22:53:02 [INFO] voice.audio.level {'level': 2.6806960325605664e-06}
2026-09-11 22:53:02 [INFO] voice.audio.level {'level': 2.6806960325605664e-06}
2026-09-11 22:53:02 [INFO] voice.audio.level {'level': 0.0}
2026-09-11 22:53:02 [INFO] voice.audio.level {'level': 0.0}
2026-09-11 22:53:02 [INFO] voice.audio.level {'level': 0.0}
2026-09-11 22:53:02 [INFO] voice.audio.level {'level': 0.0}
2026-09-11 22:53:02 [INFO] voice.audio.level {'level': 0.0}
2026-09-11 22:53:02 [INFO] voice.audio.level {'level': 0.0}
2026-09-11 22:53:02 [INFO] voice.audio.level {'level': 0.0}
2026-09-11 22:53:02 [INFO] voice.audio.level {'level': 0.0}
2026-09-11 22:53:02 [INFO] voice.audio.level {'level': 0.0}
2026-09-11 22:53:02 [INFO] voice.audio.level {'level': 0.0}
2026-09-11 22:53:02 [INFO] voice.audio.level {'level': 0.0}
2026-09-11 22:53:02 [INFO] voice.audio.level {'level': 0.0}
2026-09-11 22:53:02 [INFO] voice.audio.level {'level': 0.0}
2026-09-11 22:53:02 [INFO] voice.audio.level {'level': 0.0}
2026-09-11 22:53:02 [INFO] voice.audio.level {'level': 0.0}
2026-09-11 22:53:02 [INFO] voice.audio.level {'level': 0.0}
2026-09-11 22:53:02 [INFO] voice.audio.level {'level': 0.0}
2026-09-11 22:53:02 [INFO] voice.audio.level {'level': 0.0}
2026-09-11 22:53:02 [INFO] voice.audio.level {'level': 0.0}
2026-09-11 22:53:02 [INFO] voice.audio.level {'level': 0.0}
2026-09-11 22:53:02 [INFO] voice.audio.level {'level': 0.0}
2026-09-11 22:53:02 [INFO] voice.audio.level {'level': 0.0}
2026-09-11 22:53:02 [INFO] voice.audio.level {'level': 0.0}
2026-09-11 22:53:02 [INFO] voice.audio.level {'level': 0.0}
2026-09-11 22:53:02 [INFO] voice.audio.level {'level': 0.0}
2026-09-11 22:53:03 [INFO] voice.audio.level {'level': 0.0}
2026-09-11 22:53:03 [INFO] voice.audio.level {'level': 0.0}
2026-09-11 22:53:03 [INFO] voice.audio.level {'level': 0.0}
2026-09-11 22:53:03 [INFO] voice.audio.level {'level': 0.0}
2026-09-11 22:53:03 [INFO] voice.audio.level {'level': 0.0}
2026-09-11 22:53:03 [INFO] voice.audio.level {'level': 0.0}
2026-09-11 22:53:03 [INFO] voice.audio.level {'level': 0.0}
2026-09-11 22:53:03 [INFO] voice.audio.level {'level': 0.0}
2026-09-11 22:53:03 [INFO] voice.audio.level {'level': 0.0}
2026-09-11 22:53:03 [INFO] voice.audio.level {'level': 0.0}
2026-09-11 22:53:03 [INFO] voice.audio.level {'level': 0.0}
2026-09-11 22:53:03 [INFO] voice.audio.level {'level': 0.0}
2026-09-11 22:53:03 [INFO] voice.audio.level {'level': 0.0}
2026-09-11 22:53:03 [INFO] voice.audio.level {'level': 0.0}
2026-09-11 22:53:03 [INFO] voice.audio.level {'level': 0.0}
2026-09-11 22:53:03 [INFO] voice.audio.level {'level': 0.0}
2026-09-11 22:53:03 [INFO] voice.audio.level {'level': 0.0}
2026-09-11 22:53:03 [INFO] voice.audio.level {'level': 0.0}
2026-09-11 22:53:03 [INFO] voice.audio.level {'level': 0.0}
2026-09-11 22:53:03 [INFO] voice.audio.level {'level': 0.0}
2026-09-11 22:53:03 [INFO] voice.audio.level {'level': 0.0}
2026-09-11 22:53:03 [INFO] voice.audio.level {'level': 0.0}
2026-09-11 22:53:03 [INFO] voice.audio.level {'level': 0.0}
2026-09-11 22:53:03 [INFO] voice.audio.level {'level': 0.0}
2026-09-11 22:53:03 [INFO] voice.audio.level {'level': 0.0}
2026-09-11 22:53:03 [INFO] voice.audio.level {'level': 0.0}
2026-09-11 22:53:03 [INFO] voice.audio.level {'level': 0.0}
2026-09-11 22:53:03 [INFO] voice.audio.level {'level': 0.0}
2026-09-11 22:53:03 [INFO] voice.audio.level {'level': 0.0}
2026-09-11 22:53:03 [INFO] voice.audio.level {'level': 0.0}
2026-09-11 22:53:03 [INFO] voice.audio.level {'level': 0.0}
2026-09-11 22:53:03 [INFO] voice.audio.level {'level': 0.0}
2026-09-11 22:53:03 [INFO] voice.audio.level {'level': 0.0}
2026-09-11 22:53:04 [INFO] voice.audio.level {'level': 0.0}
2026-09-11 22:53:04 [INFO] voice.audio.level {'level': 0.0}
2026-09-11 22:53:04 [INFO] voice.audio.level {'level': 0.0}
2026-09-11 22:53:04 [INFO] voice.audio.level {'level': 0.0}
2026-09-11 22:53:04 [INFO] voice.audio.level {'level': 0.0}
2026-09-11 22:53:04 [INFO] voice.audio.level {'level': 0.0}
2026-09-11 22:53:04 [INFO] voice.audio.level {'level': 0.0}
2026-09-11 22:53:04 [INFO] voice.audio.level {'level': 0.0}
2026-09-11 22:53:04 [INFO] voice.audio.level {'level': 0.0}
2026-09-11 22:53:04 [INFO] voice.audio.level {'level': 0.0}
2026-09-11 22:53:04 [INFO] voice.audio.level {'level': 0.0}
2026-09-11 22:53:04 [INFO] voice.audio.level {'level': 0.0}
2026-09-11 22:53:04 [INFO] voice.audio.level {'level': 0.0}
2026-09-11 22:53:04 [INFO] voice.audio.level {'level': 0.0}
2026-09-11 22:53:04 [INFO] voice.audio.level {'level': 0.0}
2026-09-11 22:53:04 [INFO] voice.audio.level {'level': 0.0}
2026-09-11 22:53:04 [INFO] voice.audio.level {'level': 0.0}
2026-09-11 22:53:04 [INFO] voice.audio.level {'level': 0.0}
2026-09-11 22:53:04 [INFO] voice.audio.level {'level': 0.0}
2026-09-11 22:53:04 [INFO] voice.audio.level {'level': 0.0}
2026-09-11 22:53:04 [INFO] voice.audio.level {'level': 0.0}
2026-09-11 22:53:04 [INFO] voice.audio.level {'level': 0.0}
2026-09-11 22:53:04 [INFO] voice.audio.level {'level': 0.0}
2026-09-11 22:53:04 [INFO] voice.audio.level {'level': 0.0}
2026-09-11 22:53:04 [INFO] voice.audio.level {'level': 0.0}
2026-09-11 22:53:04 [INFO] voice.audio.level {'level': 0.0}
2026-09-11 22:53:04 [INFO] voice.audio.level {'level': 0.0}
2026-09-11 22:53:04 [INFO] voice.audio.level {'level': 0.0}
2026-09-11 22:53:04 [INFO] voice.audio.level {'level': 0.0}
2026-09-11 22:53:04 [INFO] voice.audio.level {'level': 0.0}
2026-09-11 22:53:04 [INFO] voice.audio.level {'level': 0.0}
2026-09-11 22:53:04 [INFO] voice.audio.level {'level': 0.0}
2026-09-11 22:53:04 [INFO] voice.audio.level {'level': 0.0}
2026-09-11 22:53:04 [INFO] voice.audio.level {'level': 0.0}
2026-09-11 22:53:05 [INFO] voice.audio.level {'level': 0.0}
2026-09-11 22:53:05 [INFO] voice.audio.level {'level': 0.0}
2026-09-11 22:53:05 [INFO] voice.audio.level {'level': 0.0}
2026-09-11 22:53:05 [INFO] voice.audio.level {'level': 0.0}
2026-09-11 22:53:05 [INFO] voice.audio.level {'level': 0.0}
2026-09-11 22:53:05 [INFO] voice.audio.level {'level': 0.0}
2026-09-11 22:53:05 [INFO] voice.audio.level {'level': 0.0}
2026-09-11 22:53:05 [INFO] voice.audio.level {'level': 0.0}
2026-09-11 22:53:05 [INFO] voice.audio.level {'level': 0.0}
2026-09-11 22:53:05 [INFO] voice.audio.level {'level': 0.0}
2026-09-11 22:53:05 [INFO] voice.audio.level {'level': 0.0}
2026-09-11 22:53:05 [INFO] voice.audio.level {'level': 0.0}
2026-09-11 22:53:05 [INFO] voice.audio.level {'level': 0.0}
2026-09-11 22:53:05 [INFO] voice.audio.level {'level': 0.0}
2026-09-11 22:53:05 [INFO] voice.audio.level {'level': 0.0}
2026-09-11 22:53:05 [INFO] voice.audio.level {'level': 0.0}
2026-09-11 22:53:05 [INFO] voice.audio.level {'level': 0.0}
2026-09-11 22:53:05 [INFO] voice.audio.level {'level': 0.0}
2026-09-11 22:53:05 [INFO] voice.audio.level {'level': 0.0}
2026-09-11 22:53:05 [INFO] voice.audio.level {'level': 0.0}
2026-09-11 22:53:05 [INFO] voice.audio.level {'level': 0.0}
2026-09-11 22:53:05 [INFO] voice.audio.level {'level': 0.0}
2026-09-11 22:53:05 [INFO] voice.audio.level {'level': 0.0}
2026-09-11 22:53:05 [INFO] voice.audio.level {'level': 0.0}
2026-09-11 22:53:05 [INFO] voice.audio.level {'level': 0.0}
2026-09-11 22:53:05 [INFO] voice.audio.level {'level': 0.0}
2026-09-11 22:53:05 [INFO] voice.audio.level {'level': 0.0}
2026-09-11 22:53:05 [INFO] voice.audio.level {'level': 0.0}
2026-09-11 22:53:05 [INFO] voice.audio.level {'level': 0.0}
2026-09-11 22:53:05 [INFO] voice.audio.level {'level': 0.0}
2026-09-11 22:53:05 [INFO] voice.audio.level {'level': 0.0}
2026-09-11 22:53:05 [INFO] voice.audio.level {'level': 0.0}
2026-09-11 22:53:05 [INFO] voice.audio.level {'level': 0.0}
2026-09-11 22:53:06 [INFO] voice.audio.level {'level': 0.0}
2026-09-11 22:53:06 [INFO] voice.audio.level {'level': 0.0}
2026-09-11 22:53:06 [INFO] voice.audio.level {'level': 0.0}
2026-09-11 22:53:06 [INFO] voice.audio.level {'level': 0.0}
2026-09-11 22:53:06 [INFO] voice.audio.level {'level': 0.0}
2026-09-11 22:53:06 [INFO] voice.audio.level {'level': 0.0}
2026-09-11 22:53:06 [INFO] voice.audio.level {'level': 0.0}
2026-09-11 22:53:06 [INFO] voice.audio.level {'level': 0.0}
2026-09-11 22:53:06 [INFO] voice.audio.level {'level': 0.0}
2026-09-11 22:53:06 [INFO] voice.audio.level {'level': 0.0}
2026-09-11 22:53:06 [INFO] voice.audio.level {'level': 0.0}
2026-09-11 22:53:06 [INFO] voice.audio.level {'level': 0.0}
2026-09-11 22:53:06 [INFO] voice.audio.level {'level': 0.0}
2026-09-11 22:53:06 [INFO] voice.audio.level {'level': 0.0}
2026-09-11 22:53:06 [INFO] voice.audio.level {'level': 0.0}
2026-09-11 22:53:06 [INFO] voice.audio.level {'level': 0.0}
2026-09-11 22:53:06 [INFO] voice.audio.level {'level': 0.0}
2026-09-11 22:53:06 [INFO] voice.audio.level {'level': 0.0}
2026-09-11 22:53:06 [INFO] voice.audio.level {'level': 0.0}
2026-09-11 22:53:06 [INFO] voice.audio.level {'level': 0.0}
2026-09-11 22:53:06 [INFO] voice.audio.level {'level': 0.0}
2026-09-11 22:53:06 [INFO] voice.audio.level {'level': 0.0}
2026-09-11 22:53:06 [INFO] voice.audio.level {'level': 0.0}
2026-09-11 22:53:06 [INFO] voice.audio.level {'level': 0.0}
2026-09-11 22:53:06 [INFO] voice.audio.level {'level': 0.0}
2026-09-11 22:53:06 [INFO] voice.audio.level {'level': 0.0}
2026-09-11 22:53:06 [INFO] voice.audio.level {'level': 0.020959746713439625}
2026-09-11 22:53:06 [INFO] voice.audio.level {'level': 0.003329719960068663}
2026-09-11 22:53:06 [INFO] voice.audio.level {'level': 0.05984261011083921}
2026-09-11 22:53:06 [INFO] voice.audio.level {'level': 0.3518805156151454}
2026-09-11 22:53:06 [INFO] voice.audio.level {'level': 0.4399863878885905}
2026-09-11 22:53:06 [INFO] voice.audio.level {'level': 0.3473324080308279}
2026-09-11 22:53:06 [INFO] voice.audio.level {'level': 0.26377322773138684}
2026-09-11 22:53:07 [INFO] voice.audio.level {'level': 0.23434335986773175}
2026-09-11 22:53:07 [INFO] voice.audio.level {'level': 0.5826076865196228}
2026-09-11 22:53:07 [INFO] voice.audio.level {'level': 0.8445068200429281}
2026-09-11 22:53:07 [INFO] voice.audio.level {'level': 0.40313616394996643}
2026-09-11 22:53:07 [INFO] voice.audio.level {'level': 0.1348729928334554}
2026-09-11 22:53:07 [INFO] voice.audio.level {'level': 0.3588646153608958}
2026-09-11 22:53:07 [INFO] voice.audio.level {'level': 0.6676170229911804}
2026-09-11 22:53:07 [INFO] voice.audio.level {'level': 0.633210043112437}
2026-09-11 22:53:07 [INFO] voice.audio.level {'level': 0.45081858833630883}
2026-09-11 22:53:07 [INFO] voice.audio.level {'level': 0.8745584885279338}
2026-09-11 22:53:07 [INFO] voice.audio.level {'level': 1.0}
2026-09-11 22:53:07 [INFO] voice.audio.level {'level': 0.7733566562334697}
2026-09-11 22:53:07 [INFO] voice.audio.level {'level': 0.05404039596517881}
2026-09-11 22:53:07 [INFO] voice.audio.level {'level': 0.041019997249046966}
2026-09-11 22:53:07 [INFO] voice.audio.level {'level': 0.32996753851572674}
2026-09-11 22:53:07 [INFO] voice.audio.level {'level': 0.46720723311106366}
2026-09-11 22:53:07 [INFO] voice.audio.level {'level': 0.4877831041812897}
2026-09-11 22:53:07 [INFO] voice.audio.level {'level': 0.48764581481615704}
2026-09-11 22:53:07 [INFO] voice.audio.level {'level': 0.39497504631678265}
2026-09-11 22:53:07 [INFO] voice.audio.level {'level': 0.32195861140886944}
2026-09-11 22:53:07 [INFO] voice.audio.level {'level': 0.2886388202508291}
2026-09-11 22:53:07 [INFO] voice.audio.level {'level': 0.2912639081478119}
2026-09-11 22:53:07 [INFO] voice.audio.level {'level': 0.33332812289396924}
2026-09-11 22:53:07 [INFO] voice.audio.level {'level': 0.39549206693967187}
2026-09-11 22:53:07 [INFO] voice.audio.level {'level': 0.34992573161919915}
2026-09-11 22:53:07 [INFO] voice.audio.level {'level': 0.35698287189006805}
2026-09-11 22:53:07 [INFO] voice.audio.level {'level': 0.3291102002064387}
2026-09-11 22:53:07 [INFO] voice.audio.level {'level': 0.27589862545331323}
2026-09-11 22:53:07 [INFO] voice.audio.level {'level': 0.20072779307762784}
2026-09-11 22:53:07 [INFO] voice.audio.level {'level': 0.1469486579298973}
2026-09-11 22:53:07 [INFO] voice.audio.level {'level': 0.10875056187311809}
2026-09-11 22:53:07 [INFO] voice.audio.level {'level': 0.0793440081179142}
2026-09-11 22:53:07 [INFO] voice.audio.level {'level': 0.05802389855186145}
2026-09-11 22:53:07 [INFO] voice.audio.level {'level': 0.08440863341093063}
2026-09-11 22:53:08 [INFO] voice.audio.level {'level': 0.05452451606591543}
2026-09-11 22:53:08 [INFO] voice.audio.level {'level': 0.0429727944235007}
2026-09-11 22:53:08 [INFO] voice.audio.level {'level': 0.03991732994715373}
2026-09-11 22:53:08 [INFO] voice.audio.level {'level': 0.013491067414482435}
2026-09-11 22:53:08 [INFO] voice.audio.level {'level': 0.0024729794434582195}
2026-09-11 22:53:08 [INFO] voice.audio.level {'level': 0.0018765007068092625}
2026-09-11 22:53:08 [INFO] voice.audio.level {'level': 0.0007243684861653795}
2026-09-11 22:53:08 [INFO] voice.audio.level {'level': 0.0004897757025901228}
2026-09-11 22:53:08 [INFO] voice.audio.level {'level': 0.0004505643058413019}
2026-09-11 22:53:08 [INFO] voice.audio.level {'level': 0.0011825485853478312}
2026-09-11 22:53:08 [INFO] voice.audio.level {'level': 0.0009603366682616373}
2026-09-11 22:53:08 [INFO] voice.audio.level {'level': 0.007832222618162632}
2026-09-11 22:53:08 [INFO] voice.audio.level {'level': 1.0}
2026-09-11 22:53:08 [INFO] voice.audio.level {'level': 1.0}
2026-09-11 22:53:08 [INFO] voice.audio.level {'level': 0.8426977197329204}
2026-09-11 22:53:08 [INFO] voice.audio.level {'level': 0.4961178700129191}
2026-09-11 22:53:08 [INFO] voice.audio.level {'level': 0.29645455380280816}
2026-09-11 22:53:08 [INFO] voice.audio.level {'level': 0.16426994154850644}
2026-09-11 22:53:08 [INFO] voice.audio.level {'level': 0.08162476122379303}
2026-09-11 22:53:08 [INFO] voice.audio.level {'level': 0.04749717811743419}
2026-09-11 22:53:08 [INFO] voice.audio.level {'level': 0.022718833448986214}
2026-09-11 22:53:08 [INFO] voice.audio.level {'level': 0.01599697396159172}
2026-09-11 22:53:08 [INFO] voice.audio.level {'level': 0.015301044719914596}
2026-09-11 22:53:08 [INFO] voice.audio.level {'level': 0.0073653847600022955}
2026-09-11 22:53:08 [INFO] voice.audio.level {'level': 0.006112250266596675}
2026-09-11 22:53:08 [INFO] voice.audio.level {'level': 0.0031989015405997634}
2026-09-11 22:53:08 [INFO] voice.audio.level {'level': 0.002839564500997464}
2026-09-11 22:53:08 [INFO] voice.audio.level {'level': 0.0028618322297309837}
2026-09-11 22:53:08 [INFO] voice.audio.level {'level': 0.0028325788055857024}
2026-09-11 22:53:08 [INFO] voice.audio.level {'level': 0.0027545700625826917}
2026-09-11 22:53:08 [INFO] voice.audio.level {'level': 0.0020310302109767995}
2026-09-11 22:53:08 [INFO] voice.audio.level {'level': 0.0014713528798893094}
2026-09-11 22:53:08 [INFO] voice.audio.level {'level': 0.0012475148347827296}
2026-09-11 22:53:09 [INFO] voice.audio.level {'level': 0.0007233708068573227}
2026-09-11 22:53:09 [INFO] voice.audio.level {'level': 0.0006080986349843442}
2026-09-11 22:53:09 [INFO] voice.audio.level {'level': 0.0006399624786960583}
2026-09-11 22:53:09 [INFO] voice.audio.level {'level': 0.0002881592323925967}
2026-09-11 22:53:09 [INFO] voice.audio.level {'level': 0.0003113879696077978}
2026-09-11 22:53:09 [INFO] voice.audio.level {'level': 0.00021799513585089397}
2026-09-11 22:53:09 [INFO] voice.audio.level {'level': 0.00021804458810947835}
2026-09-11 22:53:09 [INFO] voice.audio.level {'level': 0.00022186708520166576}
2026-09-11 22:53:09 [INFO] voice.audio.level {'level': 0.00018275978315311175}
2026-09-11 22:53:09 [INFO] voice.audio.level {'level': 0.00016292810566180077}
2026-09-11 22:53:09 [INFO] voice.audio.level {'level': 0.00012732600832047564}
2026-09-11 22:53:09 [INFO] voice.audio.level {'level': 9.485270614580563e-05}
2026-09-11 22:53:09 [INFO] voice.audio.level {'level': 0.00013055842525015276}
2026-09-11 22:53:09 [INFO] voice.audio.level {'level': 0.00014758442072585848}
2026-09-11 22:53:09 [INFO] voice.audio.level {'level': 9.336368142006299e-05}
2026-09-11 22:53:09 [INFO] voice.audio.level {'level': 7.203045849261495e-05}
2026-09-11 22:53:09 [INFO] voice.audio.level {'level': 6.183058455159578e-05}
2026-09-11 22:53:09 [INFO] voice.audio.level {'level': 6.235139759761903e-05}
2026-09-11 22:53:09 [INFO] voice.audio.level {'level': 4.517589028788886e-05}
2026-09-11 22:53:09 [INFO] voice.audio.level {'level': 2.6128194197857134e-05}
2026-09-11 22:53:09 [INFO] voice.audio.level {'level': 1.8377926001752108e-05}
2026-09-11 22:53:09 [INFO] voice.audio.level {'level': 2.5003867752578422e-05}
2026-09-11 22:53:09 [INFO] voice.audio.level {'level': 2.1942441890132613e-05}
2026-09-11 22:53:09 [INFO] voice.audio.level {'level': 3.9031522950002305e-05}
2026-09-11 22:53:09 [INFO] voice.audio.level {'level': 2.3523011805082206e-05}
2026-09-11 22:53:09 [INFO] voice.audio.level {'level': 2.7073701858171262e-05}
2026-09-11 22:53:09 [INFO] voice.audio.level {'level': 1.757849986461224e-05}
2026-09-11 22:53:09 [INFO] voice.audio.level {'level': 8.89086246994945e-06}
2026-09-11 22:53:09 [INFO] voice.audio.level {'level': 1.1373229729845965e-05}
2026-09-11 22:53:09 [INFO] voice.audio.level {'level': 6.566337257633374e-06}
2026-09-11 22:53:09 [INFO] voice.audio.level {'level': 0.0}
2026-09-11 22:53:09 [INFO] voice.audio.level {'level': 0.0}
2026-09-11 22:53:09 [INFO] voice.audio.level {'level': 0.0}
2026-09-11 22:53:10 [INFO] voice.audio.level {'level': 0.0}
2026-09-11 22:53:10 [INFO] voice.audio.level {'level': 0.0}
2026-09-11 22:53:10 [INFO] voice.audio.level {'level': 0.0}
2026-09-11 22:53:10 [INFO] voice.audio.level {'level': 0.0}
2026-09-11 22:53:10 [INFO] voice.audio.level {'level': 0.0}
2026-09-11 22:53:10 [INFO] voice.audio.level {'level': 0.0}
2026-09-11 22:53:10 [INFO] voice.audio.level {'level': 0.0}
2026-09-11 22:53:10 [INFO] voice.audio.level {'level': 0.0}
2026-09-11 22:53:10 [INFO] voice.audio.level {'level': 0.0}
2026-09-11 22:53:10 [INFO] voice.audio.level {'level': 0.0}
2026-09-11 22:53:10 [INFO] voice.audio.level {'level': 0.0}
2026-09-11 22:53:10 [INFO] voice.audio.level {'level': 0.0}
2026-09-11 22:53:10 [INFO] voice.audio.level {'level': 0.0}
2026-09-11 22:53:10 [INFO] voice.audio.level {'level': 0.0}
2026-09-11 22:53:10 [INFO] voice.audio.level {'level': 0.0}
2026-09-11 22:53:10 [INFO] voice.audio.level {'level': 0.0}
2026-09-11 22:53:10 [INFO] voice.audio.level {'level': 0.0}
2026-09-11 22:53:10 [INFO] voice.audio.level {'level': 0.0}
2026-09-11 22:53:10 [INFO] voice.audio.level {'level': 0.0}
2026-09-11 22:53:10 [INFO] voice.audio.level {'level': 0.0}
2026-09-11 22:53:10 [INFO] voice.audio.level {'level': 0.0}
2026-09-11 22:53:10 [INFO] voice.audio.level {'level': 0.0}
2026-09-11 22:53:10 [INFO] voice.audio.level {'level': 0.0}
2026-09-11 22:53:10 [INFO] voice.audio.level {'level': 0.0}
2026-09-11 22:53:10 [INFO] voice.audio.level {'level': 0.0}
2026-09-11 22:53:10 [INFO] voice.audio.level {'level': 0.0}
2026-09-11 22:53:10 [INFO] voice.audio.level {'level': 0.0}
2026-09-11 22:53:10 [INFO] voice.audio.level {'level': 0.0}
2026-09-11 22:53:10 [INFO] voice.audio.level {'level': 0.0}
2026-09-11 22:53:10 [INFO] voice.audio.level {'level': 0.0}
2026-09-11 22:53:10 [INFO] voice.audio.level {'level': 0.0}
2026-09-11 22:53:10 [INFO] voice.audio.level {'level': 0.0}
2026-09-11 22:53:11 [INFO] voice.audio.level {'level': 0.0}
2026-09-11 22:53:11 [INFO] voice.audio.level {'level': 0.0}
2026-09-11 22:53:11 [INFO] voice.audio.level {'level': 0.0}
2026-09-11 22:53:11 [INFO] voice.audio.level {'level': 0.0}
2026-09-11 22:53:11 [INFO] voice.audio.level {'level': 0.0}
2026-09-11 22:53:11 [INFO] voice.audio.level {'level': 0.0}
2026-09-11 22:53:11 [INFO] voice.audio.level {'level': 0.0}
2026-09-11 22:53:11 [INFO] voice.audio.level {'level': 0.0}
2026-09-11 22:53:11 [INFO] voice.audio.level {'level': 0.0}
2026-09-11 22:53:11 [INFO] voice.audio.level {'level': 0.0}
2026-09-11 22:53:11 [INFO] voice.audio.level {'level': 0.0}
2026-09-11 22:53:11 [INFO] voice.audio.level {'level': 0.0}
2026-09-11 22:53:11 [INFO] voice.audio.level {'level': 0.0}
2026-09-11 22:53:11 [INFO] voice.audio.level {'level': 0.0}
2026-09-11 22:53:11 [INFO] voice.audio.level {'level': 0.0}
2026-09-11 22:53:11 [INFO] voice.audio.level {'level': 0.0}
2026-09-11 22:53:11 [INFO] voice.audio.level {'level': 0.0}
2026-09-11 22:53:11 [INFO] voice.audio.level {'level': 0.0}
2026-09-11 22:53:11 [INFO] voice.audio.level {'level': 0.0}
2026-09-11 22:53:11 [INFO] voice.audio.level {'level': 0.0}
2026-09-11 22:53:11 [INFO] voice.audio.level {'level': 0.0}
2026-09-11 22:53:11 [INFO] voice.audio.level {'level': 0.0}
2026-09-11 22:53:11 [INFO] voice.audio.level {'level': 0.0}
2026-09-11 22:53:11 [INFO] voice.audio.level {'level': 0.0}
2026-09-11 22:53:11 [INFO] voice.audio.level {'level': 0.0}
2026-09-11 22:53:11 [INFO] voice.audio.level {'level': 0.0}
2026-09-11 22:53:11 [INFO] voice.audio.level {'level': 0.0}
2026-09-11 22:53:11 [INFO] voice.audio.level {'level': 0.0}
2026-09-11 22:53:11 [INFO] voice.audio.level {'level': 0.0}
2026-09-11 22:53:11 [INFO] voice.audio.level {'level': 0.0}
2026-09-11 22:53:11 [INFO] voice.audio.level {'level': 0.0}
2026-09-11 22:53:11 [INFO] voice.audio.level {'level': 0.0}
2026-09-11 22:53:11 [INFO] voice.audio.level {'level': 0.0}
2026-09-11 22:53:11 [INFO] voice.audio.level {'level': 0.0}
2026-09-11 22:53:12 [INFO] voice.audio.level {'level': 0.0}
2026-09-11 22:53:12 [INFO] voice.audio.level {'level': 0.0}
2026-09-11 22:53:12 [INFO] voice.audio.level {'level': 0.0}
2026-09-11 22:53:12 [INFO] voice.audio.level {'level': 0.0}
2026-09-11 22:53:12 [INFO] voice.audio.level {'level': 0.0}
2026-09-11 22:53:12 [INFO] voice.audio.level {'level': 0.0}
2026-09-11 22:53:12 [INFO] voice.audio.level {'level': 0.0}
2026-09-11 22:53:12 [INFO] voice.audio.level {'level': 0.0}
2026-09-11 22:53:12 [INFO] voice.audio.level {'level': 0.0}
2026-09-11 22:53:12 [INFO] voice.audio.level {'level': 0.0}
2026-09-11 22:53:12 [INFO] voice.audio.level {'level': 0.0}
2026-09-11 22:53:12 [INFO] voice.audio.level {'level': 0.0}
2026-09-11 22:53:12 [INFO] voice.audio.level {'level': 0.0}
2026-09-11 22:53:12 [INFO] voice.audio.level {'level': 0.0}
2026-09-11 22:53:12 [INFO] voice.audio.level {'level': 0.0}
2026-09-11 22:53:12 [INFO] voice.audio.level {'level': 0.0}
2026-09-11 22:53:12 [INFO] voice.audio.level {'level': 0.0}
2026-09-11 22:53:12 [INFO] voice.audio.level {'level': 0.0}
2026-09-11 22:53:12 [INFO] voice.audio.level {'level': 0.0}
2026-09-11 22:53:12 [INFO] voice.audio.level {'level': 0.0}
2026-09-11 22:53:12 [INFO] voice.audio.level {'level': 0.0}
2026-09-11 22:53:12 [INFO] voice.audio.level {'level': 0.0}
2026-09-11 22:53:12 [INFO] voice.audio.level {'level': 0.0}
2026-09-11 22:53:12 [INFO] voice.audio.level {'level': 0.0}
2026-09-11 22:53:12 [INFO] voice.audio.level {'level': 0.0}
2026-09-11 22:53:12 [INFO] voice.audio.level {'level': 0.0}
2026-09-11 22:53:12 [INFO] voice.audio.level {'level': 0.0}
2026-09-11 22:53:12 [INFO] voice.audio.level {'level': 0.0}
2026-09-11 22:53:12 [INFO] voice.audio.level {'level': 0.0}
2026-09-11 22:53:12 [INFO] voice.audio.level {'level': 0.0}
2026-09-11 22:53:12 [INFO] voice.audio.level {'level': 0.0}
2026-09-11 22:53:12 [INFO] voice.audio.level {'level': 0.0}
2026-09-11 22:53:12 [INFO] voice.audio.level {'level': 0.0}
2026-09-11 22:53:13 [INFO] voice.audio.level {'level': 0.0}
2026-09-11 22:53:13 [INFO] voice.audio.level {'level': 0.0}
2026-09-11 22:53:13 [INFO] voice.audio.level {'level': 0.0}
2026-09-11 22:53:13 [INFO] voice.audio.level {'level': 0.0}
2026-09-11 22:53:13 [INFO] voice.audio.level {'level': 0.0}
2026-09-11 22:53:13 [INFO] voice.audio.level {'level': 0.0}
2026-09-11 22:53:13 [INFO] voice.audio.level {'level': 0.0}
2026-09-11 22:53:13 [INFO] voice.audio.level {'level': 0.0}
2026-09-11 22:53:13 [INFO] voice.audio.level {'level': 0.0}
2026-09-11 22:53:13 [INFO] voice.audio.level {'level': 0.0}
2026-09-11 22:53:13 [INFO] voice.audio.level {'level': 0.0}
2026-09-11 22:53:13 [INFO] voice.audio.level {'level': 0.0}
2026-09-11 22:53:13 [INFO] voice.audio.level {'level': 0.0}
2026-09-11 22:53:13 [INFO] voice.audio.level {'level': 0.0}
2026-09-11 22:53:13 [INFO] voice.audio.level {'level': 0.0}
2026-09-11 22:53:13 [INFO] voice.audio.level {'level': 0.0}
2026-09-11 22:53:13 [INFO] voice.audio.level {'level': 0.0}
2026-09-11 22:53:13 [INFO] voice.audio.level {'level': 0.0}
2026-09-11 22:53:13 [INFO] voice.audio.level {'level': 0.0}
2026-09-11 22:53:13 [INFO] voice.audio.level {'level': 0.0}
2026-09-11 22:53:13 [INFO] voice.audio.level {'level': 0.0}
2026-09-11 22:53:13 [INFO] voice.audio.level {'level': 0.0}
2026-09-11 22:53:13 [INFO] voice.audio.level {'level': 0.0}
2026-09-11 22:53:13 [INFO] voice.audio.level {'level': 0.0}
2026-09-11 22:53:13 [INFO] voice.audio.level {'level': 0.0}
2026-09-11 22:53:13 [INFO] voice.audio.level {'level': 0.0}
2026-09-11 22:53:13 [INFO] voice.audio.level {'level': 0.0}
2026-09-11 22:53:13 [INFO] voice.audio.level {'level': 0.0}
2026-09-11 22:53:13 [INFO] voice.audio.level {'level': 0.0}
2026-09-11 22:53:13 [INFO] voice.audio.level {'level': 0.0}
2026-09-11 22:53:13 [INFO] voice.audio.level {'level': 0.0}
2026-09-11 22:53:13 [INFO] voice.audio.level {'level': 0.0}
2026-09-11 22:53:13 [INFO] voice.audio.level {'level': 0.0}
2026-09-11 22:53:14 [INFO] voice.audio.level {'level': 0.0}
2026-09-11 22:53:14 [INFO] voice.audio.level {'level': 0.0}
2026-09-11 22:53:14 [INFO] voice.audio.level {'level': 0.0}
2026-09-11 22:53:14 [INFO] voice.audio.level {'level': 0.0}
2026-09-11 22:53:14 [INFO] voice.audio.level {'level': 0.0}
2026-09-11 22:53:14 [INFO] voice.audio.level {'level': 0.0}
2026-09-11 22:53:14 [INFO] voice.audio.level {'level': 0.0}
2026-09-11 22:53:14 [INFO] voice.audio.level {'level': 0.0}
2026-09-11 22:53:14 [INFO] voice.audio.level {'level': 0.0}
2026-09-11 22:53:14 [INFO] voice.audio.level {'level': 0.0}
2026-09-11 22:53:14 [INFO] voice.audio.level {'level': 0.0}
2026-09-11 22:53:14 [INFO] voice.audio.level {'level': 0.0}
2026-09-11 22:53:14 [INFO] voice.audio.level {'level': 0.0}
2026-09-11 22:53:14 [INFO] voice.audio.level {'level': 0.0}
2026-09-11 22:53:14 [INFO] voice.audio.level {'level': 0.0}
2026-09-11 22:53:14 [INFO] voice.audio.level {'level': 0.0}
2026-09-11 22:53:14 [INFO] voice.audio.level {'level': 0.0}
2026-09-11 22:53:14 [INFO] voice.audio.level {'level': 0.0}
2026-09-11 22:53:14 [INFO] voice.audio.level {'level': 0.0}
2026-09-11 22:53:14 [INFO] voice.audio.level {'level': 0.0}
2026-09-11 22:53:14 [INFO] voice.audio.level {'level': 0.0}
2026-09-11 22:53:14 [INFO] voice.audio.level {'level': 0.0}
2026-09-11 22:53:14 [INFO] voice.audio.level {'level': 0.0}
2026-09-11 22:53:14 [INFO] voice.audio.level {'level': 0.0}
2026-09-11 22:53:14 [INFO] voice.audio.level {'level': 0.0}
2026-09-11 22:53:14 [INFO] voice.audio.level {'level': 0.0}
2026-09-11 22:53:14 [INFO] voice.audio.level {'level': 0.0}
2026-09-11 22:53:14 [INFO] voice.audio.level {'level': 0.0}
2026-09-11 22:53:14 [INFO] voice.audio.level {'level': 0.0}
2026-09-11 22:53:14 [INFO] voice.audio.level {'level': 0.0}
2026-09-11 22:53:14 [INFO] voice.audio.level {'level': 0.0}
2026-09-11 22:53:14 [INFO] voice.audio.level {'level': 0.0}
2026-09-11 22:53:14 [INFO] voice.audio.level {'level': 0.0}
2026-09-11 22:53:14 [INFO] voice.audio.level {'level': 0.0}
2026-09-11 22:53:15 [INFO] voice.audio.level {'level': 0.0}
2026-09-11 22:53:15 [INFO] voice.audio.level {'level': 0.0}
2026-09-11 22:53:15 [INFO] voice.audio.level {'level': 0.0}
2026-09-11 22:53:15 [INFO] voice.audio.level {'level': 0.0}
2026-09-11 22:53:15 [INFO] voice.audio.level {'level': 0.0}
2026-09-11 22:53:15 [INFO] voice.audio.level {'level': 0.0}
2026-09-11 22:53:15 [INFO] voice.audio.level {'level': 0.0}
2026-09-11 22:53:15 [INFO] voice.audio.level {'level': 0.0}
2026-09-11 22:53:15 [INFO] voice.audio.level {'level': 0.0}
2026-09-11 22:53:15 [INFO] voice.audio.level {'level': 0.0}
2026-09-11 22:53:15 [INFO] voice.audio.level {'level': 0.0}
2026-09-11 22:53:15 [INFO] voice.audio.level {'level': 0.0}
2026-09-11 22:53:15 [INFO] voice.audio.level {'level': 0.0}
2026-09-11 22:53:15 [INFO] voice.audio.level {'level': 0.0}
2026-09-11 22:53:15 [INFO] voice.audio.level {'level': 0.0}
2026-09-11 22:53:15 [INFO] voice.audio.level {'level': 0.0}
2026-09-11 22:53:15 [INFO] voice.audio.level {'level': 0.0}
2026-09-11 22:53:15 [INFO] voice.audio.level {'level': 0.0}
2026-09-11 22:53:15 [INFO] voice.audio.level {'level': 0.0}
2026-09-11 22:53:15 [INFO] voice.audio.level {'level': 0.0}
2026-09-11 22:53:15 [INFO] voice.audio.level {'level': 0.0}
2026-09-11 22:53:15 [INFO] voice.audio.level {'level': 0.0}
2026-09-11 22:53:15 [INFO] voice.audio.level {'level': 0.0}
2026-09-11 22:53:15 [INFO] voice.audio.level {'level': 0.0}
2026-09-11 22:53:15 [INFO] voice.audio.level {'level': 0.0}
2026-09-11 22:53:15 [INFO] voice.audio.level {'level': 0.0}
2026-09-11 22:53:15 [INFO] voice.audio.level {'level': 0.0}
2026-09-11 22:53:15 [INFO] voice.audio.level {'level': 0.0}
2026-09-11 22:53:15 [INFO] voice.audio.level {'level': 0.0}
2026-09-11 22:53:15 [INFO] voice.audio.level {'level': 0.0}
2026-09-11 22:53:15 [INFO] voice.audio.level {'level': 0.0}
2026-09-11 22:53:15 [INFO] voice.audio.level {'level': 0.0}
2026-09-11 22:53:15 [INFO] voice.audio.level {'level': 0.0}
2026-09-11 22:53:16 [INFO] voice.audio.level {'level': 0.0}
2026-09-11 22:53:16 [INFO] voice.audio.level {'level': 0.0}
2026-09-11 22:53:16 [INFO] voice.listening.stop
2026-09-11 22:53:16 [INFO] voice.speech.end
2026-09-11 22:53:16 [INFO] voice.stt.final {'text': 'Hello.', 'confidence': 0.22734374999999996, 'latency_ms': 14898.9}
2026-09-11 22:53:16 [INFO] conversation.turn.start {'text': 'Hello.', 'is_interruption': False}
2026-09-11 22:53:16 [INFO] latency.stt {'ms': 14898.9}
2026-09-11 22:53:16 [INFO] ai.request {'prompt_length': 6}
2026-09-11 22:53:16 [INFO] ai.stream.token {'token': 'What'}
2026-09-11 22:53:16 [INFO] ai.stream.token {'token': "'s"}
2026-09-11 22:53:16 [INFO] voice.speech.end
2026-09-11 22:53:16 [INFO] ai.stream.token {'token': ' on'}
2026-09-11 22:53:16 [INFO] voice.stt.final {'text': "Yo, what's up?", 'confidence': 0.5147569444444444, 'latency_ms': 24271.6}
2026-09-11 22:53:16 [INFO] ai.cancelled {'reason': 'user_cancel'}
2026-09-11 22:53:16 [INFO] latency.stt {'ms': 24271.6}
2026-09-11 22:53:16 [INFO] ai.stream.token {'token': ' your'}
2026-09-11 22:53:16 [INFO] ai.cancelled {'reason': 'interrupted'}
2026-09-11 22:53:16 [ERROR] error {'error': "TTS error: Could not load Kokoro TTS model: Kokoro.__init__() got an unexpected keyword argument 'providers'"}
2026-09-11 22:53:16 [INFO] latency.overall {'ms': 332.6}
2026-09-11 22:53:16 [INFO] conversation.turn.end {'response': "What's on your"}
2026-09-11 23:13:30 [INFO] module.loaded {'module': 'AI'}
2026-09-11 23:13:30 [INFO] module.enabled {'module': 'AI'}
2026-09-11 23:13:30 [INFO] module.loaded {'module': 'Voice'}
2026-09-11 23:13:30 [INFO] module.enabled {'module': 'Voice'}
2026-09-11 23:13:30 [INFO] ui.updated {'page': 'Dashboard'}
2026-09-11 23:13:30 [INFO] app.started
2026-09-11 23:13:35 [INFO] module.enabled {'module': 'Voice'}
2026-09-11 23:13:35 [INFO] voice.listening.start
2026-09-11 23:13:35 [INFO] voice.audio.level {'level': 0.0}
2026-09-11 23:13:35 [INFO] voice.audio.level {'level': 0.0}
2026-09-11 23:13:35 [INFO] voice.audio.level {'level': 0.0}
2026-09-11 23:13:35 [INFO] voice.audio.level {'level': 0.0}
2026-09-11 23:13:35 [INFO] voice.audio.level {'level': 0.0}
2026-09-11 23:13:35 [INFO] voice.audio.level {'level': 0.0}
2026-09-11 23:13:35 [INFO] voice.audio.level {'level': 0.0}
2026-09-11 23:13:35 [INFO] voice.audio.level {'level': 0.0}
2026-09-11 23:13:35 [INFO] voice.audio.level {'level': 0.0}
2026-09-11 23:13:35 [INFO] voice.audio.level {'level': 0.0}
2026-09-11 23:13:35 [INFO] voice.audio.level {'level': 0.0}
2026-09-11 23:13:35 [INFO] voice.audio.level {'level': 0.0}
2026-09-11 23:13:35 [INFO] voice.audio.level {'level': 0.0}
2026-09-11 23:13:35 [INFO] voice.audio.level {'level': 0.0}
2026-09-11 23:13:36 [INFO] voice.audio.level {'level': 0.0}
2026-09-11 23:13:36 [INFO] voice.audio.level {'level': 0.0}
2026-09-11 23:13:36 [INFO] voice.audio.level {'level': 0.0}
2026-09-11 23:13:36 [INFO] voice.audio.level {'level': 0.0}
2026-09-11 23:13:36 [INFO] voice.audio.level {'level': 0.0}
2026-09-11 23:13:36 [INFO] voice.audio.level {'level': 0.0}
2026-09-11 23:13:36 [INFO] voice.audio.level {'level': 0.0}
2026-09-11 23:13:36 [INFO] voice.audio.level {'level': 0.01579503994435072}
2026-09-11 23:13:36 [INFO] voice.speech.start {'session_id': 1}
2026-09-11 23:13:36 [INFO] voice.audio.level {'level': 0.18309549738963446}
2026-09-11 23:13:36 [INFO] voice.audio.level {'level': 0.11482762793699901}
2026-09-11 23:13:36 [INFO] voice.audio.level {'level': 0.4904812077681224}
2026-09-11 23:13:36 [INFO] voice.audio.level {'level': 0.402953972419103}
2026-09-11 23:13:36 [INFO] voice.audio.level {'level': 0.24820012350877127}
2026-09-11 23:13:36 [INFO] voice.audio.level {'level': 0.09558388963341713}
2026-09-11 23:13:36 [INFO] voice.audio.level {'level': 0.08280175427595775}
2026-09-11 23:13:36 [INFO] voice.audio.level {'level': 0.16250828901926678}
2026-09-11 23:13:37 [INFO] voice.audio.level {'level': 0.12387176354726157}
2026-09-11 23:13:37 [INFO] voice.audio.level {'level': 0.3415229171514511}
2026-09-11 23:13:37 [INFO] voice.audio.level {'level': 0.3755517303943634}
2026-09-11 23:13:37 [INFO] voice.audio.level {'level': 0.2170498420794805}
2026-09-11 23:13:37 [INFO] voice.audio.level {'level': 0.1735706503192584}
2026-09-11 23:13:37 [INFO] voice.audio.level {'level': 0.09259716297189395}
2026-09-11 23:13:37 [INFO] voice.audio.level {'level': 0.026844910656412445}
2026-09-11 23:13:37 [INFO] voice.audio.level {'level': 0.004583066717411081}
2026-09-11 23:13:37 [INFO] voice.audio.level {'level': 0.0004014247194087754}
2026-09-11 23:13:37 [INFO] voice.audio.level {'level': 0.00032640707407457137}
2026-09-11 23:13:37 [INFO] voice.audio.level {'level': 0.00016034954266312223}
2026-09-11 23:13:37 [INFO] voice.audio.level {'level': 4.118163208962263e-05}
2026-09-11 23:13:37 [INFO] voice.speech.end
2026-09-11 23:13:37 [INFO] voice.audio.level {'level': 3.884697434841655e-05}
2026-09-11 23:13:37 [INFO] voice.audio.level {'level': 0.00017578498955117539}
2026-09-11 23:13:37 [INFO] voice.audio.level {'level': 4.314172050120154e-05}
2026-09-11 23:13:37 [INFO] voice.audio.level {'level': 3.474578988971189e-05}
2026-09-11 23:13:37 [INFO] voice.audio.level {'level': 1.228449264090159e-05}
2026-09-11 23:13:37 [INFO] voice.audio.level {'level': 8.89086246994945e-06}
2026-09-11 23:13:38 [INFO] voice.audio.level {'level': 7.092454931504714e-06}
2026-09-11 23:13:38 [INFO] voice.audio.level {'level': 4.6431019503264306e-06}
2026-09-11 23:13:38 [INFO] voice.audio.level {'level': 2.6806960325605664e-06}
2026-09-11 23:13:38 [INFO] voice.audio.level {'level': 0.0}
2026-09-11 23:13:38 [INFO] voice.audio.level {'level': 0.0}
2026-09-11 23:13:38 [INFO] voice.audio.level {'level': 0.0}
2026-09-11 23:13:38 [INFO] voice.audio.level {'level': 0.0}
2026-09-11 23:13:38 [INFO] voice.audio.level {'level': 0.0}
2026-09-11 23:13:38 [INFO] voice.audio.level {'level': 0.0010426459872784715}
2026-09-11 23:13:38 [INFO] voice.audio.level {'level': 0.00039904569954766583}
2026-09-11 23:13:38 [INFO] voice.audio.level {'level': 4.795374782891789e-05}
2026-09-11 23:13:38 [INFO] voice.audio.level {'level': 0.0}
2026-09-11 23:13:38 [INFO] voice.audio.level {'level': 0.0}
2026-09-11 23:13:38 [INFO] voice.audio.level {'level': 0.0}
2026-09-11 23:13:38 [INFO] voice.audio.level {'level': 0.0}
2026-09-11 23:13:38 [INFO] voice.audio.level {'level': 0.0}
2026-09-11 23:13:38 [INFO] voice.audio.level {'level': 0.0}
2026-09-11 23:13:39 [INFO] voice.audio.level {'level': 0.0}
2026-09-11 23:13:39 [INFO] voice.audio.level {'level': 0.0}
2026-09-11 23:13:39 [INFO] voice.audio.level {'level': 0.0}
2026-09-11 23:13:39 [INFO] voice.audio.level {'level': 0.0}
2026-09-11 23:13:39 [INFO] voice.audio.level {'level': 0.0}
2026-09-11 23:13:39 [INFO] voice.audio.level {'level': 0.0}
2026-09-11 23:13:39 [INFO] voice.audio.level {'level': 0.0}
2026-09-11 23:13:39 [INFO] voice.audio.level {'level': 0.0}
2026-09-11 23:13:39 [INFO] voice.audio.level {'level': 0.0}
2026-09-11 23:13:39 [INFO] voice.audio.level {'level': 0.0}
2026-09-11 23:13:39 [INFO] voice.audio.level {'level': 0.0}
2026-09-11 23:13:39 [INFO] voice.audio.level {'level': 0.0}
2026-09-11 23:13:39 [INFO] voice.audio.level {'level': 0.0}
2026-09-11 23:13:39 [INFO] voice.audio.level {'level': 0.0}
2026-09-11 23:13:39 [INFO] voice.audio.level {'level': 0.0}
2026-09-11 23:13:39 [INFO] voice.audio.level {'level': 0.0}
2026-09-11 23:13:40 [INFO] voice.audio.level {'level': 0.0}
2026-09-11 23:13:40 [INFO] voice.audio.level {'level': 0.0}
2026-09-11 23:13:40 [INFO] voice.audio.level {'level': 0.0}
2026-09-11 23:13:40 [INFO] voice.audio.level {'level': 0.0}
2026-09-11 23:13:40 [INFO] voice.audio.level {'level': 0.0}
2026-09-11 23:13:40 [INFO] voice.audio.level {'level': 0.0}
2026-09-11 23:13:40 [INFO] voice.audio.level {'level': 0.0}
2026-09-11 23:13:40 [INFO] voice.audio.level {'level': 0.0}
2026-09-11 23:13:40 [INFO] voice.audio.level {'level': 0.0}
2026-09-11 23:13:40 [INFO] voice.audio.level {'level': 0.0}
2026-09-11 23:13:40 [INFO] voice.audio.level {'level': 0.0}
2026-09-11 23:13:40 [INFO] voice.audio.level {'level': 0.0}
2026-09-11 23:13:40 [INFO] voice.audio.level {'level': 0.0}
2026-09-11 23:13:40 [INFO] voice.audio.level {'level': 0.0}
2026-09-11 23:13:40 [INFO] voice.audio.level {'level': 0.0}
2026-09-11 23:13:40 [INFO] voice.audio.level {'level': 0.0}
2026-09-11 23:13:40 [INFO] voice.audio.level {'level': 0.0}
2026-09-11 23:13:40 [INFO] voice.audio.level {'level': 0.0}
2026-09-11 23:13:40 [INFO] voice.audio.level {'level': 0.0}
2026-09-11 23:13:41 [INFO] voice.audio.level {'level': 0.0}
2026-09-11 23:13:41 [INFO] voice.audio.level {'level': 0.0}
2026-09-11 23:13:41 [INFO] voice.audio.level {'level': 0.0}
2026-09-11 23:13:41 [INFO] voice.audio.level {'level': 0.0}
2026-09-11 23:13:41 [INFO] voice.audio.level {'level': 0.0}
2026-09-11 23:13:41 [INFO] voice.audio.level {'level': 0.0}
2026-09-11 23:13:41 [INFO] voice.audio.level {'level': 0.0}
2026-09-11 23:13:41 [INFO] voice.audio.level {'level': 0.0}
2026-09-11 23:13:41 [INFO] voice.audio.level {'level': 0.0}
2026-09-11 23:13:41 [INFO] voice.audio.level {'level': 0.0}
2026-09-11 23:13:41 [INFO] voice.audio.level {'level': 0.0}
2026-09-11 23:13:41 [INFO] voice.audio.level {'level': 0.0}
2026-09-11 23:13:41 [INFO] voice.audio.level {'level': 0.0}
2026-09-11 23:13:41 [INFO] voice.audio.level {'level': 0.0}
2026-09-11 23:13:41 [INFO] voice.audio.level {'level': 0.0}
2026-09-11 23:13:41 [INFO] voice.audio.level {'level': 0.0}
2026-09-11 23:13:41 [INFO] voice.audio.level {'level': 0.0}
2026-09-11 23:13:42 [INFO] voice.audio.level {'level': 0.0}
2026-09-11 23:13:42 [INFO] voice.audio.level {'level': 0.0}
2026-09-11 23:13:42 [INFO] voice.audio.level {'level': 0.0}
2026-09-11 23:13:42 [INFO] voice.audio.level {'level': 0.0}
2026-09-11 23:13:42 [INFO] voice.audio.level {'level': 0.0}
2026-09-11 23:13:42 [INFO] voice.audio.level {'level': 0.0}
2026-09-11 23:13:42 [INFO] voice.audio.level {'level': 0.0}
2026-09-11 23:13:42 [INFO] voice.audio.level {'level': 0.0}
2026-09-11 23:13:42 [INFO] voice.audio.level {'level': 0.0}
2026-09-11 23:13:42 [INFO] voice.audio.level {'level': 0.0}
2026-09-11 23:13:42 [INFO] voice.audio.level {'level': 0.0}
2026-09-11 23:13:42 [INFO] voice.audio.level {'level': 0.0}
2026-09-11 23:13:42 [INFO] voice.audio.level {'level': 0.0}
2026-09-11 23:13:42 [INFO] voice.listening.stop
2026-09-11 23:13:52 [INFO] module.enabled {'module': 'Voice'}
2026-09-11 23:13:52 [INFO] voice.listening.start
2026-09-11 23:13:52 [INFO] voice.audio.level {'level': 0.0}
2026-09-11 23:13:52 [INFO] voice.audio.level {'level': 0.0}
2026-09-11 23:13:52 [INFO] voice.audio.level {'level': 0.0}
2026-09-11 23:13:52 [INFO] voice.audio.level {'level': 0.0}
2026-09-11 23:13:53 [INFO] voice.audio.level {'level': 0.0}
2026-09-11 23:13:53 [INFO] voice.audio.level {'level': 0.0}
2026-09-11 23:13:53 [INFO] voice.audio.level {'level': 0.0}
2026-09-11 23:13:53 [INFO] voice.audio.level {'level': 0.0}
2026-09-11 23:13:53 [INFO] voice.audio.level {'level': 0.0}
2026-09-11 23:13:53 [INFO] voice.audio.level {'level': 0.018538086054225765}
2026-09-11 23:13:53 [INFO] voice.audio.level {'level': 0.052329885462919876}
2026-09-11 23:13:53 [INFO] voice.speech.start {'session_id': 2}
2026-09-11 23:13:53 [INFO] voice.audio.level {'level': 0.1646023988723755}
2026-09-11 23:13:53 [INFO] voice.audio.level {'level': 0.425018717845281}
2026-09-11 23:13:53 [INFO] voice.audio.level {'level': 0.35631778339544934}
2026-09-11 23:13:53 [INFO] voice.audio.level {'level': 0.5503944059213003}
2026-09-11 23:13:53 [INFO] voice.audio.level {'level': 0.408434197306633}
2026-09-11 23:13:53 [INFO] voice.audio.level {'level': 0.4756730298201243}
2026-09-11 23:13:53 [INFO] voice.audio.level {'level': 0.20217689375082654}
2026-09-11 23:13:53 [INFO] voice.audio.level {'level': 0.17687056213617325}
2026-09-11 23:13:53 [INFO] voice.audio.level {'level': 0.28924286365509033}
2026-09-11 23:13:53 [INFO] voice.audio.level {'level': 0.3050608684619268}
2026-09-11 23:13:54 [INFO] voice.audio.level {'level': 0.3363812218109767}
2026-09-11 23:13:54 [INFO] voice.audio.level {'level': 0.5616727471351624}
2026-09-11 23:13:54 [INFO] voice.audio.level {'level': 0.5024855335553488}
2026-09-11 23:13:54 [INFO] voice.audio.level {'level': 0.3303619722525279}
2026-09-11 23:13:54 [INFO] voice.audio.level {'level': 0.21120890974998474}
2026-09-11 23:13:54 [INFO] voice.audio.level {'level': 0.07840698584914207}
2026-09-11 23:13:54 [INFO] voice.audio.level {'level': 0.024049131510158382}
2026-09-11 23:13:54 [INFO] voice.audio.level {'level': 0.00540470665631195}
2026-09-11 23:13:54 [INFO] voice.audio.level {'level': 0.0006608663049216072}
2026-09-11 23:13:54 [INFO] voice.audio.level {'level': 0.0003499104059301317}
2026-09-11 23:13:54 [INFO] voice.audio.level {'level': 0.00012624910596059635}
2026-09-11 23:13:54 [INFO] voice.speech.end
2026-09-11 23:13:54 [INFO] voice.audio.level {'level': 7.311963903096816e-05}
2026-09-11 23:13:54 [INFO] voice.audio.level {'level': 6.712454099518558e-05}
2026-09-11 23:13:54 [INFO] voice.audio.level {'level': 6.0597958508878946e-05}
2026-09-11 23:13:54 [INFO] voice.listening.stop
2026-09-11 23:14:03 [INFO] module.enabled {'module': 'Voice'}
2026-09-11 23:14:03 [INFO] voice.listening.start
2026-09-11 23:14:03 [INFO] voice.audio.level {'level': 3.183150208011891e-05}
2026-09-11 23:14:03 [INFO] voice.audio.level {'level': 0.0021726259728893638}
2026-09-11 23:14:03 [INFO] voice.audio.level {'level': 0.000478524889331311}
2026-09-11 23:14:03 [INFO] voice.audio.level {'level': 0.0}
2026-09-11 23:14:03 [INFO] voice.audio.level {'level': 0.0}
2026-09-11 23:14:03 [INFO] voice.audio.level {'level': 0.0}
2026-09-11 23:14:03 [INFO] voice.audio.level {'level': 0.0}
2026-09-11 23:14:03 [INFO] voice.audio.level {'level': 0.0}
2026-09-11 23:14:03 [INFO] voice.audio.level {'level': 0.0}
2026-09-11 23:14:03 [INFO] voice.audio.level {'level': 0.0}
2026-09-11 23:14:03 [INFO] voice.audio.level {'level': 0.0}
2026-09-11 23:14:03 [INFO] voice.audio.level {'level': 0.02676498144865036}
2026-09-11 23:14:03 [INFO] voice.audio.level {'level': 0.05494437490900358}
2026-09-11 23:14:03 [INFO] voice.speech.start {'session_id': 3}
2026-09-11 23:14:04 [INFO] voice.audio.level {'level': 0.38649268448352814}
2026-09-11 23:14:04 [INFO] voice.audio.level {'level': 0.5138107140858968}
2026-09-11 23:14:04 [INFO] voice.audio.level {'level': 0.4108254363139471}
2026-09-11 23:14:04 [INFO] voice.audio.level {'level': 0.9639621774355571}
2026-09-11 23:14:04 [INFO] voice.audio.level {'level': 1.0}
2026-09-11 23:14:04 [INFO] voice.audio.level {'level': 1.0}
2026-09-11 23:14:04 [INFO] voice.audio.level {'level': 1.0}
2026-09-11 23:14:04 [INFO] voice.audio.level {'level': 0.7417167723178864}
2026-09-11 23:14:04 [INFO] voice.audio.level {'level': 0.8138082921504974}
2026-09-11 23:14:04 [INFO] voice.audio.level {'level': 0.5754639208316803}
2026-09-11 23:14:04 [INFO] voice.audio.level {'level': 0.4781816899776459}
2026-09-11 23:14:04 [INFO] voice.audio.level {'level': 1.0}
2026-09-11 23:14:04 [INFO] voice.audio.level {'level': 0.5845909317334493}
2026-09-11 23:14:04 [INFO] voice.audio.level {'level': 0.2718027432759603}
2026-09-11 23:14:04 [INFO] voice.audio.level {'level': 0.4479701320330302}
2026-09-11 23:14:04 [INFO] voice.audio.level {'level': 0.8078193167845409}
2026-09-11 23:14:04 [INFO] voice.audio.level {'level': 0.9017374118169149}
2026-09-11 23:14:04 [INFO] voice.audio.level {'level': 0.33200730880101526}
2026-09-11 23:14:05 [INFO] voice.audio.level {'level': 0.06254295508066814}
2026-09-11 23:14:05 [INFO] voice.audio.level {'level': 0.02812749706208706}
2026-09-11 23:14:05 [INFO] voice.audio.level {'level': 0.45064638058344525}
2026-09-11 23:14:05 [INFO] voice.audio.level {'level': 0.37922744949658715}
2026-09-11 23:14:05 [INFO] voice.audio.level {'level': 0.24514180918534598}
2026-09-11 23:14:05 [INFO] voice.audio.level {'level': 0.18793081243832907}
2026-09-11 23:14:05 [INFO] voice.audio.level {'level': 0.1607607677578926}
2026-09-11 23:14:05 [INFO] voice.audio.level {'level': 0.012381837392846744}
2026-09-11 23:14:05 [INFO] voice.audio.level {'level': 0.0025461462792009115}
2026-09-11 23:14:05 [INFO] voice.audio.level {'level': 0.0007917271189702054}
2026-09-11 23:14:05 [INFO] voice.audio.level {'level': 0.0003471682430244982}
2026-09-11 23:14:05 [INFO] voice.audio.level {'level': 0.00029290820142099017}
2026-09-11 23:14:05 [INFO] voice.speech.end
2026-09-11 23:14:05 [INFO] voice.audio.level {'level': 0.00022495495310674113}
2026-09-11 23:14:05 [INFO] voice.audio.level {'level': 0.0001857240689181102}
2026-09-11 23:14:05 [INFO] voice.audio.level {'level': 0.00028068051809289807}
2026-09-11 23:14:05 [INFO] voice.audio.level {'level': 0.00013290413335198537}
2026-09-11 23:14:05 [INFO] voice.audio.level {'level': 0.00018040506499043357}
2026-09-11 23:14:06 [INFO] voice.audio.level {'level': 0.0001477304370685791}
2026-09-11 23:14:06 [INFO] voice.listening.stop
2026-09-11 23:14:10 [INFO] module.enabled {'module': 'Voice'}
2026-09-11 23:14:10 [INFO] voice.listening.start
2026-09-11 23:14:10 [INFO] voice.audio.level {'level': 0.0011976022506132722}
2026-09-11 23:14:10 [INFO] voice.audio.level {'level': 0.00020160544712174064}
2026-09-11 23:14:10 [INFO] voice.audio.level {'level': 0.00010319809613671775}
2026-09-11 23:14:10 [INFO] voice.audio.level {'level': 0.0}
2026-09-11 23:14:10 [INFO] voice.audio.level {'level': 0.0}
2026-09-11 23:14:11 [INFO] voice.audio.level {'level': 0.0}
2026-09-11 23:14:11 [INFO] voice.audio.level {'level': 0.0}
2026-09-11 23:14:11 [INFO] voice.audio.level {'level': 0.0}
2026-09-11 23:14:11 [INFO] voice.audio.level {'level': 0.0}
2026-09-11 23:14:11 [INFO] voice.audio.level {'level': 0.0}
2026-09-11 23:14:11 [INFO] voice.audio.level {'level': 0.0}
2026-09-11 23:14:11 [INFO] voice.audio.level {'level': 0.0}
2026-09-11 23:14:11 [INFO] voice.audio.level {'level': 0.0}
2026-09-11 23:14:11 [INFO] voice.audio.level {'level': 0.0}
2026-09-11 23:14:11 [INFO] voice.audio.level {'level': 0.0}
2026-09-11 23:14:11 [INFO] voice.audio.level {'level': 0.0}
2026-09-11 23:14:11 [INFO] voice.audio.level {'level': 0.0}
2026-09-11 23:14:11 [INFO] voice.audio.level {'level': 0.0}
2026-09-11 23:14:11 [INFO] voice.audio.level {'level': 0.0}
2026-09-11 23:14:11 [INFO] voice.audio.level {'level': 0.0}
2026-09-11 23:14:11 [INFO] voice.audio.level {'level': 0.0}
2026-09-11 23:14:11 [INFO] voice.audio.level {'level': 0.0}
2026-09-11 23:14:12 [INFO] voice.audio.level {'level': 0.0}
2026-09-11 23:14:12 [INFO] voice.audio.level {'level': 0.0}
2026-09-11 23:14:12 [INFO] voice.audio.level {'level': 0.0}
2026-09-11 23:14:12 [INFO] voice.audio.level {'level': 0.0}
2026-09-11 23:14:12 [INFO] voice.audio.level {'level': 0.0}
2026-09-11 23:14:12 [INFO] voice.audio.level {'level': 0.017876502436896168}
2026-09-11 23:14:12 [INFO] voice.speech.start {'session_id': 4}
2026-09-11 23:14:12 [INFO] voice.audio.level {'level': 0.17547521740198135}
2026-09-11 23:14:12 [INFO] voice.audio.level {'level': 0.14002560327450436}
2026-09-11 23:14:12 [INFO] voice.audio.level {'level': 0.06835698460539183}
2026-09-11 23:14:12 [INFO] voice.audio.level {'level': 0.2282266567150752}
2026-09-11 23:14:12 [INFO] voice.audio.level {'level': 0.36866411566734314}
2026-09-11 23:14:12 [INFO] voice.audio.level {'level': 0.21570220589637756}
2026-09-11 23:14:12 [INFO] voice.audio.level {'level': 0.19968625158071518}
2026-09-11 23:14:12 [INFO] voice.audio.level {'level': 0.11533805479605994}
2026-09-11 23:14:12 [INFO] voice.audio.level {'level': 0.08555827041467032}
2026-09-11 23:14:12 [INFO] voice.audio.level {'level': 0.18789470195770264}
2026-09-11 23:14:12 [INFO] voice.audio.level {'level': 0.1789480447769165}
2026-09-11 23:14:13 [INFO] voice.audio.level {'level': 0.07978476583957672}
2026-09-11 23:14:13 [INFO] voice.audio.level {'level': 0.32218133409818017}
2026-09-11 23:14:13 [INFO] voice.audio.level {'level': 0.2453433970610301}
2026-09-11 23:14:13 [INFO] voice.audio.level {'level': 0.03718097694218159}
2026-09-11 23:14:13 [INFO] voice.audio.level {'level': 0.11623550206422806}
2026-09-11 23:14:13 [INFO] voice.audio.level {'level': 0.2549188584089279}
2026-09-11 23:14:13 [INFO] voice.audio.level {'level': 0.09053122873107593}
2026-09-11 23:14:13 [INFO] voice.audio.level {'level': 0.010399434249848127}
2026-09-11 23:14:13 [INFO] voice.audio.level {'level': 0.12524967392285666}
2026-09-11 23:14:13 [INFO] voice.audio.level {'level': 0.07483728229999542}
2026-09-11 23:14:13 [INFO] voice.audio.level {'level': 0.04744094175597032}
2026-09-11 23:14:13 [INFO] voice.audio.level {'level': 0.052564082046349846}
2026-09-11 23:14:13 [INFO] voice.audio.level {'level': 0.010041166873027882}
2026-09-11 23:14:13 [INFO] voice.audio.level {'level': 0.0005067933428411683}
2026-09-11 23:14:13 [INFO] voice.audio.level {'level': 0.00016702263868258646}
2026-09-11 23:14:13 [INFO] voice.audio.level {'level': 0.00012205264890023197}
2026-09-11 23:14:14 [INFO] voice.audio.level {'level': 9.416839020559564e-05}
2026-09-11 23:14:14 [INFO] voice.speech.end
2026-09-11 23:14:14 [INFO] voice.audio.level {'level': 9.320961301758265e-05}
2026-09-11 23:14:14 [INFO] voice.audio.level {'level': 0.00025119996280409396}
2026-09-11 23:14:14 [INFO] voice.audio.level {'level': 6.018147663174508e-05}
2026-09-11 23:14:14 [INFO] voice.audio.level {'level': 4.7577635389946714e-05}
2026-09-11 23:14:14 [INFO] voice.audio.level {'level': 0.00013462326023727655}
2026-09-11 23:14:14 [INFO] voice.audio.level {'level': 4.4454315381396256e-05}
2026-09-11 23:14:14 [INFO] voice.audio.level {'level': 6.089370799600147e-05}
2026-09-11 23:14:14 [INFO] voice.audio.level {'level': 3.828799587305791e-05}
2026-09-11 23:14:14 [INFO] voice.audio.level {'level': 5.1424667617538944e-05}
2026-09-11 23:14:14 [INFO] voice.audio.level {'level': 2.599031176941935e-05}
2026-09-11 23:14:14 [INFO] voice.audio.level {'level': 5.805424734717235e-05}
2026-09-11 23:14:14 [INFO] voice.audio.level {'level': 1.716482984193135e-05}
2026-09-11 23:14:14 [INFO] voice.audio.level {'level': 9.286203900652861e-06}
2026-09-11 23:14:14 [INFO] voice.audio.level {'level': 3.7910767029340304e-06}
2026-09-11 23:14:14 [INFO] voice.audio.level {'level': 0.0}
2026-09-11 23:14:14 [INFO] voice.audio.level {'level': 0.0}
2026-09-11 23:14:15 [INFO] voice.audio.level {'level': 0.0}
2026-09-11 23:14:15 [INFO] voice.audio.level {'level': 0.0}
2026-09-11 23:14:15 [INFO] voice.audio.level {'level': 0.0}
2026-09-11 23:14:15 [INFO] voice.audio.level {'level': 0.0}
2026-09-11 23:14:15 [INFO] voice.audio.level {'level': 0.0}
2026-09-11 23:14:15 [INFO] voice.audio.level {'level': 0.0}
2026-09-11 23:14:15 [INFO] voice.audio.level {'level': 0.0446430624773105}
2026-09-11 23:14:15 [INFO] voice.speech.start {'session_id': 5}
2026-09-11 23:14:15 [INFO] voice.audio.level {'level': 0.21327674388885498}
2026-09-11 23:14:15 [INFO] voice.audio.level {'level': 0.12971442192792892}
2026-09-11 23:14:15 [INFO] voice.audio.level {'level': 0.22719452778498334}
2026-09-11 23:14:15 [INFO] voice.audio.level {'level': 0.22187245388825735}
2026-09-11 23:14:15 [INFO] voice.audio.level {'level': 0.21987120310465497}
2026-09-11 23:14:15 [INFO] voice.audio.level {'level': 0.0891731989880403}
2026-09-11 23:14:15 [INFO] voice.audio.level {'level': 0.003589942352846265}
2026-09-11 23:14:15 [INFO] voice.audio.level {'level': 0.0005375179656160375}
2026-09-11 23:14:15 [INFO] voice.audio.level {'level': 0.00028507534201101714}
2026-09-11 23:14:15 [INFO] voice.audio.level {'level': 8.498271199641749e-05}
2026-09-11 23:14:16 [INFO] voice.audio.level {'level': 0.0001231370697496459}
2026-09-11 23:14:16 [INFO] voice.speech.end
2026-09-11 23:14:16 [INFO] voice.audio.level {'level': 0.0001549479444899286}
2026-09-11 23:14:16 [INFO] voice.audio.level {'level': 5.761937548716863e-05}
2026-09-11 23:14:16 [INFO] voice.audio.level {'level': 4.612043691546812e-05}
2026-09-11 23:14:16 [INFO] voice.audio.level {'level': 7.563174222013913e-05}
2026-09-11 23:14:16 [INFO] voice.audio.level {'level': 5.648576916428283e-05}
2026-09-11 23:14:16 [INFO] voice.audio.level {'level': 0.00010990854207193479}
2026-09-11 23:14:16 [INFO] voice.audio.level {'level': 5.6739639452037714e-05}
2026-09-11 23:14:16 [INFO] voice.audio.level {'level': 9.35559061569317e-05}
2026-09-11 23:14:16 [INFO] voice.audio.level {'level': 1.7982655056888085e-05}
2026-09-11 23:14:16 [INFO] voice.audio.level {'level': 2.3215508614763774e-05}
2026-09-11 23:14:16 [INFO] voice.audio.level {'level': 3.7910767029340304e-06}
2026-09-11 23:14:16 [INFO] voice.audio.level {'level': 8.47710528735964e-06}
2026-09-11 23:14:16 [INFO] voice.audio.level {'level': 7.582153405868061e-06}
2026-09-11 23:14:16 [INFO] voice.audio.level {'level': 2.6806960325605664e-06}
2026-09-11 23:14:16 [INFO] voice.audio.level {'level': 2.6806960325605664e-06}
2026-09-11 23:14:17 [INFO] voice.audio.level {'level': 0.0}
2026-09-11 23:14:17 [INFO] voice.audio.level {'level': 0.0}
2026-09-11 23:14:17 [INFO] voice.audio.level {'level': 0.0}
2026-09-11 23:14:17 [INFO] voice.audio.level {'level': 0.0}
2026-09-11 23:14:17 [INFO] voice.audio.level {'level': 0.0}
2026-09-11 23:14:17 [INFO] voice.audio.level {'level': 0.0}
2026-09-11 23:14:17 [INFO] voice.audio.level {'level': 0.0}
2026-09-11 23:14:17 [INFO] voice.audio.level {'level': 0.0}
2026-09-11 23:14:17 [INFO] voice.audio.level {'level': 0.0}
2026-09-11 23:14:17 [INFO] voice.audio.level {'level': 0.0}
2026-09-11 23:14:17 [INFO] voice.audio.level {'level': 0.0}
2026-09-11 23:14:17 [INFO] voice.audio.level {'level': 0.0}
2026-09-11 23:14:17 [INFO] voice.audio.level {'level': 0.0}
2026-09-11 23:14:17 [INFO] voice.audio.level {'level': 0.0}
2026-09-11 23:14:17 [INFO] voice.audio.level {'level': 0.0}
2026-09-11 23:14:17 [INFO] voice.audio.level {'level': 0.0}
2026-09-11 23:14:17 [INFO] voice.audio.level {'level': 0.0}
2026-09-11 23:14:18 [INFO] voice.audio.level {'level': 0.0}
2026-09-11 23:14:18 [INFO] voice.audio.level {'level': 0.0}
2026-09-11 23:14:18 [INFO] voice.audio.level {'level': 0.0}
2026-09-11 23:14:18 [INFO] voice.listening.stop
2026-09-11 23:14:41 [INFO] ai.request {'prompt_length': 5}
2026-09-11 23:14:41 [INFO] ai.stream.token {'token': 'I '}
2026-09-11 23:14:41 [INFO] ai.stream.token {'token': 'understand. '}
2026-09-11 23:14:41 [INFO] ai.stream.token {'token': 'Let '}
2026-09-11 23:14:41 [INFO] ai.stream.token {'token': 'me '}
2026-09-11 23:14:42 [INFO] ai.stream.token {'token': 'help '}
2026-09-11 23:14:42 [INFO] ai.stream.token {'token': 'you '}
2026-09-11 23:14:42 [INFO] ai.stream.token {'token': 'with '}
2026-09-11 23:14:42 [INFO] ai.stream.token {'token': 'that.'}
2026-09-11 23:14:42 [INFO] ai.stream.done {'elapsed_seconds': 0.325, 'response_length': 40}
2026-09-11 23:14:42 [INFO] latency.model {'ms': 324.7}
2026-09-11 23:15:55 [INFO] module.enabled {'module': 'Voice'}
2026-09-11 23:15:55 [INFO] voice.listening.start
2026-09-11 23:15:55 [INFO] voice.audio.level {'level': 0.0}
2026-09-11 23:15:55 [INFO] voice.audio.level {'level': 0.0}
2026-09-11 23:15:55 [INFO] voice.audio.level {'level': 0.0}
2026-09-11 23:15:55 [INFO] voice.audio.level {'level': 0.0}
2026-09-11 23:15:55 [INFO] voice.audio.level {'level': 0.0}
2026-09-11 23:15:55 [INFO] voice.audio.level {'level': 0.0}
2026-09-11 23:15:55 [INFO] voice.audio.level {'level': 0.0}
2026-09-11 23:15:55 [INFO] voice.audio.level {'level': 0.0}
2026-09-11 23:15:56 [INFO] voice.audio.level {'level': 0.0}
2026-09-11 23:15:56 [INFO] voice.audio.level {'level': 0.0}
2026-09-11 23:15:56 [INFO] voice.audio.level {'level': 0.0}
2026-09-11 23:15:56 [INFO] voice.audio.level {'level': 0.0}
2026-09-11 23:15:56 [INFO] voice.audio.level {'level': 0.0}
2026-09-11 23:15:56 [INFO] voice.audio.level {'level': 0.0}
2026-09-11 23:15:56 [INFO] voice.audio.level {'level': 0.0}
2026-09-11 23:15:56 [INFO] voice.audio.level {'level': 0.0}
2026-09-11 23:15:56 [INFO] voice.audio.level {'level': 0.0}
2026-09-11 23:15:56 [INFO] voice.audio.level {'level': 0.0}
2026-09-11 23:15:56 [INFO] voice.audio.level {'level': 0.0}
2026-09-11 23:15:56 [INFO] voice.audio.level {'level': 0.0}
2026-09-11 23:15:56 [INFO] voice.audio.level {'level': 0.10181685288747153}
2026-09-11 23:15:56 [INFO] voice.speech.start {'session_id': 6}
2026-09-11 23:15:56 [INFO] voice.audio.level {'level': 0.17328977584838867}
2026-09-11 23:15:56 [INFO] voice.audio.level {'level': 0.23226968944072723}
2026-09-11 23:15:56 [INFO] voice.audio.level {'level': 0.27770089606444043}
2026-09-11 23:15:56 [INFO] voice.audio.level {'level': 0.19776560366153717}
2026-09-11 23:15:57 [INFO] voice.audio.level {'level': 0.09395784387985866}
2026-09-11 23:15:57 [INFO] voice.audio.level {'level': 0.07157125820716223}
2026-09-11 23:15:57 [INFO] voice.audio.level {'level': 0.05505912005901337}
2026-09-11 23:15:57 [INFO] voice.audio.level {'level': 0.006054878855744998}
2026-09-11 23:15:57 [INFO] voice.audio.level {'level': 0.000859442128178974}
2026-09-11 23:15:57 [INFO] voice.audio.level {'level': 0.00022902308652798337}
2026-09-11 23:15:57 [INFO] voice.audio.level {'level': 0.0011739918651680152}
2026-09-11 23:15:57 [INFO] voice.audio.level {'level': 0.00046227820954906446}
2026-09-11 23:15:57 [INFO] voice.speech.end
2026-09-11 23:15:57 [INFO] voice.audio.level {'level': 0.0015621949569322169}
2026-09-11 23:15:57 [INFO] voice.audio.level {'level': 0.0007381168931412201}
2026-09-11 23:15:57 [INFO] voice.audio.level {'level': 0.00024535324579725665}
2026-09-11 23:15:57 [INFO] voice.audio.level {'level': 0.0004112750078396251}
2026-09-11 23:15:57 [INFO] voice.audio.level {'level': 0.0001833290298236534}
2026-09-11 23:15:57 [INFO] voice.audio.level {'level': 0.000283292635382774}
2026-09-11 23:15:57 [INFO] voice.audio.level {'level': 0.0004471944218191008}
2026-09-11 23:15:57 [INFO] voice.audio.level {'level': 0.0003466296281355123}
2026-09-11 23:15:58 [INFO] voice.audio.level {'level': 0.00021919506252743304}
2026-09-11 23:15:58 [INFO] voice.audio.level {'level': 0.00019771836377913132}
2026-09-11 23:15:58 [INFO] voice.audio.level {'level': 0.00022525823927329233}
2026-09-11 23:15:58 [INFO] voice.audio.level {'level': 4.673953299061395e-05}
2026-09-11 23:15:58 [INFO] voice.audio.level {'level': 0.00016901144893684736}
2026-09-11 23:15:58 [INFO] voice.audio.level {'level': 0.00013349758470819023}
2026-09-11 23:15:58 [INFO] voice.audio.level {'level': 4.928399600127402e-05}
2026-09-11 23:15:58 [INFO] voice.audio.level {'level': 1.105279276695607e-05}
2026-09-11 23:15:58 [INFO] voice.audio.level {'level': 0.0}
2026-09-11 23:15:58 [INFO] voice.audio.level {'level': 0.0}
2026-09-11 23:15:58 [INFO] voice.audio.level {'level': 0.0}
2026-09-11 23:15:58 [INFO] voice.audio.level {'level': 0.0}
2026-09-11 23:15:58 [INFO] voice.audio.level {'level': 0.0}
2026-09-11 23:15:58 [INFO] voice.audio.level {'level': 0.0}
2026-09-11 23:15:58 [INFO] voice.audio.level {'level': 0.0}
2026-09-11 23:15:58 [INFO] voice.audio.level {'level': 0.0}
2026-09-11 23:15:58 [INFO] voice.audio.level {'level': 0.0}
2026-09-11 23:15:59 [INFO] voice.audio.level {'level': 0.0}
2026-09-11 23:15:59 [INFO] voice.listening.stop
2026-09-11 23:38:05 [INFO] module.loaded {'module': 'AI'}
2026-09-11 23:38:05 [INFO] module.enabled {'module': 'AI'}
2026-09-11 23:38:05 [INFO] module.loaded {'module': 'Voice'}
2026-09-11 23:38:05 [INFO] module.enabled {'module': 'Voice'}
2026-09-11 23:38:05 [INFO] ui.updated {'page': 'Dashboard'}
2026-09-11 23:38:05 [INFO] app.started
2026-09-11 23:38:10 [INFO] module.enabled {'module': 'Voice'}
2026-09-11 23:38:10 [INFO] voice.listening.start
2026-09-11 23:38:10 [INFO] voice.speech.start {'session_id': 1}
2026-09-11 23:38:14 [INFO] voice.listening.stop
2026-09-12 00:06:15 [INFO] module.loaded {'module': 'AI'}
2026-09-12 00:06:15 [INFO] module.enabled {'module': 'AI'}
2026-09-12 00:06:15 [INFO] module.loaded {'module': 'Voice'}
2026-09-12 00:06:15 [INFO] module.enabled {'module': 'Voice'}
2026-09-12 00:06:15 [INFO] ui.updated {'page': 'Dashboard'}
2026-09-12 00:06:15 [INFO] app.started
2026-09-12 00:06:26 [INFO] module.enabled {'module': 'Voice'}
2026-09-12 00:06:26 [INFO] voice.listening.start
2026-09-12 00:06:27 [INFO] voice.speech.start {'session_id': 1}
2026-09-12 00:06:28 [INFO] voice.stt.debug {'trace': 'STT BUFFER session_id=1 chunks=33 samples=15840 duration_ms=990.0 sample_rate=16000 channels=1'}
2026-09-12 00:06:28 [INFO] voice.stt.debug {'trace': 'STT SUBMIT session_id=1'}
2026-09-12 00:06:28 [INFO] voice.stt.debug {'trace': 'STT INFERENCE START session_id=1'}
2026-09-12 00:06:28 [INFO] voice.stt.debug {'trace': 'STT INFERENCE END session_id=1'}
2026-09-12 00:06:28 [INFO] voice.stt.debug {'trace': 'STT RESULT session_id=1 text="" confidence=0.0 inference_ms=0.8 total_ms=0.8'}
2026-09-12 00:06:28 [INFO] voice.speech.end {'session_id': 1}
2026-09-12 00:06:28 [INFO] voice.stt.error {'error': 'empty_transcription_result', 'session_id': 1}
2026-09-12 00:06:32 [INFO] voice.listening.stop
2026-09-12 00:06:38 [INFO] module.enabled {'module': 'Voice'}
2026-09-12 00:06:38 [INFO] voice.listening.start
2026-09-12 00:06:39 [INFO] voice.speech.start {'session_id': 2}
2026-09-12 00:06:40 [INFO] voice.stt.debug {'trace': 'STT BUFFER session_id=2 chunks=35 samples=16800 duration_ms=1050.0 sample_rate=16000 channels=1'}
2026-09-12 00:06:40 [INFO] voice.stt.debug {'trace': 'STT SUBMIT session_id=2'}
2026-09-12 00:06:40 [INFO] voice.stt.debug {'trace': 'STT INFERENCE START session_id=2'}
2026-09-12 00:06:40 [INFO] voice.stt.debug {'trace': 'STT INFERENCE END session_id=2'}
2026-09-12 00:06:40 [INFO] voice.stt.debug {'trace': 'STT RESULT session_id=2 text="" confidence=0.0 inference_ms=0.2 total_ms=0.2'}
2026-09-12 00:06:40 [INFO] voice.speech.end {'session_id': 2}
2026-09-12 00:06:40 [INFO] voice.stt.error {'error': 'empty_transcription_result', 'session_id': 2}
2026-09-12 00:06:41 [INFO] voice.listening.stop
2026-09-12 00:11:27 [INFO] module.loaded {'module': 'AI'}
2026-09-12 00:11:27 [INFO] module.enabled {'module': 'AI'}
2026-09-12 00:11:27 [INFO] module.loaded {'module': 'Voice'}
2026-09-12 00:11:27 [INFO] module.enabled {'module': 'Voice'}
2026-09-12 00:11:27 [INFO] ui.updated {'page': 'Dashboard'}
2026-09-12 00:11:27 [INFO] app.started
2026-09-12 00:11:31 [INFO] module.enabled {'module': 'Voice'}
2026-09-12 00:11:31 [INFO] voice.listening.start
2026-09-12 00:11:32 [INFO] voice.speech.start {'session_id': 1}
2026-09-12 00:11:32 [INFO] voice.stt.debug {'trace': 'STT BUFFER session_id=1 chunks=26 samples=12480 duration_ms=780.0 sample_rate=16000 channels=1'}
2026-09-12 00:11:32 [INFO] voice.stt.debug {'trace': 'STT SUBMIT session_id=1'}
2026-09-12 00:11:32 [INFO] voice.stt.debug {'trace': 'STT INFERENCE START session_id=1'}
2026-09-12 00:11:32 [INFO] voice.stt.debug {'trace': 'STT INFERENCE END session_id=1'}
2026-09-12 00:11:32 [INFO] voice.stt.debug {'trace': 'STT RESULT session_id=1 text="Hello?" confidence=0.27851562500000004 inference_ms=85.5 total_ms=85.5'}
2026-09-12 00:11:32 [INFO] voice.speech.end {'session_id': 1}
2026-09-12 00:11:32 [INFO] voice.stt.final {'text': 'Hello?', 'confidence': 0.27851562500000004, 'latency_ms': 85.5, 'inference_ms': 85.5, 'session_id': 1, 'diagnostics': {'sample_rate': 16000, 'channels': 1, 'audio_duration_ms': 780.0, 'audio_rms': 26.988851, 'model': 'base.en', 'device': 'cuda', 'queue_ms': 0.0, 'inference_ms': 85.5, 'total_stt_ms': 85.5, 'num_chunks': 26, 'total_samples': 12480}}
2026-09-12 00:11:32 [INFO] conversation.turn.start {'text': 'Hello?', 'is_interruption': False, 'turn_id': 1, 'session_id': 1, 'request_id': '489eeca7292f'}
2026-09-12 00:11:32 [INFO] latency.stt {'ms': 85.5}
2026-09-12 00:11:32 [INFO] ai.stream.start {'turn_id': 1, 'session_id': 1, 'request_id': '489eeca7292f'}
2026-09-12 00:11:32 [INFO] ai.request {'prompt_length': 6}
2026-09-12 00:11:32 [INFO] latency.tts {'ms': 0.0}
2026-09-12 00:11:33 [INFO] latency.tts {'ms': 0.0}
2026-09-12 00:11:35 [INFO] ai.stream.done {'elapsed_seconds': 2.611, 'response_length': 40}
2026-09-12 00:11:35 [INFO] latency.model {'ms': 2611.2}
2026-09-12 00:11:35 [INFO] ai.stream.end {'turn_id': 1, 'session_id': 1, 'request_id': '489eeca7292f'}
2026-09-12 00:11:35 [INFO] latency.overall {'ms': 2612.3}
2026-09-12 00:11:35 [INFO] conversation.turn.end {'response': 'I understand. Let me help you with that.'}
2026-09-12 00:11:43 [INFO] voice.speech.start {'session_id': 2}
2026-09-12 00:11:44 [INFO] voice.stt.debug {'trace': 'STT BUFFER session_id=2 chunks=23 samples=11040 duration_ms=690.0 sample_rate=16000 channels=1'}
2026-09-12 00:11:44 [INFO] voice.stt.debug {'trace': 'STT SUBMIT session_id=2'}
2026-09-12 00:11:44 [INFO] voice.stt.debug {'trace': 'STT INFERENCE START session_id=2'}
2026-09-12 00:11:44 [INFO] voice.stt.debug {'trace': 'STT INFERENCE END session_id=2'}
2026-09-12 00:11:44 [INFO] voice.stt.debug {'trace': 'STT RESULT session_id=2 text="What\'s up?" confidence=0.4213169813156128 inference_ms=99.9 total_ms=99.9'}
2026-09-12 00:11:44 [INFO] voice.speech.end {'session_id': 2}
2026-09-12 00:11:44 [INFO] voice.stt.final {'text': "What's up?", 'confidence': 0.4213169813156128, 'latency_ms': 99.9, 'inference_ms': 99.9, 'session_id': 2, 'diagnostics': {'sample_rate': 16000, 'channels': 1, 'audio_duration_ms': 690.0, 'audio_rms': 24.572176, 'model': 'base.en', 'device': 'cuda', 'queue_ms': 0.0, 'inference_ms': 99.9, 'total_stt_ms': 99.9, 'num_chunks': 23, 'total_samples': 11040}}
2026-09-12 00:11:44 [INFO] conversation.turn.start {'text': "What's up?", 'is_interruption': False, 'turn_id': 2, 'session_id': 2, 'request_id': 'bba77e2842a6'}
2026-09-12 00:11:44 [INFO] latency.stt {'ms': 99.9}
2026-09-12 00:11:44 [INFO] ai.stream.start {'turn_id': 2, 'session_id': 2, 'request_id': 'bba77e2842a6'}
2026-09-12 00:11:44 [INFO] ai.request {'prompt_length': 10}
2026-09-12 00:11:44 [INFO] latency.tts {'ms': 0.0}
2026-09-12 00:11:45 [INFO] latency.tts {'ms': 0.0}
2026-09-12 00:11:46 [INFO] ai.stream.done {'elapsed_seconds': 2.613, 'response_length': 40}
2026-09-12 00:11:46 [INFO] latency.model {'ms': 2613.0}
2026-09-12 00:11:46 [INFO] ai.stream.end {'turn_id': 2, 'session_id': 2, 'request_id': 'bba77e2842a6'}
2026-09-12 00:11:46 [INFO] latency.overall {'ms': 2612.8}
2026-09-12 00:11:46 [INFO] conversation.turn.end {'response': 'I understand. Let me help you with that.'}
2026-09-12 00:11:50 [INFO] voice.speech.start {'session_id': 3}
2026-09-12 00:11:51 [INFO] voice.stt.debug {'trace': 'STT BUFFER session_id=3 chunks=37 samples=17760 duration_ms=1110.0 sample_rate=16000 channels=1'}
2026-09-12 00:11:51 [INFO] voice.stt.debug {'trace': 'STT SUBMIT session_id=3'}
2026-09-12 00:11:51 [INFO] voice.stt.debug {'trace': 'STT INFERENCE START session_id=3'}
2026-09-12 00:11:51 [INFO] voice.stt.debug {'trace': 'STT INFERENCE END session_id=3'}
2026-09-12 00:11:51 [INFO] voice.stt.debug {'trace': 'STT RESULT session_id=3 text="I was good." confidence=0.5658481972558158 inference_ms=98.8 total_ms=98.8'}
2026-09-12 00:11:51 [INFO] voice.speech.end {'session_id': 3}
2026-09-12 00:11:51 [INFO] voice.stt.final {'text': 'I was good.', 'confidence': 0.5658481972558158, 'latency_ms': 98.8, 'inference_ms': 98.8, 'session_id': 3, 'diagnostics': {'sample_rate': 16000, 'channels': 1, 'audio_duration_ms': 1110.0, 'audio_rms': 30.722767, 'model': 'base.en', 'device': 'cuda', 'queue_ms': 0.0, 'inference_ms': 98.8, 'total_stt_ms': 98.8, 'num_chunks': 37, 'total_samples': 17760}}
2026-09-12 00:11:51 [INFO] conversation.turn.start {'text': 'I was good.', 'is_interruption': False, 'turn_id': 3, 'session_id': 3, 'request_id': '4e0bd37ae99d'}
2026-09-12 00:11:51 [INFO] latency.stt {'ms': 98.8}
2026-09-12 00:11:51 [INFO] ai.stream.start {'turn_id': 3, 'session_id': 3, 'request_id': '4e0bd37ae99d'}
2026-09-12 00:11:51 [INFO] ai.request {'prompt_length': 11}
2026-09-12 00:11:51 [INFO] latency.tts {'ms': 0.0}
2026-09-12 00:11:52 [INFO] latency.tts {'ms': 0.0}
2026-09-12 00:11:53 [INFO] voice.listening.stop
2026-09-12 00:11:53 [INFO] ai.stream.done {'elapsed_seconds': 2.613, 'response_length': 40}
2026-09-12 00:11:53 [INFO] latency.model {'ms': 2612.6}
2026-09-12 00:11:53 [INFO] ai.stream.end {'turn_id': 3, 'session_id': 3, 'request_id': '4e0bd37ae99d'}
2026-09-12 00:11:53 [INFO] latency.overall {'ms': 2612.4}
2026-09-12 00:11:53 [INFO] conversation.turn.end {'response': 'I understand. Let me help you with that.'}
2026-09-12 00:12:51 [INFO] module.loaded {'module': 'AI'}
2026-09-12 00:12:51 [INFO] module.enabled {'module': 'AI'}
2026-09-12 00:12:51 [INFO] module.loaded {'module': 'Voice'}
2026-09-12 00:12:51 [INFO] module.enabled {'module': 'Voice'}
2026-09-12 00:12:52 [INFO] ui.updated {'page': 'Dashboard'}
2026-09-12 00:12:52 [INFO] app.started
2026-09-12 00:12:54 [INFO] ai.stream.start {'stream_id': 'stream_74704_85bf3983', 'turn_id': 74704, 'request_id': '130dd6ccee7a'}
2026-09-12 00:12:54 [INFO] ai.request {'prompt_length': 2}
2026-09-12 00:12:55 [INFO] ai.stream.done {'elapsed_seconds': 0.324, 'response_length': 40}
2026-09-12 00:12:55 [INFO] latency.model {'ms': 323.9}
2026-09-12 00:12:55 [INFO] ai.stream.end {'stream_id': 'stream_74704_85bf3983', 'turn_id': 74704, 'request_id': '130dd6ccee7a'}
2026-09-12 00:35:25 [INFO] module.loaded {'module': 'AI'}
2026-09-12 00:35:25 [INFO] module.enabled {'module': 'AI'}
2026-09-12 00:35:25 [INFO] module.loaded {'module': 'Voice'}
2026-09-12 00:35:25 [INFO] module.enabled {'module': 'Voice'}
2026-09-12 00:35:26 [INFO] ui.updated {'page': 'Dashboard'}
2026-09-12 00:35:26 [INFO] app.started
2026-09-12 09:22:47 [INFO] module.loaded {'module': 'AI'}
2026-09-12 09:22:47 [INFO] module.enabled {'module': 'AI'}
2026-09-12 09:22:47 [INFO] module.loaded {'module': 'Voice'}
2026-09-12 09:22:47 [INFO] module.enabled {'module': 'Voice'}
2026-09-12 09:22:48 [INFO] ui.updated {'page': 'Dashboard'}
2026-09-12 09:22:48 [INFO] app.started
2026-09-12 09:22:55 [INFO] module.enabled {'module': 'Voice'}
2026-09-12 09:22:55 [INFO] voice.listening.start
2026-09-12 09:22:56 [INFO] voice.speech.start {'session_id': 1}
2026-09-12 09:22:57 [INFO] voice.stt.debug {'trace': 'STT BUFFER session_id=1 chunks=34 samples=16320 duration_ms=1020.0 sample_rate=16000 channels=1'}
2026-09-12 09:22:57 [INFO] voice.stt.debug {'trace': 'STT SUBMIT session_id=1'}
2026-09-12 09:22:57 [INFO] voice.stt.debug {'trace': 'STT INFERENCE START session_id=1'}
2026-09-12 09:22:58 [INFO] voice.stt.debug {'trace': 'STT INFERENCE END session_id=1'}
2026-09-12 09:22:58 [INFO] voice.stt.debug {'trace': 'STT RESULT session_id=1 text="Hello, hello." confidence=0.2527901615415301 inference_ms=113.0 total_ms=113.0'}
2026-09-12 09:22:58 [INFO] voice.speech.end {'session_id': 1}
2026-09-12 09:22:58 [INFO] voice.stt.final {'text': 'Hello, hello.', 'confidence': 0.2527901615415301, 'latency_ms': 113.0, 'inference_ms': 113.0, 'session_id': 1, 'diagnostics': {'sample_rate': 16000, 'channels': 1, 'audio_duration_ms': 1020.0, 'audio_rms': 32.432162, 'model': 'base.en', 'device': 'cuda', 'queue_ms': 0.0, 'inference_ms': 113.0, 'total_stt_ms': 113.0, 'num_chunks': 34, 'total_samples': 16320}}
2026-09-12 09:22:58 [INFO] conversation.turn.start {'text': 'Hello, hello.', 'is_interruption': False, 'turn_id': 1, 'session_id': 1, 'request_id': '954241fa6eca'}
2026-09-12 09:22:58 [INFO] ai.stream.start {'turn_id': 1, 'session_id': 1, 'request_id': '954241fa6eca', 'stream_id': 'stream_1_a08ff3ce'}
2026-09-12 09:22:58 [INFO] latency.stt {'ms': 113.0}
2026-09-12 09:22:58 [INFO] chat.message.start {'turn_id': 1, 'request_id': '954241fa6eca', 'role': 'assistant'}
2026-09-12 09:22:58 [INFO] ai.request {'turn_id': 1, 'request_id': '954241fa6eca', 'stream_id': 'stream_1_60331eb6', 'user_text': 'Hello, hello.', 'prompt_length': 13, 'model': 'llama3', 'provider': 'ollama'}
2026-09-12 09:22:58 [ERROR] ai.error {'error': "Model 'llama3' not found. Run 'ollama pull llama3' first.", 'turn_id': 1, 'request_id': '954241fa6eca'}
2026-09-12 09:22:58 [ERROR] ai.error {'error': "Model 'llama3' not found. Run 'ollama pull llama3' first."}
2026-09-12 09:23:03 [INFO] ui.updated {'page': 'Settings'}
2026-09-12 09:23:09 [INFO] voice.speech.start {'session_id': 2}
2026-09-12 09:23:10 [INFO] voice.stt.debug {'trace': 'STT BUFFER session_id=2 chunks=12 samples=5760 duration_ms=360.0 sample_rate=16000 channels=1'}
2026-09-12 09:23:10 [INFO] voice.stt.debug {'trace': 'STT SUBMIT session_id=2'}
2026-09-12 09:23:10 [INFO] voice.stt.debug {'trace': 'STT INFERENCE START session_id=2'}
2026-09-12 09:23:13 [INFO] voice.stt.debug {'trace': 'STT INFERENCE END session_id=2'}
2026-09-12 09:23:13 [INFO] voice.stt.debug {'trace': 'STT RESULT session_id=2 text="" confidence=0.0 inference_ms=3739.5 total_ms=3739.5'}
2026-09-12 09:23:13 [INFO] voice.speech.end {'session_id': 2}
2026-09-12 09:23:13 [INFO] voice.stt.error {'error': 'empty_transcription_result', 'session_id': 2}
2026-09-12 09:23:15 [INFO] settings.changed
2026-09-12 09:23:17 [INFO] ui.updated {'page': 'Dashboard'}
2026-09-12 09:23:18 [INFO] voice.listening.stop
2026-09-12 09:23:20 [INFO] module.enabled {'module': 'Voice'}
2026-09-12 09:23:20 [INFO] voice.listening.start
2026-09-12 09:23:20 [INFO] voice.speech.start {'session_id': 3}
2026-09-12 09:23:21 [INFO] voice.stt.debug {'trace': 'STT BUFFER session_id=3 chunks=32 samples=15360 duration_ms=960.0 sample_rate=16000 channels=1'}
2026-09-12 09:23:21 [INFO] voice.stt.debug {'trace': 'STT SUBMIT session_id=3'}
2026-09-12 09:23:21 [INFO] voice.stt.debug {'trace': 'STT INFERENCE START session_id=3'}
2026-09-12 09:23:21 [INFO] voice.stt.debug {'trace': 'STT INFERENCE END session_id=3'}
2026-09-12 09:23:21 [INFO] voice.stt.debug {'trace': 'STT RESULT session_id=3 text="Oh, hello." confidence=0.2516741071428571 inference_ms=108.8 total_ms=108.8'}
2026-09-12 09:23:21 [INFO] voice.speech.end {'session_id': 3}
2026-09-12 09:23:21 [INFO] voice.stt.final {'text': 'Oh, hello.', 'confidence': 0.2516741071428571, 'latency_ms': 108.8, 'inference_ms': 108.8, 'session_id': 3, 'diagnostics': {'sample_rate': 16000, 'channels': 1, 'audio_duration_ms': 960.0, 'audio_rms': 26.281921, 'model': 'base.en', 'device': 'cuda', 'queue_ms': 0.0, 'inference_ms': 108.8, 'total_stt_ms': 108.8, 'num_chunks': 32, 'total_samples': 15360}}
2026-09-12 09:23:21 [INFO] conversation.turn.start {'text': 'Oh, hello.', 'is_interruption': False, 'turn_id': 2, 'session_id': 3, 'request_id': '14d9ebe6892d'}
2026-09-12 09:23:21 [INFO] ai.stream.start {'turn_id': 2, 'session_id': 3, 'request_id': '14d9ebe6892d', 'stream_id': 'stream_2_dc5f538c'}
2026-09-12 09:23:21 [INFO] latency.stt {'ms': 108.8}
2026-09-12 09:23:21 [INFO] chat.message.start {'turn_id': 2, 'request_id': '14d9ebe6892d', 'role': 'assistant'}
2026-09-12 09:23:21 [INFO] ai.request {'turn_id': 2, 'request_id': '14d9ebe6892d', 'stream_id': 'stream_2_2e99ef71', 'user_text': 'Oh, hello.', 'prompt_length': 10, 'model': 'llama3.1:1b', 'provider': 'ollama'}
2026-09-12 09:23:21 [ERROR] ai.error {'error': "Model 'llama3.1:1b' not found. Run 'ollama pull llama3.1:1b' first.", 'turn_id': 2, 'request_id': '14d9ebe6892d'}
2026-09-12 09:23:21 [ERROR] ai.error {'error': "Model 'llama3.1:1b' not found. Run 'ollama pull llama3.1:1b' first."}
2026-09-12 09:23:56 [INFO] module.loaded {'module': 'AI'}
2026-09-12 09:23:56 [INFO] module.enabled {'module': 'AI'}
2026-09-12 09:23:56 [INFO] module.loaded {'module': 'Voice'}
2026-09-12 09:23:56 [INFO] module.enabled {'module': 'Voice'}
2026-09-12 09:23:56 [INFO] ui.updated {'page': 'Dashboard'}
2026-09-12 09:23:56 [INFO] app.started
2026-09-12 09:23:58 [INFO] ui.updated {'page': 'Settings'}
2026-09-12 09:24:04 [INFO] settings.changed
2026-09-12 09:24:06 [INFO] ui.updated {'page': 'Dashboard'}
2026-09-12 09:24:09 [INFO] module.enabled {'module': 'Voice'}
2026-09-12 09:24:09 [INFO] voice.listening.start
2026-09-12 09:24:10 [INFO] voice.speech.start {'session_id': 1}
2026-09-12 09:24:10 [INFO] voice.stt.debug {'trace': 'STT BUFFER session_id=1 chunks=32 samples=15360 duration_ms=960.0 sample_rate=16000 channels=1'}
2026-09-12 09:24:10 [INFO] voice.stt.debug {'trace': 'STT SUBMIT session_id=1'}
2026-09-12 09:24:10 [INFO] voice.stt.debug {'trace': 'STT INFERENCE START session_id=1'}
2026-09-12 09:24:11 [INFO] voice.stt.debug {'trace': 'STT INFERENCE END session_id=1'}
2026-09-12 09:24:11 [INFO] voice.stt.debug {'trace': 'STT RESULT session_id=1 text="Hello, hello." confidence=0.3164062329701015 inference_ms=108.4 total_ms=108.5'}
2026-09-12 09:24:11 [INFO] voice.speech.end {'session_id': 1}
2026-09-12 09:24:11 [INFO] voice.stt.final {'text': 'Hello, hello.', 'confidence': 0.3164062329701015, 'latency_ms': 108.5, 'inference_ms': 108.4, 'session_id': 1, 'diagnostics': {'sample_rate': 16000, 'channels': 1, 'audio_duration_ms': 960.0, 'audio_rms': 29.76138, 'model': 'base.en', 'device': 'cuda', 'queue_ms': 0.0, 'inference_ms': 108.4, 'total_stt_ms': 108.5, 'num_chunks': 32, 'total_samples': 15360}}
2026-09-12 09:24:11 [INFO] conversation.turn.start {'text': 'Hello, hello.', 'is_interruption': False, 'turn_id': 1, 'session_id': 1, 'request_id': 'c8e070ccc0fa'}
2026-09-12 09:24:11 [INFO] ai.stream.start {'turn_id': 1, 'session_id': 1, 'request_id': 'c8e070ccc0fa', 'stream_id': 'stream_1_4e61550f'}
2026-09-12 09:24:11 [INFO] latency.stt {'ms': 108.5}
2026-09-12 09:24:11 [INFO] chat.message.start {'turn_id': 1, 'request_id': 'c8e070ccc0fa', 'role': 'assistant'}
2026-09-12 09:24:11 [INFO] ai.request {'turn_id': 1, 'request_id': 'c8e070ccc0fa', 'stream_id': 'stream_1_0d40cc56', 'user_text': 'Hello, hello.', 'prompt_length': 13, 'model': 'llama3.2:1b', 'provider': 'ollama'}
2026-09-12 09:24:11 [INFO] latency.ai.first_token {'ms': 19.8}
2026-09-12 09:24:11 [INFO] chat.message.update {'turn_id': 1, 'length': 1, 'delta_length': 1}
2026-09-12 09:24:11 [INFO] chat.message.update {'turn_id': 1, 'length': 3, 'delta_length': 2}
2026-09-12 09:24:11 [INFO] chat.message.update {'turn_id': 1, 'length': 9, 'delta_length': 6}
2026-09-12 09:24:11 [INFO] chat.message.update {'turn_id': 1, 'length': 10, 'delta_length': 1}
2026-09-12 09:24:11 [INFO] tts.speak.start {'text': "I'm Saint,", 'sentence_count': 1}
2026-09-12 09:24:11 [INFO] tts.inference.start {'sentence_index': 0, 'sentence': "I'm Saint,"}
2026-09-12 09:24:11 [INFO] tts.inference.end {'sentence_index': 0, 'inference_ms': 50.0, 'sample_rate': 24000, 'samples': 1000, 'duration_ms': 100}
2026-09-12 09:24:11 [INFO] tts.audio.ready {'sentence_index': 0, 'samples': 1000, 'sample_rate': 24000, 'channels': 1, 'duration_ms': 100}
2026-09-12 09:24:11 [INFO] latency.tts.inference {'ms': 50.6}
2026-09-12 09:24:11 [INFO] tts.playback.start {'sentence_index': 0}
2026-09-12 09:24:11 [INFO] tts.playback.end {'sentence_index': 0, 'playback_ms': 571.4285714285714}
2026-09-12 09:24:11 [INFO] tts.speak.done {'text': "I'm Saint,"}
2026-09-12 09:24:11 [INFO] chat.message.update {'turn_id': 1, 'length': 13, 'delta_length': 3}
2026-09-12 09:24:11 [INFO] chat.message.update {'turn_id': 1, 'length': 17, 'delta_length': 4}
2026-09-12 09:24:11 [INFO] chat.message.update {'turn_id': 1, 'length': 21, 'delta_length': 4}
2026-09-12 09:24:11 [INFO] chat.message.update {'turn_id': 1, 'length': 22, 'delta_length': 1}
2026-09-12 09:24:11 [INFO] tts.speak.start {'text': ' by the way.', 'sentence_count': 1}
2026-09-12 09:24:11 [INFO] tts.inference.start {'sentence_index': 0, 'sentence': 'by the way.'}
2026-09-12 09:24:11 [INFO] tts.inference.end {'sentence_index': 0, 'inference_ms': 50.0, 'sample_rate': 24000, 'samples': 1100, 'duration_ms': 110}
2026-09-12 09:24:11 [INFO] tts.audio.ready {'sentence_index': 0, 'samples': 1100, 'sample_rate': 24000, 'channels': 1, 'duration_ms': 110}
2026-09-12 09:24:11 [INFO] latency.tts.inference {'ms': 50.6}
2026-09-12 09:24:11 [INFO] tts.playback.start {'sentence_index': 0}
2026-09-12 09:24:12 [INFO] tts.playback.end {'sentence_index': 0, 'playback_ms': 857.1428571428571}
2026-09-12 09:24:12 [INFO] tts.speak.done {'text': ' by the way.'}
2026-09-12 09:24:12 [INFO] chat.message.update {'turn_id': 1, 'length': 27, 'delta_length': 5}
2026-09-12 09:24:12 [INFO] chat.message.update {'turn_id': 1, 'length': 29, 'delta_length': 2}
2026-09-12 09:24:12 [INFO] chat.message.update {'turn_id': 1, 'length': 32, 'delta_length': 3}
2026-09-12 09:24:12 [INFO] chat.message.update {'turn_id': 1, 'length': 37, 'delta_length': 5}
2026-09-12 09:24:12 [INFO] chat.message.update {'turn_id': 1, 'length': 42, 'delta_length': 5}
2026-09-12 09:24:12 [INFO] chat.message.update {'turn_id': 1, 'length': 43, 'delta_length': 1}
2026-09-12 09:24:12 [INFO] tts.speak.start {'text': " What's on your mind?", 'sentence_count': 1}
2026-09-12 09:24:12 [INFO] tts.inference.start {'sentence_index': 0, 'sentence': "What's on your mind?"}
2026-09-12 09:24:12 [INFO] tts.inference.end {'sentence_index': 0, 'inference_ms': 50.0, 'sample_rate': 24000, 'samples': 2000, 'duration_ms': 200}
2026-09-12 09:24:12 [INFO] tts.audio.ready {'sentence_index': 0, 'samples': 2000, 'sample_rate': 24000, 'channels': 1, 'duration_ms': 200}
2026-09-12 09:24:12 [INFO] latency.tts.inference {'ms': 50.5}
2026-09-12 09:24:12 [INFO] tts.playback.start {'sentence_index': 0}
2026-09-12 09:24:13 [INFO] tts.playback.end {'sentence_index': 0, 'playback_ms': 1142.857142857143}
2026-09-12 09:24:13 [INFO] tts.speak.done {'text': " What's on your mind?"}
2026-09-12 09:24:13 [INFO] ai.stream.done {'turn_id': 1, 'request_id': 'c8e070ccc0fa', 'stream_id': 'stream_1_0d40cc56', 'elapsed_seconds': 2.763, 'response_length': 43}
2026-09-12 09:24:13 [INFO] latency.model {'ms': 2763.1, 'turn_id': 1, 'request_id': 'c8e070ccc0fa'}
2026-09-12 09:24:13 [INFO] ai.stream.end {'turn_id': 1, 'session_id': 1, 'request_id': 'c8e070ccc0fa', 'stream_id': 'stream_1_4e61550f'}
2026-09-12 09:24:13 [INFO] latency.tts.playback {'ms': 0.0}
2026-09-12 09:24:13 [INFO] latency.ai.total {'ms': 2765.6}
2026-09-12 09:24:13 [INFO] latency.overall {'ms': 2765.6}
2026-09-12 09:24:13 [INFO] chat.message.final {'turn_id': 1, 'length': 43, 'text': "I'm Saint, by the way. What's on your mind?"}
2026-09-12 09:24:13 [INFO] ui.chat.render {'turn_id': 1, 'role': 'assistant', 'text': "I'm Saint, by the way. What's on your mind?"}
2026-09-12 09:24:13 [INFO] conversation.turn.end {'response': "I'm Saint, by the way. What's on your mind?"}
2026-09-12 09:24:18 [INFO] voice.listening.stop
2026-09-12 09:24:33 [INFO] module.enabled {'module': 'Voice'}
2026-09-12 09:24:33 [INFO] voice.listening.start
2026-09-12 09:24:34 [INFO] voice.speech.start {'session_id': 2}
2026-09-12 09:24:35 [INFO] voice.stt.debug {'trace': 'STT BUFFER session_id=2 chunks=30 samples=14400 duration_ms=900.0 sample_rate=16000 channels=1'}
2026-09-12 09:24:35 [INFO] voice.stt.debug {'trace': 'STT SUBMIT session_id=2'}
2026-09-12 09:24:35 [INFO] voice.stt.debug {'trace': 'STT INFERENCE START session_id=2'}
2026-09-12 09:24:35 [INFO] voice.stt.debug {'trace': 'STT INFERENCE END session_id=2'}
2026-09-12 09:24:35 [INFO] voice.stt.debug {'trace': 'STT RESULT session_id=2 text="What\'s up?" confidence=0.3889508928571429 inference_ms=100.4 total_ms=100.5'}
2026-09-12 09:24:35 [INFO] voice.speech.end {'session_id': 2}
2026-09-12 09:24:35 [INFO] voice.stt.final {'text': "What's up?", 'confidence': 0.3889508928571429, 'latency_ms': 100.5, 'inference_ms': 100.4, 'session_id': 2, 'diagnostics': {'sample_rate': 16000, 'channels': 1, 'audio_duration_ms': 900.0, 'audio_rms': 30.603777, 'model': 'base.en', 'device': 'cuda', 'queue_ms': 0.0, 'inference_ms': 100.4, 'total_stt_ms': 100.5, 'num_chunks': 30, 'total_samples': 14400}}
2026-09-12 09:24:35 [INFO] conversation.turn.start {'text': "What's up?", 'is_interruption': False, 'turn_id': 2, 'session_id': 2, 'request_id': '3aa2b2a003ba'}
2026-09-12 09:24:35 [INFO] ai.stream.start {'turn_id': 2, 'session_id': 2, 'request_id': '3aa2b2a003ba', 'stream_id': 'stream_2_82275b9e'}
2026-09-12 09:24:35 [INFO] latency.stt {'ms': 100.5}
2026-09-12 09:24:35 [INFO] chat.message.start {'turn_id': 2, 'request_id': '3aa2b2a003ba', 'role': 'assistant'}
2026-09-12 09:24:35 [INFO] ai.request {'turn_id': 2, 'request_id': '3aa2b2a003ba', 'stream_id': 'stream_2_f1fced1a', 'user_text': "What's up?", 'prompt_length': 10, 'model': 'llama3.2:1b', 'provider': 'ollama'}
2026-09-12 09:24:35 [INFO] latency.ai.first_token {'ms': 25.6}
2026-09-12 09:24:35 [INFO] chat.message.update {'turn_id': 2, 'length': 3, 'delta_length': 3}
2026-09-12 09:24:35 [INFO] chat.message.update {'turn_id': 2, 'length': 8, 'delta_length': 5}
2026-09-12 09:24:35 [INFO] chat.message.update {'turn_id': 2, 'length': 9, 'delta_length': 1}
2026-09-12 09:24:35 [INFO] tts.speak.start {'text': 'Not much,', 'sentence_count': 1}
2026-09-12 09:24:35 [INFO] tts.inference.start {'sentence_index': 0, 'sentence': 'Not much,'}
2026-09-12 09:24:35 [INFO] tts.inference.end {'sentence_index': 0, 'inference_ms': 50.0, 'sample_rate': 24000, 'samples': 900, 'duration_ms': 90}
2026-09-12 09:24:35 [INFO] tts.audio.ready {'sentence_index': 0, 'samples': 900, 'sample_rate': 24000, 'channels': 1, 'duration_ms': 90}
2026-09-12 09:24:35 [INFO] latency.tts.inference {'ms': 50.5}
2026-09-12 09:24:35 [INFO] tts.playback.start {'sentence_index': 0}
2026-09-12 09:24:36 [INFO] tts.playback.end {'sentence_index': 0, 'playback_ms': 571.4285714285714}
2026-09-12 09:24:36 [INFO] tts.speak.done {'text': 'Not much,'}
2026-09-12 09:24:36 [INFO] chat.message.update {'turn_id': 2, 'length': 14, 'delta_length': 5}
2026-09-12 09:24:36 [INFO] chat.message.update {'turn_id': 2, 'length': 22, 'delta_length': 8}
2026-09-12 09:24:36 [INFO] chat.message.update {'turn_id': 2, 'length': 27, 'delta_length': 5}
2026-09-12 09:24:36 [INFO] chat.message.update {'turn_id': 2, 'length': 32, 'delta_length': 5}
2026-09-12 09:24:36 [INFO] chat.message.update {'turn_id': 2, 'length': 37, 'delta_length': 5}
2026-09-12 09:24:36 [INFO] chat.message.update {'turn_id': 2, 'length': 38, 'delta_length': 1}
2026-09-12 09:24:36 [INFO] tts.speak.start {'text': ' just getting into some work.', 'sentence_count': 1}
2026-09-12 09:24:36 [INFO] tts.inference.start {'sentence_index': 0, 'sentence': 'just getting into some work.'}
2026-09-12 09:24:36 [INFO] tts.inference.end {'sentence_index': 0, 'inference_ms': 50.0, 'sample_rate': 24000, 'samples': 2800, 'duration_ms': 280}
2026-09-12 09:24:36 [INFO] tts.audio.ready {'sentence_index': 0, 'samples': 2800, 'sample_rate': 24000, 'channels': 1, 'duration_ms': 280}
2026-09-12 09:24:36 [INFO] latency.tts.inference {'ms': 50.3}
2026-09-12 09:24:36 [INFO] tts.playback.start {'sentence_index': 0}
2026-09-12 09:24:37 [INFO] tts.playback.end {'sentence_index': 0, 'playback_ms': 1428.5714285714287}
2026-09-12 09:24:37 [INFO] tts.speak.done {'text': ' just getting into some work.'}
2026-09-12 09:24:37 [INFO] chat.message.update {'turn_id': 2, 'length': 42, 'delta_length': 4}
2026-09-12 09:24:37 [INFO] chat.message.update {'turn_id': 2, 'length': 47, 'delta_length': 5}
2026-09-12 09:24:37 [INFO] chat.message.update {'turn_id': 2, 'length': 51, 'delta_length': 4}
2026-09-12 09:24:37 [INFO] chat.message.update {'turn_id': 2, 'length': 54, 'delta_length': 3}
2026-09-12 09:24:37 [INFO] chat.message.update {'turn_id': 2, 'length': 57, 'delta_length': 3}
2026-09-12 09:24:37 [INFO] chat.message.update {'turn_id': 2, 'length': 58, 'delta_length': 1}
2026-09-12 09:24:37 [INFO] tts.speak.start {'text': ' You know how it is.', 'sentence_count': 1}
2026-09-12 09:24:37 [INFO] tts.inference.start {'sentence_index': 0, 'sentence': 'You know how it is.'}
2026-09-12 09:24:37 [INFO] tts.inference.end {'sentence_index': 0, 'inference_ms': 50.0, 'sample_rate': 24000, 'samples': 1900, 'duration_ms': 190}
2026-09-12 09:24:37 [INFO] tts.audio.ready {'sentence_index': 0, 'samples': 1900, 'sample_rate': 24000, 'channels': 1, 'duration_ms': 190}
2026-09-12 09:24:37 [INFO] latency.tts.inference {'ms': 50.5}
2026-09-12 09:24:37 [INFO] tts.playback.start {'sentence_index': 0}
2026-09-12 09:24:39 [INFO] tts.playback.end {'sentence_index': 0, 'playback_ms': 1428.5714285714287}
2026-09-12 09:24:39 [INFO] tts.speak.done {'text': ' You know how it is.'}
2026-09-12 09:24:39 [INFO] ai.stream.done {'turn_id': 2, 'request_id': '3aa2b2a003ba', 'stream_id': 'stream_2_f1fced1a', 'elapsed_seconds': 3.622, 'response_length': 58}
2026-09-12 09:24:39 [INFO] latency.model {'ms': 3621.6, 'turn_id': 2, 'request_id': '3aa2b2a003ba'}
2026-09-12 09:24:39 [INFO] ai.stream.end {'turn_id': 2, 'session_id': 2, 'request_id': '3aa2b2a003ba', 'stream_id': 'stream_2_82275b9e'}
2026-09-12 09:24:39 [INFO] latency.tts.playback {'ms': 0.0}
2026-09-12 09:24:39 [INFO] latency.ai.total {'ms': 3624.0}
2026-09-12 09:24:39 [INFO] latency.overall {'ms': 3624.0}
2026-09-12 09:24:39 [INFO] chat.message.final {'turn_id': 2, 'length': 58, 'text': 'Not much, just getting into some work. You know how it is.'}
2026-09-12 09:24:39 [INFO] ui.chat.render {'turn_id': 2, 'role': 'assistant', 'text': 'Not much, just getting into some work. You know how it is.'}
2026-09-12 09:24:39 [INFO] conversation.turn.end {'response': 'Not much, just getting into some work. You know how it is.'}
2026-09-12 09:24:42 [INFO] voice.listening.stop
2026-09-12 09:24:53 [INFO] ui.updated {'page': 'Console'}
2026-09-12 09:24:53 [INFO] ui.updated {'page': 'Settings'}
2026-09-12 09:24:55 [INFO] ui.updated {'page': 'Console'}
2026-09-12 09:24:56 [INFO] ui.updated {'page': 'Health'}
2026-09-12 09:24:56 [INFO] ui.updated {'page': 'Analytics'}
2026-09-12 09:24:57 [INFO] ui.updated {'page': 'Module Manager'}
2026-09-12 09:25:02 [INFO] ui.updated {'page': 'Settings'}
2026-09-12 09:25:03 [INFO] ui.updated {'page': 'Console'}
2026-09-12 09:25:03 [INFO] ui.updated {'page': 'Health'}
2026-09-12 09:25:08 [INFO] ui.updated {'page': 'Settings'}
2026-09-12 09:25:20 [INFO] settings.changed
2026-09-12 09:25:31 [INFO] ui.updated {'page': 'Dashboard'}
2026-09-12 09:25:32 [INFO] module.enabled {'module': 'Voice'}
2026-09-12 09:25:32 [INFO] voice.listening.start
2026-09-12 09:25:33 [INFO] voice.speech.start {'session_id': 3}
2026-09-12 09:25:34 [INFO] voice.stt.debug {'trace': 'STT BUFFER session_id=3 chunks=29 samples=13920 duration_ms=870.0 sample_rate=16000 channels=1'}
2026-09-12 09:25:34 [INFO] voice.stt.debug {'trace': 'STT SUBMIT session_id=3'}
2026-09-12 09:25:34 [INFO] voice.stt.debug {'trace': 'STT INFERENCE START session_id=3'}
2026-09-12 09:25:34 [INFO] voice.stt.debug {'trace': 'STT INFERENCE END session_id=3'}
2026-09-12 09:25:34 [INFO] voice.stt.debug {'trace': 'STT RESULT session_id=3 text="Let\'s go up." confidence=0.43603515625 inference_ms=118.0 total_ms=118.1'}
2026-09-12 09:25:34 [INFO] voice.speech.end {'session_id': 3}
2026-09-12 09:25:34 [INFO] voice.stt.final {'text': "Let's go up.", 'confidence': 0.43603515625, 'latency_ms': 118.1, 'inference_ms': 118.0, 'session_id': 3, 'diagnostics': {'sample_rate': 16000, 'channels': 1, 'audio_duration_ms': 870.0, 'audio_rms': 33.045766, 'model': 'base.en', 'device': 'cuda', 'queue_ms': 0.1, 'inference_ms': 118.0, 'total_stt_ms': 118.1, 'num_chunks': 29, 'total_samples': 13920}}
2026-09-12 09:25:34 [INFO] conversation.turn.start {'text': "Let's go up.", 'is_interruption': False, 'turn_id': 3, 'session_id': 3, 'request_id': '88b752a89c3d'}
2026-09-12 09:25:34 [INFO] ai.stream.start {'turn_id': 3, 'session_id': 3, 'request_id': '88b752a89c3d', 'stream_id': 'stream_3_56514f47'}
2026-09-12 09:25:34 [INFO] latency.stt {'ms': 118.1}
2026-09-12 09:25:34 [INFO] chat.message.start {'turn_id': 3, 'request_id': '88b752a89c3d', 'role': 'assistant'}
2026-09-12 09:25:34 [INFO] ai.request {'turn_id': 3, 'request_id': '88b752a89c3d', 'stream_id': 'stream_3_aba11829', 'user_text': "Let's go up.", 'prompt_length': 12, 'model': 'llama3.2:1b', 'provider': 'ollama'}
2026-09-12 09:25:34 [INFO] latency.ai.first_token {'ms': 21.8}
2026-09-12 09:25:34 [INFO] chat.message.update {'turn_id': 3, 'length': 1, 'delta_length': 1}
2026-09-12 09:25:34 [INFO] chat.message.update {'turn_id': 3, 'length': 3, 'delta_length': 2}
2026-09-12 09:25:34 [INFO] chat.message.update {'turn_id': 3, 'length': 7, 'delta_length': 4}
2026-09-12 09:25:34 [INFO] chat.message.update {'turn_id': 3, 'length': 13, 'delta_length': 6}
2026-09-12 09:25:34 [INFO] chat.message.update {'turn_id': 3, 'length': 22, 'delta_length': 9}
2026-09-12 09:25:34 [INFO] chat.message.update {'turn_id': 3, 'length': 23, 'delta_length': 1}
2026-09-12 09:25:34 [INFO] tts.speak.start {'text': "I'm not going anywhere.", 'sentence_count': 1}
2026-09-12 09:25:34 [INFO] tts.inference.start {'sentence_index': 0, 'sentence': "I'm not going anywhere."}
2026-09-12 09:25:34 [INFO] tts.inference.end {'sentence_index': 0, 'inference_ms': 50.0, 'sample_rate': 24000, 'samples': 2300, 'duration_ms': 230}
2026-09-12 09:25:34 [INFO] tts.audio.ready {'sentence_index': 0, 'samples': 2300, 'sample_rate': 24000, 'channels': 1, 'duration_ms': 230}
2026-09-12 09:25:34 [INFO] latency.tts.inference {'ms': 50.2}
2026-09-12 09:25:34 [INFO] tts.playback.start {'sentence_index': 0}
2026-09-12 09:25:35 [INFO] tts.playback.end {'sentence_index': 0, 'playback_ms': 1142.857142857143}
2026-09-12 09:25:35 [INFO] tts.speak.done {'text': "I'm not going anywhere."}
2026-09-12 09:25:35 [INFO] chat.message.update {'turn_id': 3, 'length': 28, 'delta_length': 5}
2026-09-12 09:25:35 [INFO] chat.message.update {'turn_id': 3, 'length': 31, 'delta_length': 3}
2026-09-12 09:25:35 [INFO] chat.message.update {'turn_id': 3, 'length': 33, 'delta_length': 2}
2026-09-12 09:25:35 [INFO] chat.message.update {'turn_id': 3, 'length': 42, 'delta_length': 9}
2026-09-12 09:25:35 [INFO] chat.message.update {'turn_id': 3, 'length': 50, 'delta_length': 8}
2026-09-12 09:25:35 [INFO] chat.message.update {'turn_id': 3, 'length': 51, 'delta_length': 1}
2026-09-12 09:25:35 [INFO] chat.message.update {'turn_id': 3, 'length': 53, 'delta_length': 2}
2026-09-12 09:25:35 [INFO] chat.message.update {'turn_id': 3, 'length': 57, 'delta_length': 4}
2026-09-12 09:25:35 [INFO] chat.message.update {'turn_id': 3, 'length': 59, 'delta_length': 2}
2026-09-12 09:25:35 [INFO] chat.message.update {'turn_id': 3, 'length': 64, 'delta_length': 5}
2026-09-12 09:25:35 [INFO] chat.message.update {'turn_id': 3, 'length': 66, 'delta_length': 2}
2026-09-12 09:25:35 [INFO] chat.message.update {'turn_id': 3, 'length': 75, 'delta_length': 9}
2026-09-12 09:25:35 [INFO] chat.message.update {'turn_id': 3, 'length': 84, 'delta_length': 9}
2026-09-12 09:25:35 [INFO] chat.message.update {'turn_id': 3, 'length': 85, 'delta_length': 1}
2026-09-12 09:25:35 [INFO] tts.speak.start {'text': " This is a computer program, I don't have a physical presence.", 'sentence_count': 1}
2026-09-12 09:25:35 [INFO] tts.inference.start {'sentence_index': 0, 'sentence': "This is a computer program, I don't have a physical presence."}
2026-09-12 09:25:35 [INFO] tts.inference.end {'sentence_index': 0, 'inference_ms': 50.0, 'sample_rate': 24000, 'samples': 6100, 'duration_ms': 610}
2026-09-12 09:25:35 [INFO] tts.audio.ready {'sentence_index': 0, 'samples': 6100, 'sample_rate': 24000, 'channels': 1, 'duration_ms': 610}
2026-09-12 09:25:35 [INFO] latency.tts.inference {'ms': 51.5}
2026-09-12 09:25:35 [INFO] tts.playback.start {'sentence_index': 0}
2026-09-12 09:25:39 [INFO] tts.playback.end {'sentence_index': 0, 'playback_ms': 3142.857142857143}
2026-09-12 09:25:39 [INFO] tts.speak.done {'text': " This is a computer program, I don't have a physical presence."}
2026-09-12 09:25:39 [INFO] ai.stream.done {'turn_id': 3, 'request_id': '88b752a89c3d', 'stream_id': 'stream_3_aba11829', 'elapsed_seconds': 4.466, 'response_length': 85}
2026-09-12 09:25:39 [INFO] latency.model {'ms': 4465.7, 'turn_id': 3, 'request_id': '88b752a89c3d'}
2026-09-12 09:25:39 [INFO] ai.stream.end {'turn_id': 3, 'session_id': 3, 'request_id': '88b752a89c3d', 'stream_id': 'stream_3_56514f47'}
2026-09-12 09:25:39 [INFO] latency.tts.playback {'ms': 0.0}
2026-09-12 09:25:39 [INFO] latency.ai.total {'ms': 4467.7}
2026-09-12 09:25:39 [INFO] latency.overall {'ms': 4467.7}
2026-09-12 09:25:39 [INFO] chat.message.final {'turn_id': 3, 'length': 85, 'text': "I'm not going anywhere. This is a computer program, I don't have a physical presence."}
2026-09-12 09:25:39 [INFO] ui.chat.render {'turn_id': 3, 'role': 'assistant', 'text': "I'm not going anywhere. This is a computer program, I don't have a physical presence."}
2026-09-12 09:25:39 [INFO] conversation.turn.end {'response': "I'm not going anywhere. This is a computer program, I don't have a physical presence."}
2026-09-12 09:25:43 [INFO] voice.listening.stop
2026-09-12 09:28:22 [INFO] module.loaded {'module': 'AI'}
2026-09-12 09:28:22 [INFO] module.enabled {'module': 'AI'}
2026-09-12 09:28:22 [INFO] module.loaded {'module': 'Voice'}
2026-09-12 09:28:22 [INFO] module.enabled {'module': 'Voice'}
2026-09-12 09:28:23 [INFO] ui.updated {'page': 'Dashboard'}
2026-09-12 09:28:23 [INFO] app.started
2026-09-12 09:28:24 [INFO] ui.updated {'page': 'Settings'}
2026-09-12 09:28:37 [INFO] settings.changed
2026-09-12 09:28:39 [INFO] ui.updated {'page': 'Dashboard'}
2026-09-12 09:28:40 [INFO] module.enabled {'module': 'Voice'}
2026-09-12 09:28:40 [INFO] voice.listening.start
2026-09-12 09:28:41 [INFO] voice.speech.start {'session_id': 1}
2026-09-12 09:28:41 [INFO] voice.stt.debug {'trace': 'STT BUFFER session_id=1 chunks=12 samples=5760 duration_ms=360.0 sample_rate=16000 channels=1'}
2026-09-12 09:28:41 [INFO] voice.stt.debug {'trace': 'STT SUBMIT session_id=1'}
2026-09-12 09:28:41 [INFO] voice.stt.debug {'trace': 'STT INFERENCE START session_id=1'}
2026-09-12 09:28:42 [INFO] voice.stt.debug {'trace': 'STT INFERENCE END session_id=1'}
2026-09-12 09:28:42 [INFO] voice.stt.debug {'trace': 'STT RESULT session_id=1 text=". . . . . . . . ." confidence=0.6306639375357792 inference_ms=350.1 total_ms=350.1'}
2026-09-12 09:28:42 [INFO] voice.speech.end {'session_id': 1}
2026-09-12 09:28:42 [INFO] voice.stt.final {'text': '. . . . . . . . .', 'confidence': 0.6306639375357792, 'latency_ms': 350.1, 'inference_ms': 350.1, 'session_id': 1, 'diagnostics': {'sample_rate': 16000, 'channels': 1, 'audio_duration_ms': 360.0, 'audio_rms': 54.309351, 'model': 'base.en', 'device': 'cuda', 'queue_ms': 0.0, 'inference_ms': 350.1, 'total_stt_ms': 350.1, 'num_chunks': 12, 'total_samples': 5760}}
2026-09-12 09:28:42 [INFO] conversation.turn.start {'text': '. . . . . . . . .', 'is_interruption': False, 'turn_id': 1, 'session_id': 1, 'request_id': '705fe033e4b1'}
2026-09-12 09:28:42 [INFO] ai.stream.start {'turn_id': 1, 'session_id': 1, 'request_id': '705fe033e4b1', 'stream_id': 'stream_1_c4a9ff30'}
2026-09-12 09:28:42 [INFO] latency.stt {'ms': 350.1}
2026-09-12 09:28:42 [INFO] voice.speech.start {'session_id': 2}
2026-09-12 09:28:42 [INFO] chat.message.start {'turn_id': 1, 'request_id': '705fe033e4b1', 'role': 'assistant'}
2026-09-12 09:28:42 [INFO] ai.request {'turn_id': 1, 'request_id': '705fe033e4b1', 'stream_id': 'stream_1_0e1ed85e', 'user_text': '. . . . . . . . .', 'prompt_length': 17, 'model': 'llama3.2:1b', 'provider': 'ollama'}
2026-09-12 09:28:42 [INFO] latency.ai.first_token {'ms': 28.2}
2026-09-12 09:28:42 [INFO] chat.message.update {'turn_id': 1, 'length': 1, 'delta_length': 1}
2026-09-12 09:28:42 [INFO] chat.message.update {'turn_id': 1, 'length': 3, 'delta_length': 2}
2026-09-12 09:28:42 [INFO] chat.message.update {'turn_id': 1, 'length': 8, 'delta_length': 5}
2026-09-12 09:28:42 [INFO] chat.message.update {'turn_id': 1, 'length': 11, 'delta_length': 3}
2026-09-12 09:28:42 [INFO] chat.message.update {'turn_id': 1, 'length': 16, 'delta_length': 5}
2026-09-12 09:28:42 [INFO] chat.message.update {'turn_id': 1, 'length': 17, 'delta_length': 1}
2026-09-12 09:28:42 [INFO] tts.speak.start {'text': "I'm here to help.", 'sentence_count': 1}
2026-09-12 09:28:42 [INFO] tts.inference.start {'sentence_index': 0, 'sentence': "I'm here to help."}
2026-09-12 09:28:42 [INFO] voice.interrupt
2026-09-12 09:28:42 [INFO] ai.cancelled {'reason': 'user_cancel'}
2026-09-12 09:28:42 [INFO] conversation.interrupted
2026-09-12 09:28:42 [INFO] tts.inference.end {'sentence_index': 0, 'inference_ms': 50.0, 'sample_rate': 24000, 'samples': 1700, 'duration_ms': 170}
2026-09-12 09:28:42 [INFO] tts.audio.ready {'sentence_index': 0, 'samples': 1700, 'sample_rate': 24000, 'channels': 1, 'duration_ms': 170}
2026-09-12 09:28:42 [INFO] latency.tts.inference {'ms': 50.8}
2026-09-12 09:28:42 [INFO] tts.playback.start {'sentence_index': 0}
2026-09-12 09:28:42 [INFO] tts.playback.end {'sentence_index': 0, 'playback_ms': 1142.857142857143}
2026-09-12 09:28:42 [INFO] tts.speak.done {'text': "I'm here to help."}
2026-09-12 09:28:42 [INFO] ai.cancelled {'reason': 'interrupted', 'turn_id': 1, 'request_id': '705fe033e4b1'}
2026-09-12 09:28:42 [INFO] ai.stream.end {'turn_id': 1, 'session_id': 1, 'request_id': '705fe033e4b1', 'stream_id': 'stream_1_c4a9ff30'}
2026-09-12 09:28:42 [INFO] latency.tts.playback {'ms': 0.0}
2026-09-12 09:28:42 [INFO] latency.ai.total {'ms': 106.2}
2026-09-12 09:28:42 [INFO] latency.overall {'ms': 106.2}
2026-09-12 09:28:42 [INFO] chat.message.final {'turn_id': 1, 'length': 17, 'text': "I'm here to help."}
2026-09-12 09:28:42 [INFO] ui.chat.render {'turn_id': 1, 'role': 'assistant', 'text': "I'm here to help."}
2026-09-12 09:28:42 [INFO] conversation.turn.end {'response': "I'm here to help."}
2026-09-12 09:28:42 [INFO] voice.stt.debug {'trace': 'STT BUFFER session_id=2 chunks=27 samples=12960 duration_ms=810.0 sample_rate=16000 channels=1'}
2026-09-12 09:28:42 [INFO] voice.stt.debug {'trace': 'STT SUBMIT session_id=2'}
2026-09-12 09:28:42 [INFO] voice.stt.debug {'trace': 'STT INFERENCE START session_id=2'}
2026-09-12 09:28:42 [INFO] voice.stt.debug {'trace': 'STT INFERENCE END session_id=2'}
2026-09-12 09:28:42 [INFO] voice.stt.debug {'trace': 'STT RESULT session_id=2 text="What\'s up?" confidence=0.3186383928571429 inference_ms=130.0 total_ms=130.0'}
2026-09-12 09:28:42 [INFO] voice.speech.end {'session_id': 2}
2026-09-12 09:28:42 [INFO] voice.stt.final {'text': "What's up?", 'confidence': 0.3186383928571429, 'latency_ms': 130.0, 'inference_ms': 130.0, 'session_id': 2, 'diagnostics': {'sample_rate': 16000, 'channels': 1, 'audio_duration_ms': 810.0, 'audio_rms': 29.235156, 'model': 'base.en', 'device': 'cuda', 'queue_ms': 0.0, 'inference_ms': 130.0, 'total_stt_ms': 130.0, 'num_chunks': 27, 'total_samples': 12960}}
2026-09-12 09:28:42 [INFO] conversation.turn.start {'text': "What's up?", 'is_interruption': True, 'turn_id': 2, 'session_id': 2, 'request_id': '8d205fe93c62'}
2026-09-12 09:28:42 [INFO] ai.stream.start {'turn_id': 2, 'session_id': 2, 'request_id': '8d205fe93c62', 'stream_id': 'stream_2_5ebfa467'}
2026-09-12 09:28:42 [INFO] latency.stt {'ms': 130.0}
2026-09-12 09:28:42 [INFO] chat.message.start {'turn_id': 2, 'request_id': '8d205fe93c62', 'role': 'assistant'}
2026-09-12 09:28:42 [INFO] ai.request {'turn_id': 2, 'request_id': '8d205fe93c62', 'stream_id': 'stream_2_cc20da36', 'user_text': "What's up?", 'prompt_length': 10, 'model': 'llama3.2:1b', 'provider': 'ollama'}
2026-09-12 09:28:42 [INFO] latency.ai.first_token {'ms': 17.3}
2026-09-12 09:28:42 [INFO] chat.message.update {'turn_id': 2, 'length': 4, 'delta_length': 4}
2026-09-12 09:28:42 [INFO] chat.message.update {'turn_id': 2, 'length': 12, 'delta_length': 8}
2026-09-12 09:28:42 [INFO] chat.message.update {'turn_id': 2, 'length': 16, 'delta_length': 4}
2026-09-12 09:28:42 [INFO] chat.message.update {'turn_id': 2, 'length': 17, 'delta_length': 1}
2026-09-12 09:28:42 [INFO] tts.speak.start {'text': 'Just helping out.', 'sentence_count': 1}
2026-09-12 09:28:42 [INFO] tts.inference.start {'sentence_index': 0, 'sentence': 'Just helping out.'}
2026-09-12 09:28:42 [INFO] tts.inference.end {'sentence_index': 0, 'inference_ms': 50.0, 'sample_rate': 24000, 'samples': 1700, 'duration_ms': 170}
2026-09-12 09:28:42 [INFO] tts.audio.ready {'sentence_index': 0, 'samples': 1700, 'sample_rate': 24000, 'channels': 1, 'duration_ms': 170}
2026-09-12 09:28:42 [INFO] latency.tts.inference {'ms': 50.5}
2026-09-12 09:28:42 [INFO] tts.playback.start {'sentence_index': 0}
2026-09-12 09:28:43 [INFO] tts.playback.end {'sentence_index': 0, 'playback_ms': 857.1428571428571}
2026-09-12 09:28:43 [INFO] tts.speak.done {'text': 'Just helping out.'}
2026-09-12 09:28:43 [INFO] chat.message.update {'turn_id': 2, 'length': 22, 'delta_length': 5}
2026-09-12 09:28:43 [INFO] chat.message.update {'turn_id': 2, 'length': 24, 'delta_length': 2}
2026-09-12 09:28:43 [INFO] chat.message.update {'turn_id': 2, 'length': 27, 'delta_length': 3}
2026-09-12 09:28:43 [INFO] chat.message.update {'turn_id': 2, 'length': 32, 'delta_length': 5}
2026-09-12 09:28:43 [INFO] chat.message.update {'turn_id': 2, 'length': 37, 'delta_length': 5}
2026-09-12 09:28:43 [INFO] chat.message.update {'turn_id': 2, 'length': 38, 'delta_length': 1}
2026-09-12 09:28:43 [INFO] tts.speak.start {'text': " What's on your mind?", 'sentence_count': 1}
2026-09-12 09:28:43 [INFO] tts.inference.start {'sentence_index': 0, 'sentence': "What's on your mind?"}
2026-09-12 09:28:43 [INFO] tts.inference.end {'sentence_index': 0, 'inference_ms': 50.0, 'sample_rate': 24000, 'samples': 2000, 'duration_ms': 200}
2026-09-12 09:28:43 [INFO] tts.audio.ready {'sentence_index': 0, 'samples': 2000, 'sample_rate': 24000, 'channels': 1, 'duration_ms': 200}
2026-09-12 09:28:43 [INFO] latency.tts.inference {'ms': 50.2}
2026-09-12 09:28:43 [INFO] tts.playback.start {'sentence_index': 0}
2026-09-12 09:28:45 [INFO] tts.playback.end {'sentence_index': 0, 'playback_ms': 1142.857142857143}
2026-09-12 09:28:45 [INFO] tts.speak.done {'text': " What's on your mind?"}
2026-09-12 09:28:45 [INFO] ai.stream.done {'turn_id': 2, 'request_id': '8d205fe93c62', 'stream_id': 'stream_2_cc20da36', 'elapsed_seconds': 2.135, 'response_length': 38}
2026-09-12 09:28:45 [INFO] latency.model {'ms': 2134.7, 'turn_id': 2, 'request_id': '8d205fe93c62'}
2026-09-12 09:28:45 [INFO] ai.stream.end {'turn_id': 2, 'session_id': 2, 'request_id': '8d205fe93c62', 'stream_id': 'stream_2_5ebfa467'}
2026-09-12 09:28:45 [INFO] latency.tts.playback {'ms': 0.0}
2026-09-12 09:28:45 [INFO] latency.ai.total {'ms': 2136.8}
2026-09-12 09:28:45 [INFO] latency.overall {'ms': 2136.8}
2026-09-12 09:28:45 [INFO] chat.message.final {'turn_id': 2, 'length': 38, 'text': "Just helping out. What's on your mind?"}
2026-09-12 09:28:45 [INFO] ui.chat.render {'turn_id': 2, 'role': 'assistant', 'text': "Just helping out. What's on your mind?"}
2026-09-12 09:28:45 [INFO] conversation.turn.end {'response': "Just helping out. What's on your mind?"}
2026-09-12 09:28:47 [INFO] voice.listening.stop
2026-09-12 09:50:04 [INFO] module.loaded {'module': 'AI'}
2026-09-12 09:50:04 [INFO] module.enabled {'module': 'AI'}
2026-09-12 09:50:04 [INFO] module.loaded {'module': 'Voice'}
2026-09-12 09:50:04 [INFO] module.enabled {'module': 'Voice'}
2026-09-12 09:50:04 [INFO] ui.updated {'page': 'Dashboard'}
2026-09-12 09:50:04 [INFO] app.started
2026-09-12 09:50:06 [INFO] module.enabled {'module': 'Voice'}
2026-09-12 09:50:06 [INFO] voice.listening.start
2026-09-12 09:50:07 [INFO] voice.speech.start {'session_id': 1}
2026-09-12 09:50:08 [INFO] voice.speech.end {'session_id': 1}
2026-09-12 09:50:08 [INFO] voice.stt.final {'text': 'Hello.', 'confidence': 0.37421875000000004, 'latency_ms': 78.7, 'inference_ms': 78.7, 'session_id': 1, 'diagnostics': {'sample_rate': 16000, 'channels': 1, 'audio_duration_ms': 600.0, 'audio_rms': 22.895662, 'model': 'base.en', 'device': 'cuda', 'queue_ms': 0.0, 'inference_ms': 78.7, 'total_stt_ms': 78.7, 'num_chunks': 20, 'total_samples': 9600}}
2026-09-12 09:50:08 [INFO] conversation.turn.start {'text': 'Hello.', 'is_interruption': False, 'turn_id': 1, 'session_id': 1, 'request_id': 'b9fbcf5b79ac'}
2026-09-12 09:50:08 [INFO] ai.stream.start {'turn_id': 1, 'session_id': 1, 'request_id': 'b9fbcf5b79ac', 'stream_id': 'stream_1_ad0e28d5'}
2026-09-12 09:50:08 [INFO] latency.stt {'ms': 78.7}
2026-09-12 09:50:08 [INFO] chat.message.start {'turn_id': 1, 'request_id': 'b9fbcf5b79ac', 'role': 'assistant'}
2026-09-12 09:50:08 [INFO] ai.request {'turn_id': 1, 'request_id': 'b9fbcf5b79ac', 'stream_id': 'stream_1_e2613745', 'user_text': 'Hello.', 'prompt_length': 6, 'model': 'llama3.2:1b', 'provider': 'ollama'}
2026-09-12 09:50:08 [INFO] latency.ai.first_token {'ms': 17.9}
2026-09-12 09:50:08 [INFO] tts.speak.start {'text': "I'm Saint,", 'sentence_count': 1}
2026-09-12 09:50:08 [INFO] ai.stream.done {'turn_id': 1, 'request_id': 'b9fbcf5b79ac', 'stream_id': 'stream_1_e2613745', 'elapsed_seconds': 0.089, 'response_length': 69}
2026-09-12 09:50:08 [INFO] latency.model {'ms': 89.4, 'turn_id': 1, 'request_id': 'b9fbcf5b79ac'}
2026-09-12 09:50:08 [INFO] ai.stream.end {'turn_id': 1, 'session_id': 1, 'request_id': 'b9fbcf5b79ac', 'stream_id': 'stream_1_ad0e28d5'}
2026-09-12 09:50:09 [INFO] tts.speak.done {'text': "I'm Saint,"}
2026-09-12 09:50:09 [INFO] tts.speak.start {'text': ' your guide through the digital realm.', 'sentence_count': 1}
2026-09-12 09:50:10 [INFO] tts.speak.done {'text': ' your guide through the digital realm.'}
2026-09-12 09:50:10 [INFO] tts.speak.start {'text': " What's on your mind?", 'sentence_count': 1}
2026-09-12 09:50:12 [INFO] tts.speak.done {'text': " What's on your mind?"}
2026-09-12 09:50:12 [INFO] latency.ai.total {'ms': 3623.5}
2026-09-12 09:50:12 [INFO] latency.overall {'ms': 3623.5}
2026-09-12 09:50:12 [INFO] chat.message.final {'turn_id': 1, 'length': 69, 'text': "I'm Saint, your guide through the digital realm. What's on your mind?"}
2026-09-12 09:50:12 [INFO] ui.chat.render {'turn_id': 1, 'role': 'assistant', 'text': "I'm Saint, your guide through the digital realm. What's on your mind?"}
2026-09-12 09:50:12 [INFO] conversation.turn.end {'response': "I'm Saint, your guide through the digital realm. What's on your mind?"}
2026-09-12 09:50:16 [INFO] voice.speech.start {'session_id': 2}
2026-09-12 09:50:16 [INFO] voice.speech.end {'session_id': 2}
2026-09-12 09:50:16 [INFO] voice.stt.final {'text': '. . . . . . . . .', 'confidence': 0.45501077586206895, 'latency_ms': 346.9, 'inference_ms': 346.9, 'session_id': 2, 'diagnostics': {'sample_rate': 16000, 'channels': 1, 'audio_duration_ms': 240.0, 'audio_rms': 43.402654, 'model': 'base.en', 'device': 'cuda', 'queue_ms': 0.0, 'inference_ms': 346.9, 'total_stt_ms': 346.9, 'num_chunks': 8, 'total_samples': 3840}}
2026-09-12 09:50:16 [INFO] conversation.turn.start {'text': '. . . . . . . . .', 'is_interruption': False, 'turn_id': 2, 'session_id': 2, 'request_id': '0acd0c256ed9'}
2026-09-12 09:50:16 [INFO] ai.stream.start {'turn_id': 2, 'session_id': 2, 'request_id': '0acd0c256ed9', 'stream_id': 'stream_2_600e2a5f'}
2026-09-12 09:50:16 [INFO] latency.stt {'ms': 346.9}
2026-09-12 09:50:16 [INFO] chat.message.start {'turn_id': 2, 'request_id': '0acd0c256ed9', 'role': 'assistant'}
2026-09-12 09:50:16 [INFO] ai.request {'turn_id': 2, 'request_id': '0acd0c256ed9', 'stream_id': 'stream_2_b050d2b5', 'user_text': '. . . . . . . . .', 'prompt_length': 17, 'model': 'llama3.2:1b', 'provider': 'ollama'}
2026-09-12 09:50:16 [INFO] latency.ai.first_token {'ms': 16.8}
2026-09-12 09:50:16 [INFO] tts.speak.start {'text': "I see you're in a contemplative space.", 'sentence_count': 1}
2026-09-12 09:50:16 [INFO] ai.stream.done {'turn_id': 2, 'request_id': '0acd0c256ed9', 'stream_id': 'stream_2_b050d2b5', 'elapsed_seconds': 0.085, 'response_length': 59}
2026-09-12 09:50:16 [INFO] latency.model {'ms': 85.4, 'turn_id': 2, 'request_id': '0acd0c256ed9'}
2026-09-12 09:50:16 [INFO] ai.stream.end {'turn_id': 2, 'session_id': 2, 'request_id': '0acd0c256ed9', 'stream_id': 'stream_2_600e2a5f'}
2026-09-12 09:50:18 [INFO] tts.speak.done {'text': "I see you're in a contemplative space."}
2026-09-12 09:50:18 [INFO] tts.speak.start {'text': " What's on your mind?", 'sentence_count': 1}
2026-09-12 09:50:20 [INFO] tts.speak.done {'text': " What's on your mind?"}
2026-09-12 09:50:20 [INFO] latency.ai.total {'ms': 3315.0}
2026-09-12 09:50:20 [INFO] latency.overall {'ms': 3315.0}
2026-09-12 09:50:20 [INFO] chat.message.final {'turn_id': 2, 'length': 59, 'text': "I see you're in a contemplative space. What's on your mind?"}
2026-09-12 09:50:20 [INFO] ui.chat.render {'turn_id': 2, 'role': 'assistant', 'text': "I see you're in a contemplative space. What's on your mind?"}
2026-09-12 09:50:20 [INFO] conversation.turn.end {'response': "I see you're in a contemplative space. What's on your mind?"}
2026-09-12 09:50:26 [INFO] voice.listening.stop
2026-09-12 15:53:14 [INFO] module.loaded {'module': 'AI'}
2026-09-12 15:53:14 [INFO] module.enabled {'module': 'AI'}
2026-09-12 15:53:14 [INFO] module.loaded {'module': 'Voice'}
2026-09-12 15:53:14 [INFO] module.enabled {'module': 'Voice'}
2026-09-12 15:53:14 [INFO] ui.updated {'page': 'Dashboard'}
2026-09-12 15:53:14 [INFO] app.started
2026-09-12 15:53:17 [INFO] module.enabled {'module': 'Voice'}
2026-09-12 15:53:17 [INFO] voice.listening.start
2026-09-12 15:53:18 [INFO] voice.speech.start {'session_id': 1}
2026-09-12 15:53:18 [INFO] voice.speech.end {'session_id': 1}
2026-09-12 15:53:18 [INFO] voice.stt.final {'text': 'Hello?', 'confidence': 0.400390625, 'latency_ms': 84.6, 'inference_ms': 84.6, 'session_id': 1, 'diagnostics': {'sample_rate': 16000, 'channels': 1, 'audio_duration_ms': 450.0, 'audio_rms': 0.074818, 'model': 'base.en', 'device': 'cuda', 'queue_ms': 0.0, 'inference_ms': 84.6, 'total_stt_ms': 84.6, 'num_chunks': 15, 'total_samples': 7200}}
2026-09-12 15:53:18 [INFO] conversation.turn.start {'text': 'Hello?', 'is_interruption': False, 'turn_id': 1, 'session_id': 1, 'request_id': 'de953cb72645'}
2026-09-12 15:53:18 [INFO] ai.stream.start {'turn_id': 1, 'session_id': 1, 'request_id': 'de953cb72645', 'stream_id': 'stream_1_aa3785a0'}
2026-09-12 15:53:18 [INFO] latency.stt {'ms': 84.6}
2026-09-12 15:53:18 [INFO] chat.message.start {'turn_id': 1, 'request_id': 'de953cb72645', 'role': 'assistant'}
2026-09-12 15:53:18 [INFO] ai.provider.test {'provider': 'ollama', 'model': 'llama3.2:1b', 'connected': True, 'details': {'connected': True, 'provider': 'ollama', 'version': '0.34.0'}}
2026-09-12 15:53:18 [INFO] ai.request {'turn_id': 1, 'request_id': 'de953cb72645', 'stream_id': 'stream_1_6d96a595', 'user_text': 'Hello?', 'prompt_length': 6, 'model': 'llama3.2:1b', 'provider': 'ollama', 'conversation_history_length': 2, 'system_prompt': 'You are SAINT, a helpful AI assistant. Be concise. Respond naturally. If the user interrupts you, ad'}
2026-09-12 15:53:18 [INFO] latency.ai.first_token {'ms': 23.2}
2026-09-12 15:53:18 [INFO] tts.request {'turn_id': 1, 'stream_id': 'stream_1_aa3785a0', 'text_length': 10, 'text_preview': "I'm Saint,"}
2026-09-12 15:53:18 [INFO] tts.speak.start {'text': "I'm Saint,", 'sentence_count': 1}
2026-09-12 15:53:18 [INFO] tts.request {'turn_id': 1, 'stream_id': 'stream_1_aa3785a0', 'text_length': 38, 'text_preview': ' your guide through the digital realm.'}
2026-09-12 15:53:19 [INFO] tts.request {'turn_id': 1, 'stream_id': 'stream_1_aa3785a0', 'text_length': 28, 'text_preview': ' How can I assist you today?'}
2026-09-12 15:53:19 [INFO] ai.stream.done {'turn_id': 1, 'request_id': 'de953cb72645', 'stream_id': 'stream_1_6d96a595', 'elapsed_seconds': 0.104, 'response_length': 76}
2026-09-12 15:53:19 [INFO] latency.model {'ms': 104.1, 'turn_id': 1, 'request_id': 'de953cb72645'}
2026-09-12 15:53:19 [INFO] ai.stream.end {'turn_id': 1, 'session_id': 1, 'request_id': 'de953cb72645', 'stream_id': 'stream_1_aa3785a0'}
2026-09-12 15:53:19 [INFO] tts.speak.done {'text': "I'm Saint,"}
2026-09-12 15:53:19 [INFO] tts.speak.start {'text': ' your guide through the digital realm.', 'sentence_count': 1}
2026-09-12 15:53:21 [INFO] tts.speak.done {'text': ' your guide through the digital realm.'}
2026-09-12 15:53:21 [INFO] tts.speak.start {'text': ' How can I assist you today?', 'sentence_count': 1}
2026-09-12 15:53:23 [INFO] tts.speak.done {'text': ' How can I assist you today?'}
2026-09-12 15:53:23 [INFO] latency.ai.total {'ms': 4206.6}
2026-09-12 15:53:23 [INFO] latency.overall {'ms': 4206.6}
2026-09-12 15:53:23 [INFO] chat.message.final {'turn_id': 1, 'length': 76, 'text': "I'm Saint, your guide through the digital realm. How can I assist you today?"}
2026-09-12 15:53:23 [INFO] ui.chat.render {'turn_id': 1, 'role': 'assistant', 'text': "I'm Saint, your guide through the digital realm. How can I assist you today?"}
2026-09-12 15:53:23 [INFO] conversation.turn.end {'response': "I'm Saint, your guide through the digital realm. How can I assist you today?"}
2026-09-12 15:53:27 [INFO] voice.listening.stop
2026-09-12 19:13:25 [INFO] module.loaded {'module': 'AI'}
2026-09-12 19:13:25 [INFO] module.enabled {'module': 'AI'}
2026-09-12 19:13:25 [INFO] module.loaded {'module': 'Voice'}
2026-09-12 19:13:25 [INFO] module.enabled {'module': 'Voice'}
2026-09-12 19:13:26 [INFO] ui.updated {'page': 'Dashboard'}
2026-09-12 19:13:26 [INFO] app.started
2026-09-12 19:13:27 [INFO] module.enabled {'module': 'Voice'}
2026-09-12 19:13:27 [ERROR] error {'error': "Mic open failed: Not an input device: 'Speakers (Echo Show 8-KME)'"}
2026-09-12 19:13:27 [INFO] voice.listening.start
2026-09-12 19:13:43 [INFO] module.enabled {'module': 'Voice'}
2026-09-12 19:13:43 [INFO] voice.listening.start
2026-09-12 19:13:44 [INFO] voice.speech.start {'session_id': 1}
2026-09-12 19:13:44 [INFO] voice.speech.start {'session_id': 2}
2026-09-12 19:13:45 [INFO] voice.speech.end {'session_id': 2}
2026-09-12 19:13:45 [INFO] voice.stt.final {'text': 'Oh, hello.', 'confidence': 0.2606026956013271, 'latency_ms': 91.4, 'inference_ms': 91.4, 'session_id': 2, 'diagnostics': {'sample_rate': 16000, 'channels': 1, 'audio_duration_ms': 600.0, 'audio_rms': 0.242391, 'model': 'base.en', 'device': 'cuda', 'queue_ms': 0.0, 'inference_ms': 91.4, 'total_stt_ms': 91.4, 'num_chunks': 20, 'total_samples': 9600}}
2026-09-12 19:13:45 [INFO] conversation.turn.start {'text': 'Oh, hello.', 'is_interruption': False, 'turn_id': 1, 'session_id': 2, 'request_id': '890e72244176'}
2026-09-12 19:13:45 [INFO] ai.stream.start {'turn_id': 1, 'session_id': 2, 'request_id': '890e72244176', 'stream_id': 'stream_1_17a09844'}
2026-09-12 19:13:45 [INFO] latency.stt {'ms': 91.4}
2026-09-12 19:13:45 [INFO] chat.message.start {'turn_id': 1, 'request_id': '890e72244176', 'role': 'assistant'}
2026-09-12 19:13:45 [INFO] ai.provider.test {'provider': 'ollama', 'model': 'llama3.2:1b', 'connected': True, 'details': {'connected': True, 'provider': 'ollama', 'version': '0.34.0'}}
2026-09-12 19:13:45 [INFO] ai.request {'turn_id': 1, 'request_id': '890e72244176', 'stream_id': 'stream_1_862a18f8', 'user_text': 'Oh, hello.', 'prompt_length': 10, 'model': 'llama3.2:1b', 'provider': 'ollama', 'conversation_history_length': 2, 'system_prompt': 'You are SAINT, a helpful AI assistant. Be concise. Respond naturally. If the user interrupts you, ad'}
2026-09-12 19:13:46 [INFO] latency.ai.first_token {'ms': 33.1}
2026-09-12 19:13:46 [INFO] tts.request {'turn_id': 1, 'stream_id': 'stream_1_17a09844', 'text_length': 8, 'text_preview': 'Welcome.'}
2026-09-12 19:13:46 [INFO] tts.speak.start {'text': 'Welcome.', 'word_count': 1}
2026-09-12 19:13:46 [INFO] tts.request {'turn_id': 1, 'stream_id': 'stream_1_17a09844', 'text_length': 63, 'text_preview': " I can help with any questions or topics you'd like to discuss."}
2026-09-12 19:13:46 [INFO] tts.request {'turn_id': 1, 'stream_id': 'stream_1_17a09844', 'text_length': 21, 'text_preview': " What's on your mind?"}
2026-09-12 19:13:46 [INFO] ai.stream.done {'turn_id': 1, 'request_id': '890e72244176', 'stream_id': 'stream_1_862a18f8', 'elapsed_seconds': 0.162, 'response_length': 92}
2026-09-12 19:13:46 [INFO] latency.model {'ms': 162.2, 'turn_id': 1, 'request_id': '890e72244176'}
2026-09-12 19:13:46 [INFO] ai.stream.end {'turn_id': 1, 'session_id': 2, 'request_id': '890e72244176', 'stream_id': 'stream_1_17a09844'}
2026-09-12 19:13:46 [INFO] tts.speak.done {'text': 'Welcome.'}
2026-09-12 19:13:46 [INFO] tts.speak.start {'text': " I can help with any questions or topics you'd like to discuss.", 'word_count': 12}
2026-09-12 19:13:46 [INFO] voice.speech.end {'session_id': 1}
2026-09-12 19:13:46 [INFO] voice.stt.final {'text': 'Hello, hello.', 'confidence': 0.3325893027441842, 'latency_ms': 266.4, 'inference_ms': 266.4, 'session_id': 1, 'diagnostics': {'sample_rate': 16000, 'channels': 1, 'audio_duration_ms': 540.0, 'audio_rms': 0.259954, 'model': 'base.en', 'device': 'cuda', 'queue_ms': 0.0, 'inference_ms': 266.4, 'total_stt_ms': 266.4, 'num_chunks': 18, 'total_samples': 8640}}
2026-09-12 19:13:46 [INFO] ai.cancelled {'reason': 'user_cancel'}
2026-09-12 19:13:46 [INFO] ai.cancelled {'reason': 'user_cancel'}
2026-09-12 19:13:46 [INFO] latency.stt {'ms': 266.4}
2026-09-12 19:13:46 [INFO] tts.speak.done {'text': " I can help with any questions or topics you'd like to discuss."}
2026-09-12 19:13:46 [INFO] latency.ai.total {'ms': 278.8}
2026-09-12 19:13:46 [INFO] latency.overall {'ms': 278.8}
2026-09-12 19:13:46 [INFO] chat.message.final {'turn_id': 1, 'length': 92, 'text': "Welcome. I can help with any questions or topics you'd like to discuss. What's on your mind?"}
2026-09-12 19:13:46 [INFO] ui.chat.render {'turn_id': 1, 'role': 'assistant', 'text': "Welcome. I can help with any questions or topics you'd like to discuss. What's on your mind?"}
2026-09-12 19:13:46 [INFO] conversation.turn.end {'response': "Welcome. I can help with any questions or topics you'd like to discuss. What's on your mind?"}
2026-09-12 19:13:52 [INFO] voice.listening.stop
2026-09-12 20:33:50 [INFO] module.loaded {'module': 'AI'}
2026-09-12 20:33:50 [INFO] module.enabled {'module': 'AI'}
2026-09-12 20:33:50 [INFO] module.loaded {'module': 'Voice'}
2026-09-12 20:33:50 [INFO] module.enabled {'module': 'Voice'}
2026-09-12 20:33:51 [INFO] ui.updated {'page': 'Dashboard'}
2026-09-12 20:33:51 [INFO] app.started
2026-09-12 20:33:52 [INFO] ui.updated {'page': 'Settings'}
2026-09-12 20:34:13 [INFO] settings.changed
2026-09-12 20:34:14 [INFO] ui.updated {'page': 'Dashboard'}
2026-09-12 20:34:15 [INFO] module.enabled {'module': 'Voice'}
2026-09-12 20:34:15 [INFO] voice.listening.start
2026-09-12 20:34:16 [INFO] voice.speech.start {'session_id': 1}
2026-09-12 20:34:17 [INFO] voice.speech.end {'session_id': 1}
2026-09-12 20:34:17 [INFO] voice.stt.final {'text': 'Hello.', 'confidence': 0.351171875, 'latency_ms': 83.6, 'inference_ms': 83.6, 'session_id': 1, 'diagnostics': {'sample_rate': 16000, 'channels': 1, 'audio_duration_ms': 420.0, 'audio_rms': 0.120897, 'model': 'base.en', 'device': 'cuda', 'queue_ms': 0.0, 'inference_ms': 83.6, 'total_stt_ms': 83.6, 'num_chunks': 14, 'total_samples': 6720}}
2026-09-12 20:34:17 [INFO] conversation.turn.start {'text': 'Hello.', 'is_interruption': False, 'turn_id': 1, 'session_id': 1, 'request_id': 'ff8f1f9f2208'}
2026-09-12 20:34:17 [INFO] ai.stream.start {'turn_id': 1, 'session_id': 1, 'request_id': 'ff8f1f9f2208', 'stream_id': 'stream_1_ec3c95eb'}
2026-09-12 20:34:17 [INFO] latency.stt {'ms': 83.6}
2026-09-12 20:34:17 [INFO] chat.message.start {'turn_id': 1, 'request_id': 'ff8f1f9f2208', 'role': 'assistant'}
2026-09-12 20:34:17 [INFO] ai.provider.test {'provider': 'ollama', 'model': 'llama3.2:1b', 'connected': True, 'details': {'connected': True, 'provider': 'ollama', 'version': '0.34.0'}}
2026-09-12 20:34:17 [INFO] ai.request {'turn_id': 1, 'request_id': 'ff8f1f9f2208', 'stream_id': 'stream_1_2f4a540f', 'user_text': 'Hello.', 'prompt_length': 6, 'model': 'llama3.2:1b', 'provider': 'ollama', 'conversation_history_length': 2, 'system_prompt': 'You are SAINT, a helpful AI assistant. Be concise. Respond naturally. If the user interrupts you, ad'}
2026-09-12 20:34:17 [INFO] latency.ai.first_token {'ms': 23.1}
2026-09-12 20:34:17 [INFO] tts.request {'turn_id': 1, 'stream_id': 'stream_1_ec3c95eb', 'text_length': 27, 'text_preview': 'What do you need help with?'}
2026-09-12 20:34:17 [INFO] ai.stream.done {'turn_id': 1, 'request_id': 'ff8f1f9f2208', 'stream_id': 'stream_1_2f4a540f', 'elapsed_seconds': 0.059, 'response_length': 27}
2026-09-12 20:34:17 [INFO] latency.model {'ms': 59.4, 'turn_id': 1, 'request_id': 'ff8f1f9f2208'}
2026-09-12 20:34:17 [INFO] ai.stream.end {'turn_id': 1, 'session_id': 1, 'request_id': 'ff8f1f9f2208', 'stream_id': 'stream_1_ec3c95eb'}
2026-09-12 20:34:17 [INFO] latency.ai.total {'ms': 63.5}
2026-09-12 20:34:17 [INFO] latency.overall {'ms': 63.5}
2026-09-12 20:34:17 [INFO] chat.message.final {'turn_id': 1, 'length': 27, 'text': 'What do you need help with?'}
2026-09-12 20:34:17 [INFO] ui.chat.render {'turn_id': 1, 'role': 'assistant', 'text': 'What do you need help with?'}
2026-09-12 20:34:17 [INFO] conversation.turn.end {'response': 'What do you need help with?'}
2026-09-12 20:34:19 [INFO] voice.speech.start {'session_id': 2}
2026-09-12 20:34:20 [INFO] voice.stt.skip {'session_id': 2, 'reason': 'insufficient_speech', 'speech_frames': 3, 'total_frames': 9, 'speech_ratio': 0.333, 'rms': 0.014951}
2026-09-12 20:34:20 [INFO] voice.speech.start {'session_id': 3}
2026-09-12 20:34:20 [INFO] voice.stt.skip {'session_id': 3, 'reason': 'insufficient_speech', 'speech_frames': 5, 'total_frames': 11, 'speech_ratio': 0.455, 'rms': 0.02906}
2026-09-12 20:34:24 [INFO] tts.error {'error': "Could not load Qwen TTS model: Qwen/Qwen3-TTS is not a local folder and is not a valid model identifier listed on 'https://huggingface.co/models'\nIf this is a private repository, make sure to pass a token having permission to this repo either by logging in with `hf auth login` or by passing `token=<your_token>`", 'turn_id': 1}
2026-09-12 20:34:26 [INFO] voice.listening.stop
2026-09-12 20:37:00 [INFO] module.loaded {'module': 'AI'}
2026-09-12 20:37:00 [INFO] module.enabled {'module': 'AI'}
2026-09-12 20:37:00 [INFO] module.loaded {'module': 'Voice'}
2026-09-12 20:37:00 [INFO] module.enabled {'module': 'Voice'}
2026-09-12 20:37:01 [INFO] ui.updated {'page': 'Dashboard'}
2026-09-12 20:37:01 [INFO] app.started
2026-09-12 20:37:02 [INFO] ui.updated {'page': 'Settings'}
2026-09-12 20:37:10 [INFO] settings.changed
2026-09-12 20:37:12 [INFO] ui.updated {'page': 'Dashboard'}
2026-09-12 20:37:13 [INFO] module.enabled {'module': 'Voice'}
2026-09-12 20:37:13 [INFO] voice.listening.start
2026-09-12 20:37:13 [INFO] voice.speech.start {'session_id': 1}
2026-09-12 20:37:14 [INFO] voice.speech.end {'session_id': 1}
2026-09-12 20:37:14 [INFO] voice.stt.final {'text': 'Hello.', 'confidence': 0.26953125, 'latency_ms': 78.5, 'inference_ms': 78.5, 'session_id': 1, 'diagnostics': {'sample_rate': 16000, 'channels': 1, 'audio_duration_ms': 390.0, 'audio_rms': 0.048084, 'model': 'base.en', 'device': 'cuda', 'queue_ms': 0.0, 'inference_ms': 78.5, 'total_stt_ms': 78.5, 'num_chunks': 13, 'total_samples': 6240}}
2026-09-12 20:37:14 [INFO] conversation.turn.start {'text': 'Hello.', 'is_interruption': False, 'turn_id': 1, 'session_id': 1, 'request_id': 'c44e5dd664c4'}
2026-09-12 20:37:14 [INFO] ai.stream.start {'turn_id': 1, 'session_id': 1, 'request_id': 'c44e5dd664c4', 'stream_id': 'stream_1_bb18cc67'}
2026-09-12 20:37:14 [INFO] latency.stt {'ms': 78.5}
2026-09-12 20:37:14 [INFO] chat.message.start {'turn_id': 1, 'request_id': 'c44e5dd664c4', 'role': 'assistant'}
2026-09-12 20:37:14 [INFO] ai.provider.test {'provider': 'ollama', 'model': 'llama3.2:1b', 'connected': True, 'details': {'connected': True, 'provider': 'ollama', 'version': '0.34.0'}}
2026-09-12 20:37:14 [INFO] ai.request {'turn_id': 1, 'request_id': 'c44e5dd664c4', 'stream_id': 'stream_1_6f20356a', 'user_text': 'Hello.', 'prompt_length': 6, 'model': 'llama3.2:1b', 'provider': 'ollama', 'conversation_history_length': 2, 'system_prompt': 'You are SAINT, a helpful AI assistant. Be concise. Respond naturally. If the user interrupts you, ad'}
2026-09-12 20:37:14 [INFO] latency.ai.first_token {'ms': 17.8}
2026-09-12 20:37:14 [INFO] tts.request {'turn_id': 1, 'stream_id': 'stream_1_bb18cc67', 'text_length': 26, 'text_preview': "What's on your mind today?"}
2026-09-12 20:37:14 [INFO] ai.stream.done {'turn_id': 1, 'request_id': 'c44e5dd664c4', 'stream_id': 'stream_1_6f20356a', 'elapsed_seconds': 0.047, 'response_length': 26}
2026-09-12 20:37:14 [INFO] latency.model {'ms': 47.0, 'turn_id': 1, 'request_id': 'c44e5dd664c4'}
2026-09-12 20:37:14 [INFO] ai.stream.end {'turn_id': 1, 'session_id': 1, 'request_id': 'c44e5dd664c4', 'stream_id': 'stream_1_bb18cc67'}
2026-09-12 20:37:14 [INFO] latency.ai.total {'ms': 51.5}
2026-09-12 20:37:14 [INFO] latency.overall {'ms': 51.5}
2026-09-12 20:37:14 [INFO] chat.message.final {'turn_id': 1, 'length': 26, 'text': "What's on your mind today?"}
2026-09-12 20:37:14 [INFO] ui.chat.render {'turn_id': 1, 'role': 'assistant', 'text': "What's on your mind today?"}
2026-09-12 20:37:14 [INFO] conversation.turn.end {'response': "What's on your mind today?"}
2026-09-12 20:37:17 [INFO] voice.speech.start {'session_id': 2}
2026-09-12 20:37:18 [INFO] voice.speech.end {'session_id': 2}
2026-09-12 20:37:18 [INFO] voice.stt.final {'text': "What's up?", 'confidence': 0.55775671345847, 'latency_ms': 93.1, 'inference_ms': 93.1, 'session_id': 2, 'diagnostics': {'sample_rate': 16000, 'channels': 1, 'audio_duration_ms': 450.0, 'audio_rms': 0.056309, 'model': 'base.en', 'device': 'cuda', 'queue_ms': 0.0, 'inference_ms': 93.1, 'total_stt_ms': 93.1, 'num_chunks': 15, 'total_samples': 7200}}
2026-09-12 20:37:18 [INFO] conversation.turn.start {'text': "What's up?", 'is_interruption': False, 'turn_id': 2, 'session_id': 2, 'request_id': '1d784bec4e95'}
2026-09-12 20:37:18 [INFO] ai.stream.start {'turn_id': 2, 'session_id': 2, 'request_id': '1d784bec4e95', 'stream_id': 'stream_2_d5c3120d'}
2026-09-12 20:37:18 [INFO] latency.stt {'ms': 93.1}
2026-09-12 20:37:18 [INFO] chat.message.start {'turn_id': 2, 'request_id': '1d784bec4e95', 'role': 'assistant'}
2026-09-12 20:37:18 [INFO] ai.request {'turn_id': 2, 'request_id': '1d784bec4e95', 'stream_id': 'stream_2_ec5a1d75', 'user_text': "What's up?", 'prompt_length': 10, 'model': 'llama3.2:1b', 'provider': 'ollama', 'conversation_history_length': 4, 'system_prompt': 'You are SAINT, a helpful AI assistant. Be concise. Respond naturally. If the user interrupts you, ad'}
2026-09-12 20:37:18 [INFO] latency.ai.first_token {'ms': 51.7}
2026-09-12 20:37:18 [INFO] tts.request {'turn_id': 2, 'stream_id': 'stream_2_d5c3120d', 'text_length': 9, 'text_preview': 'Not much.'}
2026-09-12 20:37:18 [INFO] tts.request {'turn_id': 2, 'stream_id': 'stream_2_d5c3120d', 'text_length': 19, 'text_preview': ' Just here to help.'}
2026-09-12 20:37:18 [INFO] tts.request {'turn_id': 2, 'stream_id': 'stream_2_d5c3120d', 'text_length': 34, 'text_preview': ' What do you need assistance with?'}
2026-09-12 20:37:18 [INFO] ai.stream.done {'turn_id': 2, 'request_id': '1d784bec4e95', 'stream_id': 'stream_2_ec5a1d75', 'elapsed_seconds': 0.089, 'response_length': 62}
2026-09-12 20:37:18 [INFO] latency.model {'ms': 89.0, 'turn_id': 2, 'request_id': '1d784bec4e95'}
2026-09-12 20:37:18 [INFO] ai.stream.end {'turn_id': 2, 'session_id': 2, 'request_id': '1d784bec4e95', 'stream_id': 'stream_2_d5c3120d'}
2026-09-12 20:37:54 [INFO] tts.error {'error': 'Could not load Qwen TTS model: FlashAttention2 has been toggled on, but it cannot be used due to the following error: the package flash_attn seems to be not installed. Please refer to the documentation of https://huggingface.co/docs/transformers/perf_infer_gpu_one#flashattention-2 to install Flash Attention 2.', 'turn_id': 1}
2026-09-12 20:37:54 [INFO] tts.error {'error': 'Could not load Qwen TTS model: FlashAttention2 has been toggled on, but it cannot be used due to the following error: the package flash_attn seems to be not installed. Please refer to the documentation of https://huggingface.co/docs/transformers/perf_infer_gpu_one#flashattention-2 to install Flash Attention 2.', 'turn_id': 2}
2026-09-12 20:37:54 [INFO] tts.error {'error': 'Could not load Qwen TTS model: FlashAttention2 has been toggled on, but it cannot be used due to the following error: the package flash_attn seems to be not installed. Please refer to the documentation of https://huggingface.co/docs/transformers/perf_infer_gpu_one#flashattention-2 to install Flash Attention 2.', 'turn_id': 2}
2026-09-12 20:37:54 [INFO] latency.ai.total {'ms': 36601.5}
2026-09-12 20:37:54 [INFO] latency.overall {'ms': 36601.5}
2026-09-12 20:37:54 [INFO] chat.message.final {'turn_id': 2, 'length': 62, 'text': 'Not much. Just here to help. What do you need assistance with?'}
2026-09-12 20:37:54 [INFO] ui.chat.render {'turn_id': 2, 'role': 'assistant', 'text': 'Not much. Just here to help. What do you need assistance with?'}
2026-09-12 20:37:54 [INFO] conversation.turn.end {'response': 'Not much. Just here to help. What do you need assistance with?'}
2026-09-12 20:37:54 [INFO] tts.error {'error': 'Could not load Qwen TTS model: FlashAttention2 has been toggled on, but it cannot be used due to the following error: the package flash_attn seems to be not installed. Please refer to the documentation of https://huggingface.co/docs/transformers/perf_infer_gpu_one#flashattention-2 to install Flash Attention 2.', 'turn_id': 2}
2026-09-12 20:38:03 [INFO] voice.speech.start {'session_id': 3}
2026-09-12 20:38:04 [INFO] voice.speech.end {'session_id': 3}
2026-09-12 20:38:04 [INFO] voice.stt.final {'text': 'Is it working?', 'confidence': 0.5206473043986729, 'latency_ms': 104.9, 'inference_ms': 104.8, 'session_id': 3, 'diagnostics': {'sample_rate': 16000, 'channels': 1, 'audio_duration_ms': 690.0, 'audio_rms': 0.035923, 'model': 'base.en', 'device': 'cuda', 'queue_ms': 0.0, 'inference_ms': 104.8, 'total_stt_ms': 104.9, 'num_chunks': 23, 'total_samples': 11040}}
2026-09-12 20:38:04 [INFO] conversation.turn.start {'text': 'Is it working?', 'is_interruption': False, 'turn_id': 3, 'session_id': 3, 'request_id': '029b4f85b8df'}
2026-09-12 20:38:04 [INFO] ai.stream.start {'turn_id': 3, 'session_id': 3, 'request_id': '029b4f85b8df', 'stream_id': 'stream_3_8cdc9b6a'}
2026-09-12 20:38:04 [INFO] latency.stt {'ms': 104.9}
2026-09-12 20:38:04 [INFO] chat.message.start {'turn_id': 3, 'request_id': '029b4f85b8df', 'role': 'assistant'}
2026-09-12 20:38:04 [INFO] ai.request {'turn_id': 3, 'request_id': '029b4f85b8df', 'stream_id': 'stream_3_431489db', 'user_text': 'Is it working?', 'prompt_length': 14, 'model': 'llama3.2:1b', 'provider': 'ollama', 'conversation_history_length': 6, 'system_prompt': 'You are SAINT, a helpful AI assistant. Be concise. Respond naturally. If the user interrupts you, ad'}
2026-09-12 20:38:04 [INFO] latency.ai.first_token {'ms': 20.1}
2026-09-12 20:38:04 [INFO] tts.request {'turn_id': 3, 'stream_id': 'stream_3_8cdc9b6a', 'text_length': 13, 'text_preview': "It's working."}
2026-09-12 20:38:04 [INFO] tts.request {'turn_id': 3, 'stream_id': 'stream_3_8cdc9b6a', 'text_length': 39, 'text_preview': " What's your current issue or question?"}
2026-09-12 20:38:04 [INFO] ai.stream.done {'turn_id': 3, 'request_id': '029b4f85b8df', 'stream_id': 'stream_3_431489db', 'elapsed_seconds': 0.075, 'response_length': 52}
2026-09-12 20:38:04 [INFO] latency.model {'ms': 75.4, 'turn_id': 3, 'request_id': '029b4f85b8df'}
2026-09-12 20:38:04 [INFO] ai.stream.end {'turn_id': 3, 'session_id': 3, 'request_id': '029b4f85b8df', 'stream_id': 'stream_3_8cdc9b6a'}
2026-09-12 20:38:05 [INFO] tts.error {'error': 'Could not load Qwen TTS model: FlashAttention2 has been toggled on, but it cannot be used due to the following error: the package flash_attn seems to be not installed. Please refer to the documentation of https://huggingface.co/docs/transformers/perf_infer_gpu_one#flashattention-2 to install Flash Attention 2.', 'turn_id': 3}
2026-09-12 20:38:05 [INFO] latency.ai.total {'ms': 129.2}
2026-09-12 20:38:05 [INFO] latency.overall {'ms': 129.2}
2026-09-12 20:38:05 [INFO] chat.message.final {'turn_id': 3, 'length': 52, 'text': "It's working. What's your current issue or question?"}
2026-09-12 20:38:05 [INFO] ui.chat.render {'turn_id': 3, 'role': 'assistant', 'text': "It's working. What's your current issue or question?"}
2026-09-12 20:38:05 [INFO] conversation.turn.end {'response': "It's working. What's your current issue or question?"}
2026-09-12 20:38:05 [INFO] tts.error {'error': 'Could not load Qwen TTS model: FlashAttention2 has been toggled on, but it cannot be used due to the following error: the package flash_attn seems to be not installed. Please refer to the documentation of https://huggingface.co/docs/transformers/perf_infer_gpu_one#flashattention-2 to install Flash Attention 2.', 'turn_id': 3}
2026-09-12 20:38:08 [INFO] voice.listening.stop
2026-09-12 20:38:08 [INFO] module.enabled {'module': 'Voice'}
2026-09-12 20:38:08 [INFO] voice.listening.start
2026-09-13 00:02:53 [INFO] module.loaded {'module': 'AI'}
2026-09-13 00:02:53 [INFO] module.enabled {'module': 'AI'}
2026-09-13 00:02:53 [INFO] module.loaded {'module': 'Voice'}
2026-09-13 00:02:53 [INFO] module.enabled {'module': 'Voice'}
2026-09-13 00:02:54 [INFO] ui.updated {'page': 'Dashboard'}
2026-09-13 00:02:54 [INFO] app.started
2026-09-13 00:02:57 [INFO] module.enabled {'module': 'Voice'}
2026-09-13 00:02:58 [INFO] voice.listening.start
2026-09-13 00:02:58 [INFO] voice.speech.start {'session_id': 1}
2026-09-13 00:02:59 [INFO] voice.speech.end {'session_id': 1}
2026-09-13 00:02:59 [INFO] voice.stt.final {'text': 'Hello.', 'confidence': 0.34921875, 'latency_ms': 78.5, 'inference_ms': 78.5, 'session_id': 1, 'diagnostics': {'sample_rate': 16000, 'channels': 1, 'audio_duration_ms': 390.0, 'audio_rms': 0.038515, 'model': 'base.en', 'device': 'cuda', 'queue_ms': 0.0, 'inference_ms': 78.5, 'total_stt_ms': 78.5, 'num_chunks': 13, 'total_samples': 6240}}
2026-09-13 00:02:59 [INFO] conversation.turn.start {'text': 'Hello.', 'is_interruption': False, 'turn_id': 1, 'session_id': 1, 'request_id': '90ec1a3d4d5b'}
2026-09-13 00:02:59 [INFO] ai.stream.start {'turn_id': 1, 'session_id': 1, 'request_id': '90ec1a3d4d5b', 'stream_id': 'stream_1_ea3bc037'}
2026-09-13 00:02:59 [INFO] latency.stt {'ms': 78.5}
2026-09-13 00:02:59 [INFO] chat.message.start {'turn_id': 1, 'request_id': '90ec1a3d4d5b', 'role': 'assistant'}
2026-09-13 00:02:59 [INFO] ai.provider.test {'provider': 'ollama', 'model': 'llama3.2:1b', 'connected': True, 'details': {'connected': True, 'provider': 'ollama', 'version': '0.34.0'}}
2026-09-13 00:02:59 [INFO] ai.request {'turn_id': 1, 'request_id': '90ec1a3d4d5b', 'stream_id': 'stream_1_80af3032', 'user_text': 'Hello.', 'prompt_length': 6, 'model': 'llama3.2:1b', 'provider': 'ollama', 'conversation_history_length': 2, 'system_prompt': 'You are SAINT, a helpful AI assistant. Be concise. Respond naturally. If the user interrupts you, ad'}
2026-09-13 00:02:59 [INFO] latency.ai.first_token {'ms': 23.0}
2026-09-13 00:02:59 [INFO] tts.request {'turn_id': 1, 'stream_id': 'stream_1_ea3bc037', 'text_length': 20, 'text_preview': "What's on your mind?"}
2026-09-13 00:02:59 [INFO] ai.stream.done {'turn_id': 1, 'request_id': '90ec1a3d4d5b', 'stream_id': 'stream_1_80af3032', 'elapsed_seconds': 0.048, 'response_length': 20}
2026-09-13 00:02:59 [INFO] latency.model {'ms': 47.6, 'turn_id': 1, 'request_id': '90ec1a3d4d5b'}
2026-09-13 00:02:59 [INFO] ai.stream.end {'turn_id': 1, 'session_id': 1, 'request_id': '90ec1a3d4d5b', 'stream_id': 'stream_1_ea3bc037'}
2026-09-13 00:02:59 [INFO] latency.ai.total {'ms': 52.4}
2026-09-13 00:02:59 [INFO] latency.overall {'ms': 52.5}
2026-09-13 00:02:59 [INFO] chat.message.final {'turn_id': 1, 'length': 20, 'text': "What's on your mind?"}
2026-09-13 00:02:59 [INFO] ui.chat.render {'turn_id': 1, 'role': 'assistant', 'text': "What's on your mind?"}
2026-09-13 00:02:59 [INFO] conversation.turn.end {'response': "What's on your mind?"}
2026-09-13 00:03:01 [INFO] voice.listening.stop
2026-09-13 00:03:11 [INFO] tts.speak.start {'text': "What's on your mind?", 'word_count': 4}
2026-09-13 00:03:26 [INFO] module.enabled {'module': 'Voice'}
2026-09-13 00:03:26 [INFO] voice.listening.start
2026-09-13 00:03:27 [INFO] voice.speech.start {'session_id': 2}
2026-09-13 00:03:28 [INFO] voice.speech.end {'session_id': 2}
2026-09-13 00:03:28 [INFO] voice.stt.final {'text': 'Hello.', 'confidence': 0.28828125000000004, 'latency_ms': 124.8, 'inference_ms': 124.8, 'session_id': 2, 'diagnostics': {'sample_rate': 16000, 'channels': 1, 'audio_duration_ms': 420.0, 'audio_rms': 0.052494, 'model': 'base.en', 'device': 'cuda', 'queue_ms': 0.0, 'inference_ms': 124.8, 'total_stt_ms': 124.8, 'num_chunks': 14, 'total_samples': 6720}}
2026-09-13 00:03:28 [INFO] conversation.turn.start {'text': 'Hello.', 'is_interruption': False, 'turn_id': 2, 'session_id': 2, 'request_id': 'a113e315539c'}
2026-09-13 00:03:28 [INFO] ai.stream.start {'turn_id': 2, 'session_id': 2, 'request_id': 'a113e315539c', 'stream_id': 'stream_2_be37e146'}
2026-09-13 00:03:28 [INFO] latency.stt {'ms': 124.8}
2026-09-13 00:03:28 [INFO] chat.message.start {'turn_id': 2, 'request_id': 'a113e315539c', 'role': 'assistant'}
2026-09-13 00:03:28 [INFO] ai.request {'turn_id': 2, 'request_id': 'a113e315539c', 'stream_id': 'stream_2_44cf61cf', 'user_text': 'Hello.', 'prompt_length': 6, 'model': 'llama3.2:1b', 'provider': 'ollama', 'conversation_history_length': 4, 'system_prompt': 'You are SAINT, a helpful AI assistant. Be concise. Respond naturally. If the user interrupts you, ad'}
2026-09-13 00:03:28 [INFO] latency.ai.first_token {'ms': 22.8}
2026-09-13 00:03:28 [INFO] tts.request {'turn_id': 2, 'stream_id': 'stream_2_be37e146', 'text_length': 27, 'text_preview': 'What do you need help with?'}
2026-09-13 00:03:28 [INFO] ai.stream.done {'turn_id': 2, 'request_id': 'a113e315539c', 'stream_id': 'stream_2_44cf61cf', 'elapsed_seconds': 0.061, 'response_length': 27}
2026-09-13 00:03:28 [INFO] latency.model {'ms': 60.7, 'turn_id': 2, 'request_id': 'a113e315539c'}
2026-09-13 00:03:28 [INFO] ai.stream.end {'turn_id': 2, 'session_id': 2, 'request_id': 'a113e315539c', 'stream_id': 'stream_2_be37e146'}
2026-09-13 00:03:29 [INFO] voice.interrupt
2026-09-13 00:03:29 [INFO] ai.cancelled {'reason': 'user_cancel'}
2026-09-13 00:03:29 [INFO] conversation.interrupted
2026-09-13 00:03:29 [INFO] voice.speech.start {'session_id': 3}
2026-09-13 00:03:29 [INFO] voice.interrupt
2026-09-13 00:03:29 [INFO] voice.interrupt
2026-09-13 00:03:29 [INFO] voice.interrupt
2026-09-13 00:03:29 [INFO] voice.interrupt
2026-09-13 00:03:29 [INFO] voice.interrupt
2026-09-13 00:03:29 [INFO] tts.speak.done {'text': "What's on your mind?"}
2026-09-13 00:03:29 [INFO] latency.ai.total {'ms': 1729.6}
2026-09-13 00:03:29 [INFO] latency.overall {'ms': 1729.6}
2026-09-13 00:03:29 [INFO] chat.message.final {'turn_id': 2, 'length': 27, 'text': 'What do you need help with?'}
2026-09-13 00:03:29 [INFO] ui.chat.render {'turn_id': 2, 'role': 'assistant', 'text': 'What do you need help with?'}
2026-09-13 00:03:29 [INFO] conversation.turn.end {'response': 'What do you need help with?'}
2026-09-13 00:03:30 [INFO] voice.speech.end {'session_id': 3}
2026-09-13 00:03:30 [INFO] voice.stt.final {'text': 'Whoa!', 'confidence': 0.0, 'latency_ms': 445.4, 'inference_ms': 445.3, 'session_id': 3, 'diagnostics': {'sample_rate': 16000, 'channels': 1, 'audio_duration_ms': 690.0, 'audio_rms': 0.049247, 'model': 'base.en', 'device': 'cuda', 'queue_ms': 0.0, 'inference_ms': 445.3, 'total_stt_ms': 445.4, 'num_chunks': 23, 'total_samples': 11040}}
2026-09-13 00:03:30 [INFO] conversation.turn.start {'text': 'Whoa!', 'is_interruption': True, 'turn_id': 3, 'session_id': 3, 'request_id': 'ffde655a4ad2'}
2026-09-13 00:03:30 [INFO] ai.stream.start {'turn_id': 3, 'session_id': 3, 'request_id': 'ffde655a4ad2', 'stream_id': 'stream_3_c8c1da3c'}
2026-09-13 00:03:30 [INFO] latency.stt {'ms': 445.4}
2026-09-13 00:03:30 [INFO] voice.speech.start {'session_id': 4}
2026-09-13 00:03:30 [INFO] chat.message.start {'turn_id': 3, 'request_id': 'ffde655a4ad2', 'role': 'assistant'}
2026-09-13 00:03:30 [INFO] ai.request {'turn_id': 3, 'request_id': 'ffde655a4ad2', 'stream_id': 'stream_3_748a6f1b', 'user_text': 'Whoa!', 'prompt_length': 5, 'model': 'llama3.2:1b', 'provider': 'ollama', 'conversation_history_length': 6, 'system_prompt': 'You are SAINT, a helpful AI assistant. Be concise. Respond naturally. If the user interrupts you, ad'}
2026-09-13 00:03:30 [INFO] latency.ai.first_token {'ms': 22.3}
2026-09-13 00:03:30 [INFO] tts.request {'turn_id': 3, 'stream_id': 'stream_3_c8c1da3c', 'text_length': 41, 'text_preview': "I think we've got a bit of a pause there."}
2026-09-13 00:03:30 [INFO] tts.speak.start {'text': "I think we've got a bit of a pause there.", 'word_count': 10}
2026-09-13 00:03:30 [INFO] ai.stream.done {'turn_id': 3, 'request_id': 'ffde655a4ad2', 'stream_id': 'stream_3_748a6f1b', 'elapsed_seconds': 0.076, 'response_length': 41}
2026-09-13 00:03:30 [INFO] latency.model {'ms': 76.5, 'turn_id': 3, 'request_id': 'ffde655a4ad2'}
2026-09-13 00:03:30 [INFO] ai.stream.end {'turn_id': 3, 'session_id': 3, 'request_id': 'ffde655a4ad2', 'stream_id': 'stream_3_c8c1da3c'}
2026-09-13 00:03:30 [INFO] voice.interrupt
2026-09-13 00:03:30 [INFO] ai.cancelled {'reason': 'user_cancel'}
2026-09-13 00:03:30 [INFO] conversation.interrupted
2026-09-13 00:03:30 [INFO] latency.ai.total {'ms': 99.7}
2026-09-13 00:03:30 [INFO] latency.overall {'ms': 100.1}
2026-09-13 00:03:30 [INFO] chat.message.final {'turn_id': 3, 'length': 41, 'text': "I think we've got a bit of a pause there."}
2026-09-13 00:03:30 [INFO] ui.chat.render {'turn_id': 3, 'role': 'assistant', 'text': "I think we've got a bit of a pause there."}
2026-09-13 00:03:30 [INFO] conversation.turn.end {'response': "I think we've got a bit of a pause there."}
2026-09-13 00:03:31 [INFO] voice.listening.stop
2026-09-13 00:03:33 [INFO] tts.speak.done {'text': "I think we've got a bit of a pause there."}
2026-09-13 00:03:43 [INFO] module.enabled {'module': 'Voice'}
2026-09-13 00:03:43 [INFO] voice.listening.start
2026-09-13 00:03:44 [INFO] voice.speech.start {'session_id': 5}
2026-09-13 00:03:45 [INFO] voice.speech.end {'session_id': 5}
2026-09-13 00:03:45 [INFO] voice.stt.final {'text': 'Is this working?', 'confidence': 0.5259486777441842, 'latency_ms': 98.0, 'inference_ms': 98.0, 'session_id': 5, 'diagnostics': {'sample_rate': 16000, 'channels': 1, 'audio_duration_ms': 960.0, 'audio_rms': 0.038746, 'model': 'base.en', 'device': 'cuda', 'queue_ms': 0.0, 'inference_ms': 98.0, 'total_stt_ms': 98.0, 'num_chunks': 32, 'total_samples': 15360}}
2026-09-13 00:03:45 [INFO] conversation.turn.start {'text': 'Is this working?', 'is_interruption': True, 'turn_id': 4, 'session_id': 5, 'request_id': 'eef45e5a8e55'}
2026-09-13 00:03:45 [INFO] ai.stream.start {'turn_id': 4, 'session_id': 5, 'request_id': 'eef45e5a8e55', 'stream_id': 'stream_4_7edfd0c6'}
2026-09-13 00:03:45 [INFO] latency.stt {'ms': 98.0}
2026-09-13 00:03:45 [INFO] chat.message.start {'turn_id': 4, 'request_id': 'eef45e5a8e55', 'role': 'assistant'}
2026-09-13 00:03:45 [INFO] ai.request {'turn_id': 4, 'request_id': 'eef45e5a8e55', 'stream_id': 'stream_4_42b5f243', 'user_text': 'Is this working?', 'prompt_length': 16, 'model': 'llama3.2:1b', 'provider': 'ollama', 'conversation_history_length': 8, 'system_prompt': 'You are SAINT, a helpful AI assistant. Be concise. Respond naturally. If the user interrupts you, ad'}
2026-09-13 00:03:45 [INFO] latency.ai.first_token {'ms': 22.3}
2026-09-13 00:03:45 [INFO] tts.request {'turn_id': 4, 'stream_id': 'stream_4_7edfd0c6', 'text_length': 17, 'text_preview': "I'm here to help."}
2026-09-13 00:03:45 [INFO] tts.speak.start {'text': "I'm here to help.", 'word_count': 4}
2026-09-13 00:03:45 [INFO] ai.stream.done {'turn_id': 4, 'request_id': 'eef45e5a8e55', 'stream_id': 'stream_4_42b5f243', 'elapsed_seconds': 0.054, 'response_length': 17}
2026-09-13 00:03:45 [INFO] latency.model {'ms': 54.0, 'turn_id': 4, 'request_id': 'eef45e5a8e55'}
2026-09-13 00:03:45 [INFO] ai.stream.end {'turn_id': 4, 'session_id': 5, 'request_id': 'eef45e5a8e55', 'stream_id': 'stream_4_7edfd0c6'}
2026-09-13 00:03:48 [INFO] voice.interrupt
2026-09-13 00:03:48 [INFO] ai.cancelled {'reason': 'user_cancel'}
2026-09-13 00:03:48 [INFO] conversation.interrupted
2026-09-13 00:03:48 [INFO] voice.speech.start {'session_id': 6}
2026-09-13 00:03:48 [INFO] latency.ai.total {'ms': 2994.5}
2026-09-13 00:03:48 [INFO] latency.overall {'ms': 2994.6}
2026-09-13 00:03:48 [INFO] chat.message.final {'turn_id': 4, 'length': 17, 'text': "I'm here to help."}
2026-09-13 00:03:48 [INFO] ui.chat.render {'turn_id': 4, 'role': 'assistant', 'text': "I'm here to help."}
2026-09-13 00:03:48 [INFO] conversation.turn.end {'response': "I'm here to help."}
2026-09-13 00:03:49 [INFO] voice.speech.end {'session_id': 6}
2026-09-13 00:03:49 [INFO] voice.stt.final {'text': 'Bye.', 'confidence': 0.46210937500000004, 'latency_ms': 184.1, 'inference_ms': 184.0, 'session_id': 6, 'diagnostics': {'sample_rate': 16000, 'channels': 1, 'audio_duration_ms': 300.0, 'audio_rms': 0.01914, 'model': 'base.en', 'device': 'cuda', 'queue_ms': 0.0, 'inference_ms': 184.0, 'total_stt_ms': 184.1, 'num_chunks': 10, 'total_samples': 4800}}
2026-09-13 00:03:49 [INFO] conversation.turn.start {'text': 'Bye.', 'is_interruption': True, 'turn_id': 5, 'session_id': 6, 'request_id': 'bb4f64668f9d'}
2026-09-13 00:03:49 [INFO] ai.stream.start {'turn_id': 5, 'session_id': 6, 'request_id': 'bb4f64668f9d', 'stream_id': 'stream_5_76a59326'}
2026-09-13 00:03:49 [INFO] latency.stt {'ms': 184.1}
2026-09-13 00:03:49 [INFO] chat.message.start {'turn_id': 5, 'request_id': 'bb4f64668f9d', 'role': 'assistant'}
2026-09-13 00:03:49 [INFO] ai.request {'turn_id': 5, 'request_id': 'bb4f64668f9d', 'stream_id': 'stream_5_43a5a02b', 'user_text': 'Bye.', 'prompt_length': 4, 'model': 'llama3.2:1b', 'provider': 'ollama', 'conversation_history_length': 10, 'system_prompt': 'You are SAINT, a helpful AI assistant. Be concise. Respond naturally. If the user interrupts you, ad'}
2026-09-13 00:03:49 [INFO] latency.ai.first_token {'ms': 28.6}
2026-09-13 00:03:49 [INFO] tts.request {'turn_id': 5, 'stream_id': 'stream_5_76a59326', 'text_length': 4, 'text_preview': 'Bye.'}
2026-09-13 00:03:49 [INFO] ai.stream.done {'turn_id': 5, 'request_id': 'bb4f64668f9d', 'stream_id': 'stream_5_43a5a02b', 'elapsed_seconds': 0.068, 'response_length': 14}
2026-09-13 00:03:49 [INFO] latency.model {'ms': 67.8, 'turn_id': 5, 'request_id': 'bb4f64668f9d'}
2026-09-13 00:03:49 [INFO] ai.stream.end {'turn_id': 5, 'session_id': 6, 'request_id': 'bb4f64668f9d', 'stream_id': 'stream_5_76a59326'}
2026-09-13 00:03:49 [INFO] tts.request {'turn_id': 5, 'stream_id': 'stream_5_76a59326', 'text_length': 9, 'text_preview': '[silence]'}
2026-09-13 00:03:50 [INFO] tts.speak.done {'text': "I'm here to help."}
2026-09-13 00:03:50 [INFO] tts.speak.start {'text': 'Bye.', 'word_count': 1}
2026-09-13 00:03:51 [INFO] voice.listening.stop
2026-09-13 00:03:54 [INFO] tts.speak.done {'text': 'Bye.'}
2026-09-13 00:03:54 [INFO] tts.speak.start {'text': '[silence]', 'word_count': 1}
2026-09-13 00:03:59 [INFO] module.enabled {'module': 'Voice'}
2026-09-13 00:03:59 [INFO] voice.listening.start
2026-09-13 00:04:02 [INFO] voice.listening.stop
2026-09-13 00:04:02 [INFO] tts.speak.done {'text': '[silence]'}
2026-09-13 00:04:02 [INFO] latency.ai.total {'ms': 12776.3}
2026-09-13 00:04:02 [INFO] latency.overall {'ms': 12776.3}
2026-09-13 00:04:02 [INFO] chat.message.final {'turn_id': 5, 'length': 14, 'text': 'Bye. [silence]'}
2026-09-13 00:04:02 [INFO] ui.chat.render {'turn_id': 5, 'role': 'assistant', 'text': 'Bye. [silence]'}
2026-09-13 00:04:02 [INFO] conversation.turn.end {'response': 'Bye. [silence]'}
2026-09-13 00:04:05 [INFO] module.enabled {'module': 'Voice'}
2026-09-13 00:04:05 [INFO] voice.listening.start
2026-09-13 00:04:07 [INFO] voice.listening.stop
2026-09-13 00:07:58 [INFO] module.loaded {'module': 'AI'}
2026-09-13 00:07:58 [INFO] module.enabled {'module': 'AI'}
2026-09-13 00:07:58 [INFO] module.loaded {'module': 'Voice'}
2026-09-13 00:07:58 [INFO] module.enabled {'module': 'Voice'}
2026-09-13 00:07:58 [INFO] ui.updated {'page': 'Dashboard'}
2026-09-13 00:07:58 [INFO] app.started
2026-09-13 00:08:00 [INFO] module.enabled {'module': 'Voice'}
2026-09-13 00:08:00 [INFO] voice.listening.start
2026-09-13 00:08:04 [INFO] voice.listening.stop
2026-09-13 00:08:07 [INFO] module.enabled {'module': 'Voice'}
2026-09-13 00:08:07 [INFO] voice.listening.start
2026-09-13 00:08:11 [INFO] voice.listening.stop
2026-09-13 00:08:24 [INFO] module.enabled {'module': 'Voice'}
2026-09-13 00:08:24 [INFO] voice.listening.start
2026-09-13 00:08:25 [INFO] voice.speech.start {'session_id': 1}
2026-09-13 00:08:25 [INFO] voice.speech.end {'session_id': 1}
2026-09-13 00:08:25 [INFO] voice.stt.final {'text': 'Hello.', 'confidence': 0.33828125, 'latency_ms': 87.2, 'inference_ms': 87.2, 'session_id': 1, 'diagnostics': {'sample_rate': 16000, 'channels': 1, 'audio_duration_ms': 480.0, 'audio_rms': 0.03052, 'model': 'base.en', 'device': 'cuda', 'queue_ms': 0.0, 'inference_ms': 87.2, 'total_stt_ms': 87.2, 'num_chunks': 16, 'total_samples': 7680}}
2026-09-13 00:08:25 [INFO] conversation.turn.start {'text': 'Hello.', 'is_interruption': False, 'turn_id': 1, 'session_id': 1, 'request_id': 'fca917b825a4'}
2026-09-13 00:08:25 [INFO] ai.stream.start {'turn_id': 1, 'session_id': 1, 'request_id': 'fca917b825a4', 'stream_id': 'stream_1_634d3b25'}
2026-09-13 00:08:25 [INFO] latency.stt {'ms': 87.2}
2026-09-13 00:08:25 [INFO] chat.message.start {'turn_id': 1, 'request_id': 'fca917b825a4', 'role': 'assistant'}
2026-09-13 00:08:25 [INFO] ai.provider.test {'provider': 'ollama', 'model': 'llama3.2:1b', 'connected': True, 'details': {'connected': True, 'provider': 'ollama', 'version': '0.34.0'}}
2026-09-13 00:08:25 [INFO] ai.request {'turn_id': 1, 'request_id': 'fca917b825a4', 'stream_id': 'stream_1_68f03319', 'user_text': 'Hello.', 'prompt_length': 6, 'model': 'llama3.2:1b', 'provider': 'ollama', 'conversation_history_length': 2, 'system_prompt': 'You are SAINT, a helpful AI assistant. Be concise. Respond naturally. If the user interrupts you, ad'}
2026-09-13 00:08:25 [INFO] latency.ai.first_token {'ms': 20.2}
2026-09-13 00:08:25 [INFO] tts.request {'turn_id': 1, 'stream_id': 'stream_1_634d3b25', 'text_length': 20, 'text_preview': "What's on your mind?"}
2026-09-13 00:08:25 [INFO] ai.stream.done {'turn_id': 1, 'request_id': 'fca917b825a4', 'stream_id': 'stream_1_68f03319', 'elapsed_seconds': 0.048, 'response_length': 20}
2026-09-13 00:08:25 [INFO] latency.model {'ms': 48.0, 'turn_id': 1, 'request_id': 'fca917b825a4'}
2026-09-13 00:08:25 [INFO] ai.stream.end {'turn_id': 1, 'session_id': 1, 'request_id': 'fca917b825a4', 'stream_id': 'stream_1_634d3b25'}
2026-09-13 00:08:25 [INFO] latency.ai.total {'ms': 52.1}
2026-09-13 00:08:25 [INFO] latency.overall {'ms': 52.2}
2026-09-13 00:08:25 [INFO] chat.message.final {'turn_id': 1, 'length': 20, 'text': "What's on your mind?"}
2026-09-13 00:08:25 [INFO] ui.chat.render {'turn_id': 1, 'role': 'assistant', 'text': "What's on your mind?"}
2026-09-13 00:08:25 [INFO] conversation.turn.end {'response': "What's on your mind?"}
2026-09-13 00:08:32 [INFO] voice.listening.stop
2026-09-13 00:08:37 [INFO] tts.speak.start {'text': "What's on your mind?", 'word_count': 4}
2026-09-13 00:08:52 [INFO] tts.speak.done {'text': "What's on your mind?"}
2026-09-13 00:08:58 [INFO] ui.updated {'page': 'Settings'}
2026-09-13 00:09:04 [INFO] ui.updated {'page': 'Dashboard'}
2026-09-13 08:49:38 [INFO] module.loaded {'module': 'AI'}
2026-09-13 08:49:38 [INFO] module.enabled {'module': 'AI'}
2026-09-13 08:49:38 [INFO] module.loaded {'module': 'Voice'}
2026-09-13 08:49:38 [INFO] module.enabled {'module': 'Voice'}
2026-09-13 08:49:43 [INFO] ui.updated {'page': 'Dashboard'}
2026-09-13 08:49:43 [INFO] app.started
2026-09-13 08:49:46 [INFO] module.enabled {'module': 'Voice'}
2026-09-13 08:49:46 [INFO] voice.listening.start
2026-09-13 08:49:49 [INFO] voice.listening.stop
2026-09-13 08:49:53 [INFO] module.enabled {'module': 'Voice'}
2026-09-13 08:49:53 [INFO] voice.listening.start
2026-09-13 08:49:54 [INFO] voice.speech.start {'session_id': 1}
2026-09-13 08:49:54 [INFO] voice.speech.end {'session_id': 1}
2026-09-13 08:49:54 [INFO] voice.stt.final {'text': 'Hello.', 'confidence': 0.390234375, 'latency_ms': 94.2, 'inference_ms': 94.2, 'session_id': 1, 'diagnostics': {'sample_rate': 16000, 'channels': 1, 'audio_duration_ms': 480.0, 'audio_rms': 0.058421, 'model': 'base.en', 'device': 'cuda', 'queue_ms': 0.0, 'inference_ms': 94.2, 'total_stt_ms': 94.2, 'num_chunks': 16, 'total_samples': 7680}}
2026-09-13 08:49:54 [INFO] conversation.turn.start {'text': 'Hello.', 'is_interruption': False, 'turn_id': 1, 'session_id': 1, 'request_id': '8ef88f6f9283'}
2026-09-13 08:49:54 [INFO] ai.stream.start {'turn_id': 1, 'session_id': 1, 'request_id': '8ef88f6f9283', 'stream_id': 'stream_1_2fe10cc0'}
2026-09-13 08:49:54 [INFO] latency.stt {'ms': 94.2}
2026-09-13 08:49:54 [INFO] chat.message.start {'turn_id': 1, 'request_id': '8ef88f6f9283', 'role': 'assistant'}
2026-09-13 08:49:54 [INFO] ai.provider.test {'provider': 'ollama', 'model': 'llama3.2:1b', 'connected': True, 'details': {'connected': True, 'provider': 'ollama', 'version': '0.34.0'}}
2026-09-13 08:49:54 [INFO] ai.request {'turn_id': 1, 'request_id': '8ef88f6f9283', 'stream_id': 'stream_1_bdee30ce', 'user_text': 'Hello.', 'prompt_length': 6, 'model': 'llama3.2:1b', 'provider': 'ollama', 'conversation_history_length': 2, 'system_prompt': 'You are SAINT, a helpful AI assistant. Be concise. Respond naturally. If the user interrupts you, ad'}
2026-09-13 08:49:57 [INFO] latency.ai.first_token {'ms': 2574.6}
2026-09-13 08:49:57 [INFO] tts.request {'turn_id': 1, 'stream_id': 'stream_1_2fe10cc0', 'text_length': 10, 'text_preview': "I'm Saint."}
2026-09-13 08:49:57 [INFO] tts.request {'turn_id': 1, 'stream_id': 'stream_1_2fe10cc0', 'text_length': 21, 'text_preview': " What's on your mind?"}
2026-09-13 08:49:57 [INFO] ai.stream.done {'turn_id': 1, 'request_id': '8ef88f6f9283', 'stream_id': 'stream_1_bdee30ce', 'elapsed_seconds': 2.625, 'response_length': 31}
2026-09-13 08:49:57 [INFO] latency.model {'ms': 2624.7, 'turn_id': 1, 'request_id': '8ef88f6f9283'}
2026-09-13 08:49:57 [INFO] ai.stream.end {'turn_id': 1, 'session_id': 1, 'request_id': '8ef88f6f9283', 'stream_id': 'stream_1_2fe10cc0'}
2026-09-13 08:50:14 [INFO] tts.speak.start {'text': "I'm Saint.", 'word_count': 2}
2026-09-13 08:50:19 [INFO] voice.listening.stop
2026-09-13 08:50:20 [INFO] tts.speak.done {'text': "I'm Saint."}
2026-09-13 08:50:20 [INFO] tts.speak.start {'text': " What's on your mind?", 'word_count': 4}
2026-09-13 08:50:37 [INFO] tts.speak.done {'text': " What's on your mind?"}
2026-09-13 08:50:37 [INFO] latency.ai.total {'ms': 42629.2}
2026-09-13 08:50:37 [INFO] latency.overall {'ms': 42629.2}
2026-09-13 08:50:37 [INFO] chat.message.final {'turn_id': 1, 'length': 31, 'text': "I'm Saint. What's on your mind?"}
2026-09-13 08:50:37 [INFO] ui.chat.render {'turn_id': 1, 'role': 'assistant', 'text': "I'm Saint. What's on your mind?"}
2026-09-13 08:50:37 [INFO] conversation.turn.end {'response': "I'm Saint. What's on your mind?"}
2026-09-13 10:43:03 [INFO] module.loaded {'module': 'AI'}
2026-09-13 10:43:03 [INFO] module.enabled {'module': 'AI'}
2026-09-13 10:43:03 [INFO] module.loaded {'module': 'Voice'}
2026-09-13 10:43:03 [INFO] module.enabled {'module': 'Voice'}
2026-09-13 10:43:03 [INFO] ui.updated {'page': 'Dashboard'}
2026-09-13 10:43:03 [INFO] app.started
2026-09-13 10:43:08 [INFO] module.enabled {'module': 'Voice'}
2026-09-13 10:43:08 [INFO] voice.listening.start
2026-09-13 10:43:08 [INFO] tts.state.change {'old_state': 'UNINITIALIZED', 'new_state': 'LOADING'}
2026-09-13 10:43:09 [INFO] voice.speech.start {'session_id': 1}
2026-09-13 10:43:10 [INFO] voice.speech.end {'session_id': 1}
2026-09-13 10:43:10 [INFO] voice.stt.final {'text': 'Hello, is this working?', 'confidence': 0.49739583333333337, 'latency_ms': 125.6, 'inference_ms': 125.6, 'session_id': 1, 'diagnostics': {'sample_rate': 16000, 'channels': 1, 'audio_duration_ms': 1140.0, 'audio_rms': 0.060098, 'model': 'base.en', 'device': 'cuda', 'queue_ms': 0.0, 'inference_ms': 125.6, 'total_stt_ms': 125.6, 'num_chunks': 38, 'total_samples': 18240}}
2026-09-13 10:43:10 [INFO] conversation.turn.start {'text': 'Hello, is this working?', 'is_interruption': False, 'turn_id': 1, 'session_id': 1, 'request_id': '121f25b56251'}
2026-09-13 10:43:10 [INFO] ai.stream.start {'turn_id': 1, 'session_id': 1, 'request_id': '121f25b56251', 'stream_id': 'stream_1_f80e0190'}
2026-09-13 10:43:10 [INFO] latency.stt {'ms': 125.6}
2026-09-13 10:43:10 [INFO] chat.message.start {'turn_id': 1, 'request_id': '121f25b56251', 'role': 'assistant'}
2026-09-13 10:43:10 [INFO] ai.provider.test {'provider': 'ollama', 'model': 'llama3.2:1b', 'connected': True, 'details': {'connected': True, 'provider': 'ollama', 'version': '0.34.0'}}
2026-09-13 10:43:10 [INFO] ai.request {'turn_id': 1, 'request_id': '121f25b56251', 'stream_id': 'stream_1_9052d9b0', 'user_text': 'Hello, is this working?', 'prompt_length': 23, 'model': 'llama3.2:1b', 'provider': 'ollama', 'conversation_history_length': 2, 'system_prompt': 'You are SAINT, a helpful AI assistant. Be concise. Respond naturally. If the user interrupts you, ad'}
2026-09-13 10:43:10 [INFO] latency.ai.first_token {'ms': 21.2}
2026-09-13 10:43:10 [INFO] tts.request {'turn_id': 1, 'stream_id': 'stream_1_f80e0190', 'text_length': 28, 'text_preview': "I'm functioning as intended."}
2026-09-13 10:43:10 [INFO] tts.request {'turn_id': 1, 'stream_id': 'stream_1_f80e0190', 'text_length': 24, 'text_preview': "I'm ready to assist you."}
2026-09-13 10:43:10 [INFO] ai.stream.done {'turn_id': 1, 'request_id': '121f25b56251', 'stream_id': 'stream_1_9052d9b0', 'elapsed_seconds': 0.078, 'response_length': 53}
2026-09-13 10:43:10 [INFO] latency.model {'ms': 78.3, 'turn_id': 1, 'request_id': '121f25b56251'}
2026-09-13 10:43:10 [INFO] ai.stream.end {'turn_id': 1, 'session_id': 1, 'request_id': '121f25b56251', 'stream_id': 'stream_1_f80e0190'}
2026-09-13 10:43:19 [INFO] tts.state.change {'old_state': 'LOADING', 'new_state': 'READY'}
2026-09-13 10:43:23 [INFO] tts.warmup.complete {'warmup_ms': 3623.5, 'engine': 'qwen'}
2026-09-13 10:43:38 [INFO] voice.interrupt
2026-09-13 10:43:38 [INFO] ai.cancelled {'reason': 'user_cancel'}
2026-09-13 10:43:38 [INFO] conversation.interrupted
2026-09-13 10:43:38 [INFO] voice.speech.start {'session_id': 2}
2026-09-13 10:43:39 [INFO] voice.speech.end {'session_id': 2}
2026-09-13 10:43:39 [INFO] voice.stt.final {'text': 'Is this working or not?', 'confidence': 0.5818142361111112, 'latency_ms': 127.0, 'inference_ms': 127.0, 'session_id': 2, 'diagnostics': {'sample_rate': 16000, 'channels': 1, 'audio_duration_ms': 1050.0, 'audio_rms': 0.052474, 'model': 'base.en', 'device': 'cuda', 'queue_ms': 0.0, 'inference_ms': 127.0, 'total_stt_ms': 127.0, 'num_chunks': 35, 'total_samples': 16800}}
2026-09-13 10:43:39 [INFO] conversation.turn.start {'text': 'Is this working or not?', 'is_interruption': True, 'turn_id': 2, 'session_id': 2, 'request_id': '02b1b7dc069a'}
2026-09-13 10:43:39 [INFO] ai.stream.start {'turn_id': 2, 'session_id': 2, 'request_id': '02b1b7dc069a', 'stream_id': 'stream_2_f05dcea3'}
2026-09-13 10:43:39 [INFO] latency.stt {'ms': 127.0}
2026-09-13 10:43:39 [INFO] chat.message.start {'turn_id': 2, 'request_id': '02b1b7dc069a', 'role': 'assistant'}
2026-09-13 10:43:39 [INFO] ai.request {'turn_id': 2, 'request_id': '02b1b7dc069a', 'stream_id': 'stream_2_13862c4c', 'user_text': 'Is this working or not?', 'prompt_length': 23, 'model': 'llama3.2:1b', 'provider': 'ollama', 'conversation_history_length': 4, 'system_prompt': 'You are SAINT, a helpful AI assistant. Be concise. Respond naturally. If the user interrupts you, ad'}
2026-09-13 10:43:39 [INFO] latency.ai.first_token {'ms': 19.2}
2026-09-13 10:43:39 [INFO] tts.request {'turn_id': 2, 'stream_id': 'stream_2_f05dcea3', 'text_length': 3, 'text_preview': 'No.'}
2026-09-13 10:43:39 [INFO] tts.request {'turn_id': 2, 'stream_id': 'stream_2_f05dcea3', 'text_length': 30, 'text_preview': "I'm a text-based AI assistant."}
2026-09-13 10:43:39 [INFO] tts.request {'turn_id': 2, 'stream_id': 'stream_2_f05dcea3', 'text_length': 69, 'text_preview': "I don't have a physical presence and can't receive external commands."}
2026-09-13 10:43:39 [INFO] ai.stream.done {'turn_id': 2, 'request_id': '02b1b7dc069a', 'stream_id': 'stream_2_13862c4c', 'elapsed_seconds': 0.124, 'response_length': 104}
2026-09-13 10:43:39 [INFO] latency.model {'ms': 124.2, 'turn_id': 2, 'request_id': '02b1b7dc069a'}
2026-09-13 10:43:39 [INFO] ai.stream.end {'turn_id': 2, 'session_id': 2, 'request_id': '02b1b7dc069a', 'stream_id': 'stream_2_f05dcea3'}
2026-09-13 10:43:45 [INFO] voice.listening.stop
2026-09-13 10:49:19 [INFO] module.loaded {'module': 'AI'}
2026-09-13 10:49:19 [INFO] module.enabled {'module': 'AI'}
2026-09-13 10:49:19 [INFO] module.loaded {'module': 'Voice'}
2026-09-13 10:49:19 [INFO] module.enabled {'module': 'Voice'}
2026-09-13 10:49:20 [INFO] ui.updated {'page': 'Dashboard'}
2026-09-13 10:49:20 [INFO] app.started
2026-09-13 10:49:21 [INFO] module.enabled {'module': 'Voice'}
2026-09-13 10:49:21 [INFO] voice.listening.start
2026-09-13 10:49:21 [INFO] tts.state.change {'old_state': 'UNINITIALIZED', 'new_state': 'LOADING'}
2026-09-13 10:49:23 [INFO] voice.speech.start {'session_id': 1}
2026-09-13 10:49:23 [INFO] voice.speech.end {'session_id': 1}
2026-09-13 10:49:23 [INFO] voice.stt.final {'text': 'Hello?', 'confidence': 0.357421875, 'latency_ms': 83.1, 'inference_ms': 83.1, 'session_id': 1, 'diagnostics': {'sample_rate': 16000, 'channels': 1, 'audio_duration_ms': 510.0, 'audio_rms': 0.076436, 'model': 'base.en', 'device': 'cuda', 'queue_ms': 0.0, 'inference_ms': 83.1, 'total_stt_ms': 83.1, 'num_chunks': 17, 'total_samples': 8160}}
2026-09-13 10:49:23 [INFO] conversation.turn.start {'text': 'Hello?', 'is_interruption': False, 'turn_id': 1, 'session_id': 1, 'request_id': '8e0df440cd03'}
2026-09-13 10:49:23 [INFO] ai.stream.start {'turn_id': 1, 'session_id': 1, 'request_id': '8e0df440cd03', 'stream_id': 'stream_1_bd8eaa69'}
2026-09-13 10:49:23 [INFO] latency.stt {'ms': 83.1}
2026-09-13 10:49:23 [INFO] chat.message.start {'turn_id': 1, 'request_id': '8e0df440cd03', 'role': 'assistant'}
2026-09-13 10:49:23 [INFO] ai.provider.test {'provider': 'ollama', 'model': 'llama3.2:1b', 'connected': True, 'details': {'connected': True, 'provider': 'ollama', 'version': '0.34.0'}}
2026-09-13 10:49:23 [INFO] ai.request {'turn_id': 1, 'request_id': '8e0df440cd03', 'stream_id': 'stream_1_c861c057', 'user_text': 'Hello?', 'prompt_length': 6, 'model': 'llama3.2:1b', 'provider': 'ollama', 'conversation_history_length': 2, 'system_prompt': 'You are SAINT, a helpful AI assistant. Be concise. Respond naturally. If the user interrupts you, ad'}
2026-09-13 10:49:23 [INFO] latency.ai.first_token {'ms': 38.9}
2026-09-13 10:49:23 [INFO] tts.request {'turn_id': 1, 'stream_id': 'stream_1_bd8eaa69', 'text_length': 10, 'text_preview': "I'm Saint,"}
2026-09-13 10:49:24 [INFO] tts.request {'turn_id': 1, 'stream_id': 'stream_1_bd8eaa69', 'text_length': 18, 'text_preview': 'your AI assistant.'}
2026-09-13 10:49:24 [INFO] tts.request {'turn_id': 1, 'stream_id': 'stream_1_bd8eaa69', 'text_length': 20, 'text_preview': "What's on your mind?"}
2026-09-13 10:49:24 [INFO] ai.stream.done {'turn_id': 1, 'request_id': '8e0df440cd03', 'stream_id': 'stream_1_c861c057', 'elapsed_seconds': 0.145, 'response_length': 50}
2026-09-13 10:49:24 [INFO] latency.model {'ms': 144.6, 'turn_id': 1, 'request_id': '8e0df440cd03'}
2026-09-13 10:49:24 [INFO] ai.stream.end {'turn_id': 1, 'session_id': 1, 'request_id': '8e0df440cd03', 'stream_id': 'stream_1_bd8eaa69'}
2026-09-13 10:49:24 [INFO] latency.ai.total {'ms': 150.6}
2026-09-13 10:49:24 [INFO] latency.overall {'ms': 150.6}
2026-09-13 10:49:24 [INFO] chat.message.final {'turn_id': 1, 'length': 50, 'text': "I'm Saint, your AI assistant. What's on your mind?"}
2026-09-13 10:49:24 [INFO] ui.chat.render {'turn_id': 1, 'role': 'assistant', 'text': "I'm Saint, your AI assistant. What's on your mind?"}
2026-09-13 10:49:24 [INFO] conversation.turn.end {'response': "I'm Saint, your AI assistant. What's on your mind?"}
2026-09-13 10:49:31 [INFO] voice.listening.stop
2026-09-13 10:49:32 [INFO] tts.state.change {'old_state': 'LOADING', 'new_state': 'READY'}
2026-09-13 10:49:37 [INFO] tts.warmup.complete {'warmup_ms': 4784.7, 'engine': 'qwen'}
2026-09-13 10:49:57 [INFO] module.enabled {'module': 'Voice'}
2026-09-13 10:49:57 [INFO] voice.listening.start
2026-09-13 10:49:58 [INFO] voice.speech.start {'session_id': 2}
2026-09-13 10:50:00 [INFO] voice.speech.end {'session_id': 2}
2026-09-13 10:50:00 [INFO] voice.stt.final {'text': 'Is this working?', 'confidence': 0.8658621651785714, 'latency_ms': 95.1, 'inference_ms': 95.0, 'session_id': 2, 'diagnostics': {'sample_rate': 16000, 'channels': 1, 'audio_duration_ms': 1440.0, 'audio_rms': 0.065837, 'model': 'base.en', 'device': 'cuda', 'queue_ms': 0.0, 'inference_ms': 95.0, 'total_stt_ms': 95.1, 'num_chunks': 48, 'total_samples': 23040}}
2026-09-13 10:50:00 [INFO] conversation.turn.start {'text': 'Is this working?', 'is_interruption': False, 'turn_id': 2, 'session_id': 2, 'request_id': 'a14660d0059a'}
2026-09-13 10:50:00 [INFO] ai.stream.start {'turn_id': 2, 'session_id': 2, 'request_id': 'a14660d0059a', 'stream_id': 'stream_2_f5f31918'}
2026-09-13 10:50:00 [INFO] latency.stt {'ms': 95.1}
2026-09-13 10:50:00 [INFO] chat.message.start {'turn_id': 2, 'request_id': 'a14660d0059a', 'role': 'assistant'}
2026-09-13 10:50:00 [INFO] ai.request {'turn_id': 2, 'request_id': 'a14660d0059a', 'stream_id': 'stream_2_bf9e5030', 'user_text': 'Is this working?', 'prompt_length': 16, 'model': 'llama3.2:1b', 'provider': 'ollama', 'conversation_history_length': 4, 'system_prompt': 'You are SAINT, a helpful AI assistant. Be concise. Respond naturally. If the user interrupts you, ad'}
2026-09-13 10:50:00 [INFO] latency.ai.first_token {'ms': 19.4}
2026-09-13 10:50:00 [INFO] tts.request {'turn_id': 2, 'stream_id': 'stream_2_f5f31918', 'text_length': 41, 'text_preview': "I'm functioning within normal parameters."}
2026-09-13 10:50:00 [INFO] tts.state.change {'old_state': 'READY', 'new_state': 'SYNTHESIZING'}
2026-09-13 10:50:00 [INFO] tts.request {'request_id': 'tts_-1_1', 'turn_id': -1, 'text_length': 41, 'text_preview': "I'm functioning within normal parameters.", 'sequence_id': 1}
2026-09-13 10:50:00 [INFO] tts.speak.start {'text': "I'm functioning within normal parameters.", 'word_count': 5}
2026-09-13 10:50:00 [INFO] ai.stream.done {'turn_id': 2, 'request_id': 'a14660d0059a', 'stream_id': 'stream_2_bf9e5030', 'elapsed_seconds': 0.053, 'response_length': 41}
2026-09-13 10:50:00 [INFO] latency.model {'ms': 52.7, 'turn_id': 2, 'request_id': 'a14660d0059a'}
2026-09-13 10:50:00 [INFO] ai.stream.end {'turn_id': 2, 'session_id': 2, 'request_id': 'a14660d0059a', 'stream_id': 'stream_2_f5f31918'}
2026-09-13 10:50:03 [INFO] voice.interrupt
2026-09-13 10:50:03 [INFO] ai.cancelled {'reason': 'user_cancel'}
2026-09-13 10:50:03 [INFO] conversation.interrupted
2026-09-13 10:50:03 [INFO] voice.speech.start {'session_id': 3}
2026-09-13 10:50:03 [INFO] latency.ai.total {'ms': 3214.8}
2026-09-13 10:50:03 [INFO] latency.overall {'ms': 3214.8}
2026-09-13 10:50:03 [INFO] chat.message.final {'turn_id': 2, 'length': 41, 'text': "I'm functioning within normal parameters."}
2026-09-13 10:50:03 [INFO] ui.chat.render {'turn_id': 2, 'role': 'assistant', 'text': "I'm functioning within normal parameters."}
2026-09-13 10:50:03 [INFO] conversation.turn.end {'response': "I'm functioning within normal parameters."}
2026-09-13 10:50:04 [INFO] voice.stt.skip {'session_id': 3, 'reason': 'insufficient_speech', 'speech_frames': 8, 'total_frames': 14, 'speech_ratio': 0.571, 'rms': 0.016125}
2026-09-13 10:50:07 [INFO] tts.speak.done {'text': "I'm functioning within normal parameters."}
2026-09-13 10:50:07 [INFO] tts.state.change {'old_state': 'SYNTHESIZING', 'new_state': 'STOPPING'}
2026-09-13 10:50:07 [INFO] tts.interrupted {'request_id': 'tts_-1_1', 'turn_id': -1}
2026-09-13 10:50:07 [INFO] tts.state.change {'old_state': 'STOPPING', 'new_state': 'READY'}
2026-09-13 10:50:07 [INFO] voice.listening.stop
2026-09-13 10:50:19 [INFO] module.enabled {'module': 'Voice'}
2026-09-13 10:50:19 [INFO] voice.listening.start
2026-09-13 10:50:21 [INFO] voice.speech.start {'session_id': 4}
2026-09-13 10:50:23 [INFO] voice.speech.end {'session_id': 4}
2026-09-13 10:50:23 [INFO] voice.stt.final {'text': 'Are you sure this is working?', 'confidence': 0.6333984345197677, 'latency_ms': 112.8, 'inference_ms': 112.8, 'session_id': 4, 'diagnostics': {'sample_rate': 16000, 'channels': 1, 'audio_duration_ms': 1440.0, 'audio_rms': 0.069915, 'model': 'base.en', 'device': 'cuda', 'queue_ms': 0.0, 'inference_ms': 112.8, 'total_stt_ms': 112.8, 'num_chunks': 48, 'total_samples': 23040}}
2026-09-13 10:50:23 [INFO] conversation.turn.start {'text': 'Are you sure this is working?', 'is_interruption': True, 'turn_id': 3, 'session_id': 4, 'request_id': 'b8a3d0c80ade'}
2026-09-13 10:50:23 [INFO] ai.stream.start {'turn_id': 3, 'session_id': 4, 'request_id': 'b8a3d0c80ade', 'stream_id': 'stream_3_9f3e70cc'}
2026-09-13 10:50:23 [INFO] latency.stt {'ms': 112.8}
2026-09-13 10:50:23 [INFO] chat.message.start {'turn_id': 3, 'request_id': 'b8a3d0c80ade', 'role': 'assistant'}
2026-09-13 10:50:23 [INFO] ai.request {'turn_id': 3, 'request_id': 'b8a3d0c80ade', 'stream_id': 'stream_3_af286aeb', 'user_text': 'Are you sure this is working?', 'prompt_length': 29, 'model': 'llama3.2:1b', 'provider': 'ollama', 'conversation_history_length': 6, 'system_prompt': 'You are SAINT, a helpful AI assistant. Be concise. Respond naturally. If the user interrupts you, ad'}
2026-09-13 10:50:23 [INFO] latency.ai.first_token {'ms': 19.7}
2026-09-13 10:50:23 [INFO] tts.request {'turn_id': 3, 'stream_id': 'stream_3_9f3e70cc', 'text_length': 10, 'text_preview': "I'm Saint."}
2026-09-13 10:50:23 [INFO] tts.state.change {'old_state': 'READY', 'new_state': 'SYNTHESIZING'}
2026-09-13 10:50:23 [INFO] tts.request {'request_id': 'tts_-1_2', 'turn_id': -1, 'text_length': 10, 'text_preview': "I'm Saint.", 'sequence_id': 2}
2026-09-13 10:50:23 [INFO] tts.speak.start {'text': "I'm Saint.", 'word_count': 2}
2026-09-13 10:50:23 [INFO] ai.stream.done {'turn_id': 3, 'request_id': 'b8a3d0c80ade', 'stream_id': 'stream_3_af286aeb', 'elapsed_seconds': 0.04, 'response_length': 10}
2026-09-13 10:50:23 [INFO] latency.model {'ms': 40.4, 'turn_id': 3, 'request_id': 'b8a3d0c80ade'}
2026-09-13 10:50:23 [INFO] ai.stream.end {'turn_id': 3, 'session_id': 4, 'request_id': 'b8a3d0c80ade', 'stream_id': 'stream_3_9f3e70cc'}
2026-09-13 10:50:36 [INFO] tts.speak.done {'text': "I'm Saint."}
2026-09-13 10:50:36 [INFO] tts.state.change {'old_state': 'SYNTHESIZING', 'new_state': 'READY'}
2026-09-13 10:50:36 [INFO] latency.ai.total {'ms': 13558.0}
2026-09-13 10:50:36 [INFO] latency.overall {'ms': 13558.0}
2026-09-13 10:50:36 [INFO] chat.message.final {'turn_id': 3, 'length': 10, 'text': "I'm Saint."}
2026-09-13 10:50:36 [INFO] ui.chat.render {'turn_id': 3, 'role': 'assistant', 'text': "I'm Saint."}
2026-09-13 10:50:36 [INFO] conversation.turn.end {'response': "I'm Saint."}
2026-09-13 10:50:37 [INFO] voice.speech.start {'session_id': 5}
2026-09-13 10:50:37 [INFO] voice.stt.skip {'session_id': 5, 'reason': 'insufficient_speech', 'speech_frames': 4, 'total_frames': 10, 'speech_ratio': 0.4, 'rms': 0.011983}
2026-09-13 10:50:39 [INFO] voice.listening.stop
2026-09-13 11:22:20 [INFO] module.loaded {'module': 'AI'}
2026-09-13 11:22:20 [INFO] module.enabled {'module': 'AI'}
2026-09-13 11:22:20 [INFO] module.loaded {'module': 'Voice'}
2026-09-13 11:22:20 [INFO] module.enabled {'module': 'Voice'}
2026-09-13 11:22:20 [INFO] ui.updated {'page': 'Dashboard'}
2026-09-13 11:22:20 [INFO] app.started
2026-09-13 11:22:24 [INFO] module.enabled {'module': 'Voice'}
2026-09-13 11:22:24 [INFO] voice.listening.start
2026-09-13 11:22:24 [INFO] tts.state.change {'old_state': 'UNINITIALIZED', 'new_state': 'LOADING'}
2026-09-13 11:22:25 [INFO] voice.speech.start {'session_id': 1}
2026-09-13 11:22:26 [INFO] voice.speech.end {'session_id': 1}
2026-09-13 11:22:26 [INFO] voice.stt.final {'text': 'Hello, hello.', 'confidence': 0.3180803401129586, 'latency_ms': 152.2, 'inference_ms': 152.2, 'session_id': 1, 'diagnostics': {'sample_rate': 16000, 'channels': 1, 'audio_duration_ms': 900.0, 'audio_rms': 0.053949, 'model': 'base.en', 'device': 'cuda', 'queue_ms': 0.0, 'inference_ms': 152.2, 'total_stt_ms': 152.2, 'num_chunks': 30, 'total_samples': 14400}}
2026-09-13 11:22:26 [INFO] conversation.turn.start {'text': 'Hello, hello.', 'is_interruption': False, 'turn_id': 1, 'session_id': 1, 'request_id': '7679a704ea8f'}
2026-09-13 11:22:26 [INFO] ai.stream.start {'turn_id': 1, 'session_id': 1, 'request_id': '7679a704ea8f', 'stream_id': 'stream_1_212536ad'}
2026-09-13 11:22:26 [INFO] latency.stt {'ms': 152.2}
2026-09-13 11:22:26 [INFO] chat.message.start {'turn_id': 1, 'request_id': '7679a704ea8f', 'role': 'assistant'}
2026-09-13 11:22:26 [INFO] ai.provider.test {'provider': 'ollama', 'model': 'llama3.2:1b', 'connected': True, 'details': {'connected': True, 'provider': 'ollama', 'version': '0.34.0'}}
2026-09-13 11:22:26 [INFO] ai.request {'turn_id': 1, 'request_id': '7679a704ea8f', 'stream_id': 'stream_1_ecce6b3f', 'user_text': 'Hello, hello.', 'prompt_length': 13, 'model': 'llama3.2:1b', 'provider': 'ollama', 'conversation_history_length': 2, 'system_prompt': 'You are SAINT, a helpful AI assistant. Be concise. Respond naturally. If the user interrupts you, ad'}
2026-09-13 11:22:26 [INFO] latency.ai.first_token {'ms': 101.7}
2026-09-13 11:22:26 [INFO] tts.request {'turn_id': 1, 'stream_id': 'stream_1_212536ad', 'text_length': 10, 'text_preview': 'Greetings.'}
2026-09-13 11:22:26 [INFO] tts.request {'turn_id': 1, 'stream_id': 'stream_1_212536ad', 'text_length': 22, 'text_preview': 'What can I do for you?'}
2026-09-13 11:22:26 [INFO] ai.stream.done {'turn_id': 1, 'request_id': '7679a704ea8f', 'stream_id': 'stream_1_ecce6b3f', 'elapsed_seconds': 0.131, 'response_length': 33}
2026-09-13 11:22:26 [INFO] latency.model {'ms': 131.2, 'turn_id': 1, 'request_id': '7679a704ea8f'}
2026-09-13 11:22:26 [INFO] ai.stream.end {'turn_id': 1, 'session_id': 1, 'request_id': '7679a704ea8f', 'stream_id': 'stream_1_212536ad'}
2026-09-13 11:22:37 [INFO] tts.state.change {'old_state': 'LOADING', 'new_state': 'READY'}
2026-09-13 11:22:37 [INFO] tts.state.change {'old_state': 'READY', 'new_state': 'SYNTHESIZING'}
2026-09-13 11:22:37 [INFO] tts.request {'request_id': 'tts_-1_1', 'turn_id': -1, 'text_length': 10, 'text_preview': 'Greetings.', 'sequence_id': 1}
2026-09-13 11:22:37 [INFO] tts.speak.start {'text': 'Greetings.', 'word_count': 1}
2026-09-13 11:22:45 [INFO] voice.interrupt
2026-09-13 11:22:45 [INFO] ai.cancelled {'reason': 'user_cancel'}
2026-09-13 11:22:45 [INFO] conversation.interrupted
2026-09-13 11:22:45 [INFO] voice.speech.start {'session_id': 2}
2026-09-13 11:22:45 [INFO] tts.speak.done {'text': 'Greetings.'}
2026-09-13 11:22:45 [INFO] tts.state.change {'old_state': 'SYNTHESIZING', 'new_state': 'STOPPING'}
2026-09-13 11:22:45 [INFO] tts.interrupted {'request_id': 'tts_-1_1', 'turn_id': -1}
2026-09-13 11:22:45 [INFO] tts.state.change {'old_state': 'STOPPING', 'new_state': 'READY'}
2026-09-13 11:22:45 [INFO] tts.state.change {'old_state': 'READY', 'new_state': 'SYNTHESIZING'}
2026-09-13 11:22:45 [INFO] tts.request {'request_id': 'tts_-1_2', 'turn_id': -1, 'text_length': 22, 'text_preview': 'What can I do for you?', 'sequence_id': 2}
2026-09-13 11:22:45 [INFO] tts.speak.start {'text': 'What can I do for you?', 'word_count': 6}
2026-09-13 11:22:45 [INFO] latency.ai.total {'ms': 18767.7}
2026-09-13 11:22:45 [INFO] latency.overall {'ms': 18768.4}
2026-09-13 11:22:45 [INFO] chat.message.final {'turn_id': 1, 'length': 33, 'text': 'Greetings. What can I do for you?'}
2026-09-13 11:22:45 [INFO] ui.chat.render {'turn_id': 1, 'role': 'assistant', 'text': 'Greetings. What can I do for you?'}
2026-09-13 11:22:45 [INFO] conversation.turn.end {'response': 'Greetings. What can I do for you?'}
2026-09-13 11:22:46 [INFO] voice.speech.end {'session_id': 2}
2026-09-13 11:22:46 [INFO] voice.stt.final {'text': 'Is this working?', 'confidence': 0.4623326063156128, 'latency_ms': 200.2, 'inference_ms': 200.2, 'session_id': 2, 'diagnostics': {'sample_rate': 16000, 'channels': 1, 'audio_duration_ms': 900.0, 'audio_rms': 0.04376, 'model': 'base.en', 'device': 'cuda', 'queue_ms': 0.0, 'inference_ms': 200.2, 'total_stt_ms': 200.2, 'num_chunks': 30, 'total_samples': 14400}}
2026-09-13 11:22:46 [INFO] conversation.turn.start {'text': 'Is this working?', 'is_interruption': True, 'turn_id': 2, 'session_id': 2, 'request_id': 'aff1c22b962d'}
2026-09-13 11:22:46 [INFO] ai.stream.start {'turn_id': 2, 'session_id': 2, 'request_id': 'aff1c22b962d', 'stream_id': 'stream_2_dcc0ecf3'}
2026-09-13 11:22:46 [INFO] latency.stt {'ms': 200.2}
2026-09-13 11:22:46 [INFO] chat.message.start {'turn_id': 2, 'request_id': 'aff1c22b962d', 'role': 'assistant'}
2026-09-13 11:22:46 [INFO] ai.request {'turn_id': 2, 'request_id': 'aff1c22b962d', 'stream_id': 'stream_2_6a28f64b', 'user_text': 'Is this working?', 'prompt_length': 16, 'model': 'llama3.2:1b', 'provider': 'ollama', 'conversation_history_length': 4, 'system_prompt': 'You are SAINT, a helpful AI assistant. Be concise. Respond naturally. If the user interrupts you, ad'}
2026-09-13 11:22:46 [INFO] latency.ai.first_token {'ms': 27.5}
2026-09-13 11:22:46 [INFO] tts.request {'turn_id': 2, 'stream_id': 'stream_2_dcc0ecf3', 'text_length': 3, 'text_preview': 'No,'}
2026-09-13 11:22:46 [INFO] tts.request {'turn_id': 2, 'stream_id': 'stream_2_dcc0ecf3', 'text_length': 20, 'text_preview': 'this is not working.'}
2026-09-13 11:22:46 [INFO] tts.request {'turn_id': 2, 'stream_id': 'stream_2_dcc0ecf3', 'text_length': 28, 'text_preview': "I'm not responding as Saint."}
2026-09-13 11:22:46 [INFO] tts.request {'turn_id': 2, 'stream_id': 'stream_2_dcc0ecf3', 'text_length': 10, 'text_preview': "I'm Saint."}
2026-09-13 11:22:46 [INFO] tts.request {'turn_id': 2, 'stream_id': 'stream_2_dcc0ecf3', 'text_length': 27, 'text_preview': "I'm a helpful AI assistant."}
2026-09-13 11:22:46 [INFO] ai.stream.done {'turn_id': 2, 'request_id': 'aff1c22b962d', 'stream_id': 'stream_2_6a28f64b', 'elapsed_seconds': 0.161, 'response_length': 92}
2026-09-13 11:22:46 [INFO] latency.model {'ms': 161.4, 'turn_id': 2, 'request_id': 'aff1c22b962d'}
2026-09-13 11:22:46 [INFO] ai.stream.end {'turn_id': 2, 'session_id': 2, 'request_id': 'aff1c22b962d', 'stream_id': 'stream_2_dcc0ecf3'}
2026-09-13 11:22:47 [INFO] voice.interrupt
2026-09-13 11:22:47 [INFO] ai.cancelled {'reason': 'user_cancel'}
2026-09-13 11:22:47 [INFO] conversation.interrupted
2026-09-13 11:22:47 [INFO] voice.speech.start {'session_id': 3}
2026-09-13 11:22:47 [INFO] latency.ai.total {'ms': 1029.4}
2026-09-13 11:22:47 [INFO] latency.overall {'ms': 1029.7}
2026-09-13 11:22:47 [INFO] chat.message.final {'turn_id': 2, 'length': 92, 'text': "No, this is not working. I'm not responding as Saint. I'm Saint. I'm a helpful AI assistant."}
2026-09-13 11:22:47 [INFO] ui.chat.render {'turn_id': 2, 'role': 'assistant', 'text': "No, this is not working. I'm not responding as Saint. I'm Saint. I'm a helpful AI assistant."}
2026-09-13 11:22:47 [INFO] conversation.turn.end {'response': "No, this is not working. I'm not responding as Saint. I'm Saint. I'm a helpful AI assistant."}
2026-09-13 11:22:47 [INFO] voice.stt.skip {'session_id': 3, 'reason': 'insufficient_speech', 'speech_frames': 3, 'total_frames': 9, 'speech_ratio': 0.333, 'rms': 0.00945}
2026-09-13 11:22:47 [INFO] tts.speak.done {'text': 'What can I do for you?'}
2026-09-13 11:22:47 [INFO] tts.state.change {'old_state': 'SYNTHESIZING', 'new_state': 'STOPPING'}
2026-09-13 11:22:47 [INFO] tts.interrupted {'request_id': 'tts_-1_2', 'turn_id': -1}
2026-09-13 11:22:47 [INFO] tts.state.change {'old_state': 'STOPPING', 'new_state': 'READY'}
2026-09-13 11:22:51 [INFO] voice.listening.stop
2026-09-13 11:22:56 [INFO] module.loaded {'module': 'AI'}
2026-09-13 11:22:56 [INFO] module.enabled {'module': 'AI'}
2026-09-13 11:22:56 [INFO] module.loaded {'module': 'Voice'}
2026-09-13 11:22:56 [INFO] module.enabled {'module': 'Voice'}
2026-09-13 11:22:57 [INFO] ui.updated {'page': 'Dashboard'}
2026-09-13 11:22:57 [INFO] app.started
2026-09-13 11:22:59 [INFO] module.enabled {'module': 'Voice'}
2026-09-13 11:22:59 [INFO] voice.listening.start
2026-09-13 11:22:59 [INFO] tts.state.change {'old_state': 'UNINITIALIZED', 'new_state': 'LOADING'}
2026-09-13 11:23:00 [INFO] voice.speech.start {'session_id': 1}
2026-09-13 11:23:01 [INFO] voice.speech.end {'session_id': 1}
2026-09-13 11:23:01 [INFO] voice.stt.final {'text': 'Hello.', 'confidence': 0.20351562499999998, 'latency_ms': 89.1, 'inference_ms': 89.1, 'session_id': 1, 'diagnostics': {'sample_rate': 16000, 'channels': 1, 'audio_duration_ms': 390.0, 'audio_rms': 0.060884, 'model': 'base.en', 'device': 'cuda', 'queue_ms': 0.0, 'inference_ms': 89.1, 'total_stt_ms': 89.1, 'num_chunks': 13, 'total_samples': 6240}}
2026-09-13 11:23:01 [INFO] conversation.turn.start {'text': 'Hello.', 'is_interruption': False, 'turn_id': 1, 'session_id': 1, 'request_id': 'f45d54182738'}
2026-09-13 11:23:01 [INFO] ai.stream.start {'turn_id': 1, 'session_id': 1, 'request_id': 'f45d54182738', 'stream_id': 'stream_1_06732977'}
2026-09-13 11:23:01 [INFO] latency.stt {'ms': 89.1}
2026-09-13 11:23:01 [INFO] chat.message.start {'turn_id': 1, 'request_id': 'f45d54182738', 'role': 'assistant'}
2026-09-13 11:23:01 [INFO] ai.provider.test {'provider': 'ollama', 'model': 'llama3.2:1b', 'connected': True, 'details': {'connected': True, 'provider': 'ollama', 'version': '0.34.0'}}
2026-09-13 11:23:01 [INFO] ai.request {'turn_id': 1, 'request_id': 'f45d54182738', 'stream_id': 'stream_1_d3791e7c', 'user_text': 'Hello.', 'prompt_length': 6, 'model': 'llama3.2:1b', 'provider': 'ollama', 'conversation_history_length': 2, 'system_prompt': 'You are SAINT, a helpful AI assistant. Be concise. Respond naturally. If the user interrupts you, ad'}
2026-09-13 11:23:01 [INFO] latency.ai.first_token {'ms': 25.9}
2026-09-13 11:23:01 [INFO] tts.request {'turn_id': 1, 'stream_id': 'stream_1_06732977', 'text_length': 10, 'text_preview': "I'm Saint."}
2026-09-13 11:23:01 [INFO] tts.request {'turn_id': 1, 'stream_id': 'stream_1_06732977', 'text_length': 20, 'text_preview': "What's on your mind?"}
2026-09-13 11:23:01 [INFO] ai.stream.done {'turn_id': 1, 'request_id': 'f45d54182738', 'stream_id': 'stream_1_d3791e7c', 'elapsed_seconds': 0.068, 'response_length': 31}
2026-09-13 11:23:01 [INFO] latency.model {'ms': 68.1, 'turn_id': 1, 'request_id': 'f45d54182738'}
2026-09-13 11:23:01 [INFO] ai.stream.end {'turn_id': 1, 'session_id': 1, 'request_id': 'f45d54182738', 'stream_id': 'stream_1_06732977'}
2026-09-13 11:23:12 [INFO] tts.state.change {'old_state': 'LOADING', 'new_state': 'READY'}
2026-09-13 11:23:12 [INFO] tts.state.change {'old_state': 'READY', 'new_state': 'SYNTHESIZING'}
2026-09-13 11:23:12 [INFO] tts.request {'request_id': 'tts_-1_1', 'turn_id': -1, 'text_length': 10, 'text_preview': "I'm Saint.", 'sequence_id': 1}
2026-09-13 11:23:12 [INFO] tts.speak.start {'text': "I'm Saint.", 'word_count': 2}
2026-09-13 11:23:23 [INFO] voice.interrupt
2026-09-13 11:23:23 [INFO] ai.cancelled {'reason': 'user_cancel'}
2026-09-13 11:23:23 [INFO] conversation.interrupted
2026-09-13 11:23:23 [INFO] voice.speech.start {'session_id': 2}
2026-09-13 11:23:23 [INFO] tts.speak.done {'text': "I'm Saint."}
2026-09-13 11:23:23 [INFO] tts.state.change {'old_state': 'SYNTHESIZING', 'new_state': 'STOPPING'}
2026-09-13 11:23:23 [INFO] tts.interrupted {'request_id': 'tts_-1_1', 'turn_id': -1}
2026-09-13 11:23:23 [INFO] tts.state.change {'old_state': 'STOPPING', 'new_state': 'READY'}
2026-09-13 11:23:23 [INFO] tts.state.change {'old_state': 'READY', 'new_state': 'SYNTHESIZING'}
2026-09-13 11:23:23 [INFO] tts.request {'request_id': 'tts_-1_2', 'turn_id': -1, 'text_length': 20, 'text_preview': "What's on your mind?", 'sequence_id': 2}
2026-09-13 11:23:23 [INFO] tts.speak.start {'text': "What's on your mind?", 'word_count': 4}
2026-09-13 11:23:23 [INFO] latency.ai.total {'ms': 22816.0}
2026-09-13 11:23:23 [INFO] latency.overall {'ms': 22816.1}
2026-09-13 11:23:23 [INFO] chat.message.final {'turn_id': 1, 'length': 31, 'text': "I'm Saint. What's on your mind?"}
2026-09-13 11:23:23 [INFO] ui.chat.render {'turn_id': 1, 'role': 'assistant', 'text': "I'm Saint. What's on your mind?"}
2026-09-13 11:23:23 [INFO] conversation.turn.end {'response': "I'm Saint. What's on your mind?"}
2026-09-13 11:23:24 [INFO] voice.stt.skip {'session_id': 2, 'reason': 'insufficient_speech', 'speech_frames': 7, 'total_frames': 18, 'speech_ratio': 0.389, 'rms': 0.013302}
2026-09-13 11:23:27 [INFO] voice.speech.start {'session_id': 3}
2026-09-13 11:23:27 [INFO] voice.stt.skip {'session_id': 3, 'reason': 'insufficient_speech', 'speech_frames': 4, 'total_frames': 10, 'speech_ratio': 0.4, 'rms': 0.020533}
2026-09-13 11:23:28 [INFO] voice.listening.stop
2026-09-13 11:23:33 [INFO] module.enabled {'module': 'Voice'}
2026-09-13 11:23:33 [INFO] voice.listening.start
2026-09-13 11:23:34 [INFO] voice.speech.start {'session_id': 4}
2026-09-13 11:23:35 [INFO] voice.listening.stop
2026-09-13 11:23:45 [INFO] tts.speak.done {'text': "What's on your mind?"}
2026-09-13 11:23:45 [INFO] tts.state.change {'old_state': 'SYNTHESIZING', 'new_state': 'READY'}
2026-09-13 11:23:51 [INFO] tts.warmup.complete {'warmup_ms': 39440.6, 'engine': 'qwen'}
2026-09-13 11:30:31 [INFO] module.loaded {'module': 'AI'}
2026-09-13 11:30:31 [INFO] module.enabled {'module': 'AI'}
2026-09-13 11:30:31 [INFO] module.loaded {'module': 'Voice'}
2026-09-13 11:30:31 [INFO] module.enabled {'module': 'Voice'}
2026-09-13 11:30:32 [INFO] ui.updated {'page': 'Dashboard'}
2026-09-13 11:30:32 [INFO] app.started
2026-09-13 11:30:33 [INFO] ui.updated {'page': 'Settings'}
2026-09-13 11:30:42 [INFO] settings.changed
2026-09-13 11:30:43 [INFO] ui.updated {'page': 'Dashboard'}
2026-09-13 11:30:45 [INFO] module.enabled {'module': 'Voice'}
2026-09-13 11:30:45 [INFO] voice.listening.start
2026-09-13 11:30:45 [INFO] tts.state.change {'old_state': 'UNINITIALIZED', 'new_state': 'LOADING'}
2026-09-13 11:30:45 [INFO] tts.state.change {'old_state': 'LOADING', 'new_state': 'READY'}
2026-09-13 11:30:45 [INFO] tts.warmup.complete {'warmup_ms': 0.0, 'engine': 'mock'}
2026-09-13 11:30:46 [INFO] voice.speech.start {'session_id': 1}
2026-09-13 11:30:47 [INFO] voice.speech.end {'session_id': 1}
2026-09-13 11:30:47 [INFO] voice.stt.final {'text': 'Hello, is this working?', 'confidence': 0.5377604166666667, 'latency_ms': 105.1, 'inference_ms': 105.1, 'session_id': 1, 'diagnostics': {'sample_rate': 16000, 'channels': 1, 'audio_duration_ms': 1110.0, 'audio_rms': 0.055445, 'model': 'base.en', 'device': 'cuda', 'queue_ms': 0.0, 'inference_ms': 105.1, 'total_stt_ms': 105.1, 'num_chunks': 37, 'total_samples': 17760}}
2026-09-13 11:30:47 [INFO] conversation.turn.start {'text': 'Hello, is this working?', 'is_interruption': False, 'turn_id': 1, 'session_id': 1, 'request_id': '2d1bf02f94cf'}
2026-09-13 11:30:47 [INFO] ai.stream.start {'turn_id': 1, 'session_id': 1, 'request_id': '2d1bf02f94cf', 'stream_id': 'stream_1_cde51347'}
2026-09-13 11:30:47 [INFO] latency.stt {'ms': 105.1}
2026-09-13 11:30:47 [INFO] chat.message.start {'turn_id': 1, 'request_id': '2d1bf02f94cf', 'role': 'assistant'}
2026-09-13 11:30:47 [INFO] ai.provider.test {'provider': 'ollama', 'model': 'llama3.2:1b', 'connected': True, 'details': {'connected': True, 'provider': 'ollama', 'version': '0.34.0'}}
2026-09-13 11:30:47 [INFO] ai.request {'turn_id': 1, 'request_id': '2d1bf02f94cf', 'stream_id': 'stream_1_b4d7cec0', 'user_text': 'Hello, is this working?', 'prompt_length': 23, 'model': 'llama3.2:1b', 'provider': 'ollama', 'conversation_history_length': 2, 'system_prompt': 'You are SAINT, a helpful AI assistant. Be concise. Respond naturally. If the user interrupts you, ad'}
2026-09-13 11:30:47 [INFO] latency.ai.first_token {'ms': 20.2}
2026-09-13 11:30:47 [INFO] tts.request {'turn_id': 1, 'stream_id': 'stream_1_cde51347', 'text_length': 28, 'text_preview': "I'm functioning as expected."}
2026-09-13 11:30:47 [INFO] tts.state.change {'old_state': 'READY', 'new_state': 'SYNTHESIZING'}
2026-09-13 11:30:47 [INFO] tts.request {'request_id': 'tts_-1_1', 'turn_id': -1, 'text_length': 28, 'text_preview': "I'm functioning as expected.", 'sequence_id': 1}
2026-09-13 11:30:47 [INFO] tts.speak.start {'text': "I'm functioning as expected.", 'word_count': 4}
2026-09-13 11:30:47 [INFO] tts.request {'turn_id': 1, 'stream_id': 'stream_1_cde51347', 'text_length': 30, 'text_preview': "What's your question or topic?"}
2026-09-13 11:30:47 [INFO] ai.stream.done {'turn_id': 1, 'request_id': '2d1bf02f94cf', 'stream_id': 'stream_1_b4d7cec0', 'elapsed_seconds': 0.078, 'response_length': 59}
2026-09-13 11:30:47 [INFO] latency.model {'ms': 78.0, 'turn_id': 1, 'request_id': '2d1bf02f94cf'}
2026-09-13 11:30:47 [INFO] ai.stream.end {'turn_id': 1, 'session_id': 1, 'request_id': '2d1bf02f94cf', 'stream_id': 'stream_1_cde51347'}
2026-09-13 11:30:47 [INFO] tts.speak.done {'text': "I'm functioning as expected."}
2026-09-13 11:30:47 [INFO] tts.state.change {'old_state': 'SYNTHESIZING', 'new_state': 'READY'}
2026-09-13 11:30:47 [INFO] tts.state.change {'old_state': 'READY', 'new_state': 'SYNTHESIZING'}
2026-09-13 11:30:47 [INFO] tts.request {'request_id': 'tts_-1_2', 'turn_id': -1, 'text_length': 30, 'text_preview': "What's your question or topic?", 'sequence_id': 2}
2026-09-13 11:30:47 [INFO] tts.speak.start {'text': "What's your question or topic?", 'word_count': 5}
2026-09-13 11:30:48 [INFO] tts.speak.done {'text': "What's your question or topic?"}
2026-09-13 11:30:48 [INFO] tts.state.change {'old_state': 'SYNTHESIZING', 'new_state': 'READY'}
2026-09-13 11:30:48 [INFO] latency.ai.total {'ms': 1048.2}
2026-09-13 11:30:48 [INFO] latency.overall {'ms': 1048.2}
2026-09-13 11:30:48 [INFO] chat.message.final {'turn_id': 1, 'length': 59, 'text': "I'm functioning as expected. What's your question or topic?"}
2026-09-13 11:30:48 [INFO] ui.chat.render {'turn_id': 1, 'role': 'assistant', 'text': "I'm functioning as expected. What's your question or topic?"}
2026-09-13 11:30:48 [INFO] conversation.turn.end {'response': "I'm functioning as expected. What's your question or topic?"}
2026-09-13 11:30:48 [INFO] voice.listening.stop
2026-09-13 11:31:41 [INFO] module.enabled {'module': 'Voice'}
2026-09-13 11:31:41 [INFO] voice.listening.start
2026-09-13 11:31:43 [INFO] voice.speech.start {'session_id': 2}
2026-09-13 11:31:43 [INFO] voice.speech.end {'session_id': 2}
2026-09-13 11:31:43 [INFO] voice.stt.final {'text': 'Hello.', 'confidence': 0.2890625, 'latency_ms': 85.7, 'inference_ms': 85.6, 'session_id': 2, 'diagnostics': {'sample_rate': 16000, 'channels': 1, 'audio_duration_ms': 480.0, 'audio_rms': 0.07858, 'model': 'base.en', 'device': 'cuda', 'queue_ms': 0.0, 'inference_ms': 85.6, 'total_stt_ms': 85.7, 'num_chunks': 16, 'total_samples': 7680}}
2026-09-13 11:31:43 [INFO] conversation.turn.start {'text': 'Hello.', 'is_interruption': False, 'turn_id': 2, 'session_id': 2, 'request_id': '8ca257e7e669'}
2026-09-13 11:31:43 [INFO] ai.stream.start {'turn_id': 2, 'session_id': 2, 'request_id': '8ca257e7e669', 'stream_id': 'stream_2_1b4c1ff8'}
2026-09-13 11:31:43 [INFO] latency.stt {'ms': 85.7}
2026-09-13 11:31:43 [INFO] chat.message.start {'turn_id': 2, 'request_id': '8ca257e7e669', 'role': 'assistant'}
2026-09-13 11:31:43 [INFO] ai.request {'turn_id': 2, 'request_id': '8ca257e7e669', 'stream_id': 'stream_2_d0a103ed', 'user_text': 'Hello.', 'prompt_length': 6, 'model': 'llama3.2:1b', 'provider': 'ollama', 'conversation_history_length': 4, 'system_prompt': 'You are SAINT, a helpful AI assistant. Be concise. Respond naturally. If the user interrupts you, ad'}
2026-09-13 11:31:43 [INFO] latency.ai.first_token {'ms': 17.4}
2026-09-13 11:31:43 [INFO] tts.request {'turn_id': 2, 'stream_id': 'stream_2_1b4c1ff8', 'text_length': 20, 'text_preview': "What's on your mind?"}
2026-09-13 11:31:43 [INFO] tts.state.change {'old_state': 'READY', 'new_state': 'SYNTHESIZING'}
2026-09-13 11:31:43 [INFO] tts.request {'request_id': 'tts_-1_3', 'turn_id': -1, 'text_length': 20, 'text_preview': "What's on your mind?", 'sequence_id': 3}
2026-09-13 11:31:43 [INFO] tts.speak.start {'text': "What's on your mind?", 'word_count': 4}
2026-09-13 11:31:43 [INFO] ai.stream.done {'turn_id': 2, 'request_id': '8ca257e7e669', 'stream_id': 'stream_2_d0a103ed', 'elapsed_seconds': 0.045, 'response_length': 20}
2026-09-13 11:31:43 [INFO] latency.model {'ms': 45.5, 'turn_id': 2, 'request_id': '8ca257e7e669'}
2026-09-13 11:31:43 [INFO] ai.stream.end {'turn_id': 2, 'session_id': 2, 'request_id': '8ca257e7e669', 'stream_id': 'stream_2_1b4c1ff8'}
2026-09-13 11:31:44 [INFO] tts.speak.done {'text': "What's on your mind?"}
2026-09-13 11:31:44 [INFO] tts.state.change {'old_state': 'SYNTHESIZING', 'new_state': 'READY'}
2026-09-13 11:31:44 [INFO] latency.ai.total {'ms': 496.3}
2026-09-13 11:31:44 [INFO] latency.overall {'ms': 496.3}
2026-09-13 11:31:44 [INFO] chat.message.final {'turn_id': 2, 'length': 20, 'text': "What's on your mind?"}
2026-09-13 11:31:44 [INFO] ui.chat.render {'turn_id': 2, 'role': 'assistant', 'text': "What's on your mind?"}
2026-09-13 11:31:44 [INFO] conversation.turn.end {'response': "What's on your mind?"}
2026-09-13 11:31:45 [INFO] voice.listening.stop
2026-09-13 12:12:44 [INFO] module.loaded {'module': 'AI'}
2026-09-13 12:12:44 [INFO] module.enabled {'module': 'AI'}
2026-09-13 12:12:44 [INFO] module.loaded {'module': 'Voice'}
2026-09-13 12:12:44 [INFO] module.enabled {'module': 'Voice'}
2026-09-13 12:12:44 [INFO] ui.updated {'page': 'Dashboard'}
2026-09-13 12:12:44 [INFO] app.started
2026-09-13 12:12:48 [INFO] module.enabled {'module': 'Voice'}
2026-09-13 12:12:48 [INFO] voice.listening.start
2026-09-13 12:12:48 [INFO] tts.state.change {'old_state': 'UNINITIALIZED', 'new_state': 'LOADING'}
2026-09-13 12:12:48 [INFO] tts.state.change {'old_state': 'LOADING', 'new_state': 'ERROR'}
2026-09-13 12:12:48 [INFO] tts.error {'error': "TTS initialization failed: Could not load Kokoro TTS pipeline: No module named 'kokoro'", 'phase': 'initialization'}
2026-09-13 12:12:49 [INFO] voice.speech.start {'session_id': 1}
2026-09-13 12:12:50 [INFO] voice.speech.end {'session_id': 1}
2026-09-13 12:12:50 [INFO] voice.stt.final {'text': 'Hello.', 'confidence': 0.34140625, 'latency_ms': 83.6, 'inference_ms': 83.6, 'session_id': 1, 'diagnostics': {'sample_rate': 16000, 'channels': 1, 'audio_duration_ms': 420.0, 'audio_rms': 0.035134, 'model': 'base.en', 'device': 'cuda', 'queue_ms': 0.0, 'inference_ms': 83.6, 'total_stt_ms': 83.6, 'num_chunks': 14, 'total_samples': 6720}}
2026-09-13 12:12:50 [INFO] conversation.turn.start {'text': 'Hello.', 'is_interruption': False, 'turn_id': 1, 'session_id': 1, 'request_id': 'cec26055f167'}
2026-09-13 12:12:50 [INFO] ai.stream.start {'turn_id': 1, 'session_id': 1, 'request_id': 'cec26055f167', 'stream_id': 'stream_1_d963439e'}
2026-09-13 12:12:50 [INFO] latency.stt {'ms': 83.6}
2026-09-13 12:12:50 [INFO] chat.message.start {'turn_id': 1, 'request_id': 'cec26055f167', 'role': 'assistant'}
2026-09-13 12:12:50 [INFO] ai.provider.test {'provider': 'ollama', 'model': 'llama3.2:1b', 'connected': True, 'details': {'connected': True, 'provider': 'ollama', 'version': '0.34.0'}}
2026-09-13 12:12:50 [INFO] ai.request {'turn_id': 1, 'request_id': 'cec26055f167', 'stream_id': 'stream_1_7b1eb1d3', 'user_text': 'Hello.', 'prompt_length': 6, 'model': 'llama3.2:1b', 'provider': 'ollama', 'conversation_history_length': 2, 'system_prompt': 'You are SAINT, a helpful AI assistant. Be concise. Respond naturally. If the user interrupts you, ad'}
2026-09-13 12:12:50 [INFO] latency.ai.first_token {'ms': 18.7}
2026-09-13 12:12:50 [INFO] tts.request {'turn_id': 1, 'stream_id': 'stream_1_d963439e', 'text_length': 26, 'text_preview': "What's on your mind today?"}
2026-09-13 12:12:50 [INFO] ai.stream.done {'turn_id': 1, 'request_id': 'cec26055f167', 'stream_id': 'stream_1_7b1eb1d3', 'elapsed_seconds': 0.05, 'response_length': 26}
2026-09-13 12:12:50 [INFO] latency.model {'ms': 49.8, 'turn_id': 1, 'request_id': 'cec26055f167'}
2026-09-13 12:12:50 [INFO] ai.stream.end {'turn_id': 1, 'session_id': 1, 'request_id': 'cec26055f167', 'stream_id': 'stream_1_d963439e'}
2026-09-13 12:12:50 [INFO] latency.ai.total {'ms': 53.9}
2026-09-13 12:12:50 [INFO] latency.overall {'ms': 53.9}
2026-09-13 12:12:50 [INFO] chat.message.final {'turn_id': 1, 'length': 26, 'text': "What's on your mind today?"}
2026-09-13 12:12:50 [INFO] ui.chat.render {'turn_id': 1, 'role': 'assistant', 'text': "What's on your mind today?"}
2026-09-13 12:12:50 [INFO] conversation.turn.end {'response': "What's on your mind today?"}
2026-09-13 12:12:50 [INFO] voice.listening.stop
2026-09-13 12:16:59 [INFO] module.loaded {'module': 'AI'}
2026-09-13 12:16:59 [INFO] module.enabled {'module': 'AI'}
2026-09-13 12:16:59 [INFO] module.loaded {'module': 'Voice'}
2026-09-13 12:16:59 [INFO] module.enabled {'module': 'Voice'}
2026-09-13 12:17:00 [INFO] ui.updated {'page': 'Dashboard'}
2026-09-13 12:17:00 [INFO] app.started
2026-09-13 12:17:06 [INFO] module.enabled {'module': 'Voice'}
2026-09-13 12:17:06 [INFO] voice.listening.start
2026-09-13 12:17:06 [INFO] tts.state.change {'old_state': 'UNINITIALIZED', 'new_state': 'LOADING'}
2026-09-13 12:17:07 [INFO] voice.speech.start {'session_id': 1}
2026-09-13 12:17:07 [INFO] voice.speech.end {'session_id': 1}
2026-09-13 12:17:07 [INFO] voice.stt.final {'text': 'Hello?', 'confidence': 0.345703125, 'latency_ms': 77.4, 'inference_ms': 77.4, 'session_id': 1, 'diagnostics': {'sample_rate': 16000, 'channels': 1, 'audio_duration_ms': 510.0, 'audio_rms': 0.032849, 'model': 'base.en', 'device': 'cuda', 'queue_ms': 0.0, 'inference_ms': 77.4, 'total_stt_ms': 77.4, 'num_chunks': 17, 'total_samples': 8160}}
2026-09-13 12:17:07 [INFO] conversation.turn.start {'text': 'Hello?', 'is_interruption': False, 'turn_id': 1, 'session_id': 1, 'request_id': '051d03234b9c'}
2026-09-13 12:17:07 [INFO] ai.stream.start {'turn_id': 1, 'session_id': 1, 'request_id': '051d03234b9c', 'stream_id': 'stream_1_dc529e84'}
2026-09-13 12:17:15 [INFO] latency.stt {'ms': 77.4}
2026-09-13 12:17:15 [INFO] voice.speech.start {'session_id': 2}
2026-09-13 12:17:15 [INFO] voice.stt.skip {'session_id': 2, 'reason': 'insufficient_speech', 'speech_frames': 7, 'total_frames': 13, 'speech_ratio': 0.538, 'rms': 0.044566}
2026-09-13 12:17:15 [INFO] voice.speech.start {'session_id': 3}
2026-09-13 12:17:15 [INFO] chat.message.start {'turn_id': 1, 'request_id': '051d03234b9c', 'role': 'assistant'}
2026-09-13 12:17:15 [INFO] ai.provider.test {'provider': 'ollama', 'model': 'llama3.2:1b', 'connected': True, 'details': {'connected': True, 'provider': 'ollama', 'version': '0.34.0'}}
2026-09-13 12:17:15 [INFO] ai.request {'turn_id': 1, 'request_id': '051d03234b9c', 'stream_id': 'stream_1_431bbfc8', 'user_text': 'Hello?', 'prompt_length': 6, 'model': 'llama3.2:1b', 'provider': 'ollama', 'conversation_history_length': 2, 'system_prompt': 'You are SAINT, a helpful AI assistant. Be concise. Respond naturally. If the user interrupts you, ad'}
2026-09-13 12:17:17 [INFO] voice.listening.stop
2026-09-13 12:17:17 [INFO] latency.ai.first_token {'ms': 7439.4}
2026-09-13 12:17:17 [INFO] tts.request {'turn_id': 1, 'stream_id': 'stream_1_dc529e84', 'text_length': 6, 'text_preview': 'Hello.'}
2026-09-13 12:17:17 [INFO] tts.request {'turn_id': 1, 'stream_id': 'stream_1_dc529e84', 'text_length': 31, 'text_preview': 'What can I help you with today?'}
2026-09-13 12:17:17 [INFO] ai.stream.done {'turn_id': 1, 'request_id': '051d03234b9c', 'stream_id': 'stream_1_431bbfc8', 'elapsed_seconds': 0.089, 'response_length': 38}
2026-09-13 12:17:17 [INFO] latency.model {'ms': 89.1, 'turn_id': 1, 'request_id': '051d03234b9c'}
2026-09-13 12:17:17 [INFO] ai.stream.end {'turn_id': 1, 'session_id': 1, 'request_id': '051d03234b9c', 'stream_id': 'stream_1_dc529e84'}
2026-09-13 12:17:17 [INFO] voice.speech.end {'session_id': 3}
2026-09-13 12:17:17 [INFO] voice.stt.error {'error': 'empty_transcription_result', 'session_id': 3}
2026-09-13 12:17:25 [INFO] ui.updated {'page': 'Settings'}
2026-09-13 12:17:27 [INFO] tts.state.change {'old_state': 'LOADING', 'new_state': 'ERROR'}
2026-09-13 12:17:27 [INFO] tts.error {'error': 'TTS initialization failed: Could not load Kokoro TTS pipeline: CUDA requested but not available', 'phase': 'initialization'}
2026-09-13 12:17:27 [INFO] latency.ai.total {'ms': 19298.4}
2026-09-13 12:17:27 [INFO] latency.overall {'ms': 19298.5}
2026-09-13 12:17:27 [INFO] chat.message.final {'turn_id': 1, 'length': 38, 'text': 'Hello. What can I help you with today?'}
2026-09-13 12:17:27 [INFO] ui.chat.render {'turn_id': 1, 'role': 'assistant', 'text': 'Hello. What can I help you with today?'}
2026-09-13 12:17:27 [INFO] conversation.turn.end {'response': 'Hello. What can I help you with today?'}
2026-09-13 12:17:39 [INFO] ui.updated {'page': 'Dashboard'}
2026-09-13 12:23:44 [INFO] module.loaded {'module': 'AI'}
2026-09-13 12:23:44 [INFO] module.enabled {'module': 'AI'}
2026-09-13 12:23:44 [INFO] module.loaded {'module': 'Voice'}
2026-09-13 12:23:44 [INFO] module.enabled {'module': 'Voice'}
2026-09-13 12:23:45 [INFO] ui.updated {'page': 'Dashboard'}
2026-09-13 12:23:45 [INFO] app.started
2026-09-13 12:23:48 [INFO] module.enabled {'module': 'Voice'}
2026-09-13 12:23:48 [INFO] voice.listening.start
2026-09-13 12:23:48 [INFO] tts.state.change {'old_state': 'UNINITIALIZED', 'new_state': 'LOADING'}
2026-09-13 12:23:50 [INFO] voice.speech.start {'session_id': 1}
2026-09-13 12:23:50 [INFO] voice.speech.end {'session_id': 1}
2026-09-13 12:23:50 [INFO] voice.stt.final {'text': 'Hello.', 'confidence': 0.33828125, 'latency_ms': 75.6, 'inference_ms': 75.6, 'session_id': 1, 'diagnostics': {'sample_rate': 16000, 'channels': 1, 'audio_duration_ms': 450.0, 'audio_rms': 0.067418, 'model': 'base.en', 'device': 'cuda', 'queue_ms': 0.0, 'inference_ms': 75.6, 'total_stt_ms': 75.6, 'num_chunks': 15, 'total_samples': 7200}}
2026-09-13 12:23:50 [INFO] conversation.turn.start {'text': 'Hello.', 'is_interruption': False, 'turn_id': 1, 'session_id': 1, 'request_id': '2cc72c5fbb4c'}
2026-09-13 12:23:50 [INFO] ai.stream.start {'turn_id': 1, 'session_id': 1, 'request_id': '2cc72c5fbb4c', 'stream_id': 'stream_1_e9b02ea6'}
2026-09-13 12:23:50 [INFO] latency.stt {'ms': 75.6}
2026-09-13 12:23:50 [INFO] chat.message.start {'turn_id': 1, 'request_id': '2cc72c5fbb4c', 'role': 'assistant'}
2026-09-13 12:23:50 [INFO] ai.provider.test {'provider': 'ollama', 'model': 'llama3.2:1b', 'connected': True, 'details': {'connected': True, 'provider': 'ollama', 'version': '0.34.0'}}
2026-09-13 12:23:50 [INFO] ai.request {'turn_id': 1, 'request_id': '2cc72c5fbb4c', 'stream_id': 'stream_1_86e7a86b', 'user_text': 'Hello.', 'prompt_length': 6, 'model': 'llama3.2:1b', 'provider': 'ollama', 'conversation_history_length': 2, 'system_prompt': 'You are SAINT, a helpful AI assistant. Be concise. Respond naturally. If the user interrupts you, ad'}
2026-09-13 12:23:50 [INFO] latency.ai.first_token {'ms': 20.3}
2026-09-13 12:23:50 [INFO] tts.request {'turn_id': 1, 'stream_id': 'stream_1_e9b02ea6', 'text_length': 6, 'text_preview': 'Hello.'}
2026-09-13 12:23:50 [INFO] tts.request {'turn_id': 1, 'stream_id': 'stream_1_e9b02ea6', 'text_length': 22, 'text_preview': 'What can I do for you?'}
2026-09-13 12:23:50 [INFO] ai.stream.done {'turn_id': 1, 'request_id': '2cc72c5fbb4c', 'stream_id': 'stream_1_86e7a86b', 'elapsed_seconds': 0.06, 'response_length': 29}
2026-09-13 12:23:50 [INFO] latency.model {'ms': 60.4, 'turn_id': 1, 'request_id': '2cc72c5fbb4c'}
2026-09-13 12:23:50 [INFO] ai.stream.end {'turn_id': 1, 'session_id': 1, 'request_id': '2cc72c5fbb4c', 'stream_id': 'stream_1_e9b02ea6'}
2026-09-13 12:23:51 [INFO] voice.listening.stop
2026-09-13 12:23:55 [INFO] tts.state.change {'old_state': 'LOADING', 'new_state': 'ERROR'}
2026-09-13 12:23:55 [INFO] tts.error {'error': 'TTS initialization failed: Could not load Kokoro TTS pipeline: CUDA requested but not available', 'phase': 'initialization'}
2026-09-13 12:23:55 [INFO] latency.ai.total {'ms': 5139.3}
2026-09-13 12:23:55 [INFO] latency.overall {'ms': 5139.5}
2026-09-13 12:23:55 [INFO] chat.message.final {'turn_id': 1, 'length': 29, 'text': 'Hello. What can I do for you?'}
2026-09-13 12:23:55 [INFO] ui.chat.render {'turn_id': 1, 'role': 'assistant', 'text': 'Hello. What can I do for you?'}
2026-09-13 12:23:55 [INFO] conversation.turn.end {'response': 'Hello. What can I do for you?'}
2026-09-13 12:24:10 [INFO] module.enabled {'module': 'Voice'}
2026-09-13 12:24:10 [INFO] voice.listening.start
2026-09-13 12:24:11 [INFO] voice.speech.start {'session_id': 2}
2026-09-13 12:24:12 [INFO] voice.speech.end {'session_id': 2}
2026-09-13 12:24:12 [INFO] voice.stt.final {'text': 'is text-to-speech working.', 'confidence': 0.5245028625835072, 'latency_ms': 121.3, 'inference_ms': 121.3, 'session_id': 2, 'diagnostics': {'sample_rate': 16000, 'channels': 1, 'audio_duration_ms': 1500.0, 'audio_rms': 0.05009, 'model': 'base.en', 'device': 'cuda', 'queue_ms': 0.0, 'inference_ms': 121.3, 'total_stt_ms': 121.3, 'num_chunks': 50, 'total_samples': 24000}}
2026-09-13 12:24:12 [INFO] conversation.turn.start {'text': 'is text-to-speech working.', 'is_interruption': False, 'turn_id': 2, 'session_id': 2, 'request_id': 'c405360b7018'}
2026-09-13 12:24:12 [INFO] ai.stream.start {'turn_id': 2, 'session_id': 2, 'request_id': 'c405360b7018', 'stream_id': 'stream_2_361c097a'}
2026-09-13 12:24:12 [INFO] latency.stt {'ms': 121.3}
2026-09-13 12:24:12 [INFO] chat.message.start {'turn_id': 2, 'request_id': 'c405360b7018', 'role': 'assistant'}
2026-09-13 12:24:12 [INFO] ai.request {'turn_id': 2, 'request_id': 'c405360b7018', 'stream_id': 'stream_2_6178b24f', 'user_text': 'is text-to-speech working.', 'prompt_length': 26, 'model': 'llama3.2:1b', 'provider': 'ollama', 'conversation_history_length': 4, 'system_prompt': 'You are SAINT, a helpful AI assistant. Be concise. Respond naturally. If the user interrupts you, ad'}
2026-09-13 12:24:12 [INFO] latency.ai.first_token {'ms': 20.0}
2026-09-13 12:24:12 [INFO] tts.request {'turn_id': 2, 'stream_id': 'stream_2_361c097a', 'text_length': 4, 'text_preview': 'Yes,'}
2026-09-13 12:24:12 [INFO] tts.request {'turn_id': 2, 'stream_id': 'stream_2_361c097a', 'text_length': 26, 'text_preview': 'text-to-speech is working.'}
2026-09-13 12:24:12 [INFO] tts.request {'turn_id': 2, 'stream_id': 'stream_2_361c097a', 'text_length': 29, 'text_preview': 'How can I assist you further?'}
2026-09-13 12:24:12 [INFO] ai.stream.done {'turn_id': 2, 'request_id': 'c405360b7018', 'stream_id': 'stream_2_6178b24f', 'elapsed_seconds': 0.095, 'response_length': 61}
2026-09-13 12:24:12 [INFO] latency.model {'ms': 95.5, 'turn_id': 2, 'request_id': 'c405360b7018'}
2026-09-13 12:24:12 [INFO] ai.stream.end {'turn_id': 2, 'session_id': 2, 'request_id': 'c405360b7018', 'stream_id': 'stream_2_361c097a'}
2026-09-13 12:24:12 [INFO] latency.ai.total {'ms': 97.6}
2026-09-13 12:24:12 [INFO] latency.overall {'ms': 97.6}
2026-09-13 12:24:12 [INFO] chat.message.final {'turn_id': 2, 'length': 61, 'text': 'Yes, text-to-speech is working. How can I assist you further?'}
2026-09-13 12:24:12 [INFO] ui.chat.render {'turn_id': 2, 'role': 'assistant', 'text': 'Yes, text-to-speech is working. How can I assist you further?'}
2026-09-13 12:24:12 [INFO] conversation.turn.end {'response': 'Yes, text-to-speech is working. How can I assist you further?'}
2026-09-13 12:24:16 [INFO] voice.listening.stop
2026-09-13 12:24:54 [INFO] ui.updated {'page': 'Settings'}
2026-09-13 12:29:49 [INFO] module.loaded {'module': 'AI'}
2026-09-13 12:29:49 [INFO] module.enabled {'module': 'AI'}
2026-09-13 12:29:49 [INFO] module.loaded {'module': 'Voice'}
2026-09-13 12:29:49 [INFO] module.enabled {'module': 'Voice'}
2026-09-13 12:29:49 [INFO] ui.updated {'page': 'Dashboard'}
2026-09-13 12:29:49 [INFO] app.started
2026-09-13 12:29:52 [INFO] module.enabled {'module': 'Voice'}
2026-09-13 12:29:52 [INFO] voice.listening.start
2026-09-13 12:29:52 [INFO] tts.state.change {'old_state': 'UNINITIALIZED', 'new_state': 'LOADING'}
2026-09-13 12:29:52 [INFO] voice.speech.start {'session_id': 1}
2026-09-13 12:29:53 [INFO] voice.listening.stop
2026-09-13 12:29:53 [INFO] voice.speech.end {'session_id': 1}
2026-09-13 12:29:53 [INFO] voice.stt.final {'text': 'Hello.', 'confidence': 0.35390625, 'latency_ms': 138.0, 'inference_ms': 138.0, 'session_id': 1, 'diagnostics': {'sample_rate': 16000, 'channels': 1, 'audio_duration_ms': 480.0, 'audio_rms': 0.13656, 'model': 'base.en', 'device': 'cuda', 'queue_ms': 0.0, 'inference_ms': 138.0, 'total_stt_ms': 138.0, 'num_chunks': 16, 'total_samples': 7680}}
2026-09-13 12:29:53 [INFO] conversation.turn.start {'text': 'Hello.', 'is_interruption': False, 'turn_id': 1, 'session_id': 1, 'request_id': '7220b1988d68'}
2026-09-13 12:29:53 [INFO] ai.stream.start {'turn_id': 1, 'session_id': 1, 'request_id': '7220b1988d68', 'stream_id': 'stream_1_fa1daf05'}
2026-09-13 12:29:53 [INFO] latency.stt {'ms': 138.0}
2026-09-13 12:29:53 [INFO] chat.message.start {'turn_id': 1, 'request_id': '7220b1988d68', 'role': 'assistant'}
2026-09-13 12:29:53 [INFO] ai.provider.test {'provider': 'ollama', 'model': 'llama3.2:1b', 'connected': True, 'details': {'connected': True, 'provider': 'ollama', 'version': '0.34.0'}}
2026-09-13 12:29:53 [INFO] ai.request {'turn_id': 1, 'request_id': '7220b1988d68', 'stream_id': 'stream_1_dd7ce77d', 'user_text': 'Hello.', 'prompt_length': 6, 'model': 'llama3.2:1b', 'provider': 'ollama', 'conversation_history_length': 2, 'system_prompt': 'You are SAINT, a helpful AI assistant. Be concise. Respond naturally. If the user interrupts you, ad'}
2026-09-13 12:29:53 [INFO] latency.ai.first_token {'ms': 20.6}
2026-09-13 12:29:53 [INFO] tts.request {'turn_id': 1, 'stream_id': 'stream_1_fa1daf05', 'text_length': 20, 'text_preview': "What's on your mind?"}
2026-09-13 12:29:53 [INFO] ai.stream.done {'turn_id': 1, 'request_id': '7220b1988d68', 'stream_id': 'stream_1_dd7ce77d', 'elapsed_seconds': 0.042, 'response_length': 20}
2026-09-13 12:29:53 [INFO] latency.model {'ms': 42.4, 'turn_id': 1, 'request_id': '7220b1988d68'}
2026-09-13 12:29:53 [INFO] ai.stream.end {'turn_id': 1, 'session_id': 1, 'request_id': '7220b1988d68', 'stream_id': 'stream_1_fa1daf05'}
2026-09-13 12:29:53 [INFO] latency.ai.total {'ms': 49.3}
2026-09-13 12:29:53 [INFO] latency.overall {'ms': 49.3}
2026-09-13 12:29:53 [INFO] chat.message.final {'turn_id': 1, 'length': 20, 'text': "What's on your mind?"}
2026-09-13 12:29:53 [INFO] ui.chat.render {'turn_id': 1, 'role': 'assistant', 'text': "What's on your mind?"}
2026-09-13 12:29:53 [INFO] conversation.turn.end {'response': "What's on your mind?"}
2026-09-13 12:29:56 [INFO] ui.updated {'page': 'Settings'}
2026-09-13 12:30:09 [INFO] tts.state.change {'old_state': 'LOADING', 'new_state': 'READY'}
2026-09-13 12:30:09 [INFO] tts.speak.start {'text': '.', 'word_count': 1}
2026-09-13 12:30:09 [INFO] tts.state.change {'old_state': 'READY', 'new_state': 'SYNTHESIZING'}
2026-09-13 12:30:09 [INFO] tts.request {'request_id': 'tts_-1_1', 'turn_id': -1, 'text_length': 20, 'text_preview': "What's on your mind?", 'sequence_id': 1}
2026-09-13 12:30:09 [INFO] tts.speak.start {'text': "What's on your mind?", 'word_count': 4}
2026-09-13 12:30:11 [INFO] tts.speak.done {'text': '.'}
2026-09-13 12:30:11 [INFO] tts.warmup.complete {'warmup_ms': 1582.1, 'engine': 'kokoro'}
2026-09-13 12:30:17 [INFO] tts.speak.done {'text': "What's on your mind?"}
2026-09-13 12:30:17 [INFO] tts.state.change {'old_state': 'SYNTHESIZING', 'new_state': 'READY'}
2026-09-13 12:30:21 [INFO] ui.updated {'page': 'Dashboard'}
2026-09-13 12:30:23 [INFO] module.enabled {'module': 'Voice'}
2026-09-13 12:30:23 [INFO] voice.listening.start
2026-09-13 12:30:24 [INFO] voice.speech.start {'session_id': 2}
2026-09-13 12:30:25 [INFO] voice.speech.end {'session_id': 2}
2026-09-13 12:30:25 [INFO] voice.stt.final {'text': 'Is this working?', 'confidence': 0.5044642857142857, 'latency_ms': 97.0, 'inference_ms': 97.0, 'session_id': 2, 'diagnostics': {'sample_rate': 16000, 'channels': 1, 'audio_duration_ms': 780.0, 'audio_rms': 0.075109, 'model': 'base.en', 'device': 'cuda', 'queue_ms': 0.0, 'inference_ms': 97.0, 'total_stt_ms': 97.0, 'num_chunks': 26, 'total_samples': 12480}}
2026-09-13 12:30:25 [INFO] conversation.turn.start {'text': 'Is this working?', 'is_interruption': False, 'turn_id': 2, 'session_id': 2, 'request_id': '0714962a857a'}
2026-09-13 12:30:25 [INFO] ai.stream.start {'turn_id': 2, 'session_id': 2, 'request_id': '0714962a857a', 'stream_id': 'stream_2_fa6fafb9'}
2026-09-13 12:30:25 [INFO] latency.stt {'ms': 97.0}
2026-09-13 12:30:25 [INFO] chat.message.start {'turn_id': 2, 'request_id': '0714962a857a', 'role': 'assistant'}
2026-09-13 12:30:25 [INFO] ai.request {'turn_id': 2, 'request_id': '0714962a857a', 'stream_id': 'stream_2_a7accb04', 'user_text': 'Is this working?', 'prompt_length': 16, 'model': 'llama3.2:1b', 'provider': 'ollama', 'conversation_history_length': 4, 'system_prompt': 'You are SAINT, a helpful AI assistant. Be concise. Respond naturally. If the user interrupts you, ad'}
2026-09-13 12:30:25 [INFO] latency.ai.first_token {'ms': 19.2}
2026-09-13 12:30:25 [INFO] tts.request {'turn_id': 2, 'stream_id': 'stream_2_fa6fafb9', 'text_length': 13, 'text_preview': "It's working."}
2026-09-13 12:30:25 [INFO] tts.state.change {'old_state': 'READY', 'new_state': 'SYNTHESIZING'}
2026-09-13 12:30:25 [INFO] tts.request {'request_id': 'tts_-1_2', 'turn_id': -1, 'text_length': 13, 'text_preview': "It's working.", 'sequence_id': 2}
2026-09-13 12:30:25 [INFO] tts.speak.start {'text': "It's working.", 'word_count': 2}
2026-09-13 12:30:25 [INFO] tts.request {'turn_id': 2, 'stream_id': 'stream_2_fa6fafb9', 'text_length': 27, 'text_preview': 'How can I assist you today?'}
2026-09-13 12:30:25 [INFO] ai.stream.done {'turn_id': 2, 'request_id': '0714962a857a', 'stream_id': 'stream_2_a7accb04', 'elapsed_seconds': 0.072, 'response_length': 41}
2026-09-13 12:30:25 [INFO] latency.model {'ms': 72.1, 'turn_id': 2, 'request_id': '0714962a857a'}
2026-09-13 12:30:25 [INFO] ai.stream.end {'turn_id': 2, 'session_id': 2, 'request_id': '0714962a857a', 'stream_id': 'stream_2_fa6fafb9'}
2026-09-13 12:30:25 [INFO] voice.listening.stop
2026-09-13 12:30:28 [INFO] tts.speak.done {'text': "It's working."}
2026-09-13 12:30:28 [INFO] tts.state.change {'old_state': 'SYNTHESIZING', 'new_state': 'READY'}
2026-09-13 12:30:28 [INFO] tts.state.change {'old_state': 'READY', 'new_state': 'SYNTHESIZING'}
2026-09-13 12:30:28 [INFO] tts.request {'request_id': 'tts_-1_3', 'turn_id': -1, 'text_length': 27, 'text_preview': 'How can I assist you today?', 'sequence_id': 3}
2026-09-13 12:30:28 [INFO] tts.speak.start {'text': 'How can I assist you today?', 'word_count': 6}
2026-09-13 12:30:37 [INFO] tts.speak.done {'text': 'How can I assist you today?'}
2026-09-13 12:30:37 [INFO] tts.state.change {'old_state': 'SYNTHESIZING', 'new_state': 'READY'}
2026-09-13 12:30:37 [INFO] latency.ai.total {'ms': 12876.4}
2026-09-13 12:30:37 [INFO] latency.overall {'ms': 12876.4}
2026-09-13 12:30:37 [INFO] chat.message.final {'turn_id': 2, 'length': 41, 'text': "It's working. How can I assist you today?"}
2026-09-13 12:30:37 [INFO] ui.chat.render {'turn_id': 2, 'role': 'assistant', 'text': "It's working. How can I assist you today?"}
2026-09-13 12:30:37 [INFO] conversation.turn.end {'response': "It's working. How can I assist you today?"}
2026-09-13 12:31:15 [INFO] module.enabled {'module': 'Voice'}
2026-09-13 12:31:15 [INFO] voice.listening.start
2026-09-13 12:31:15 [INFO] voice.speech.start {'session_id': 3}
2026-09-13 12:31:17 [INFO] voice.speech.end {'session_id': 3}
2026-09-13 12:31:17 [INFO] voice.stt.final {'text': "What's the capital of France?", 'confidence': 0.633984363079071, 'latency_ms': 111.5, 'inference_ms': 111.5, 'session_id': 3, 'diagnostics': {'sample_rate': 16000, 'channels': 1, 'audio_duration_ms': 1590.0, 'audio_rms': 0.039985, 'model': 'base.en', 'device': 'cuda', 'queue_ms': 0.0, 'inference_ms': 111.5, 'total_stt_ms': 111.5, 'num_chunks': 53, 'total_samples': 25440}}
2026-09-13 12:31:17 [INFO] conversation.turn.start {'text': "What's the capital of France?", 'is_interruption': False, 'turn_id': 3, 'session_id': 3, 'request_id': '6f882f2043c2'}
2026-09-13 12:31:17 [INFO] ai.stream.start {'turn_id': 3, 'session_id': 3, 'request_id': '6f882f2043c2', 'stream_id': 'stream_3_2d904439'}
2026-09-13 12:31:17 [INFO] latency.stt {'ms': 111.5}
2026-09-13 12:31:17 [INFO] chat.message.start {'turn_id': 3, 'request_id': '6f882f2043c2', 'role': 'assistant'}
2026-09-13 12:31:17 [INFO] ai.request {'turn_id': 3, 'request_id': '6f882f2043c2', 'stream_id': 'stream_3_dcdbbab9', 'user_text': "What's the capital of France?", 'prompt_length': 29, 'model': 'llama3.2:1b', 'provider': 'ollama', 'conversation_history_length': 6, 'system_prompt': 'You are SAINT, a helpful AI assistant. Be concise. Respond naturally. If the user interrupts you, ad'}
2026-09-13 12:31:17 [INFO] latency.ai.first_token {'ms': 19.7}
2026-09-13 12:31:17 [INFO] tts.request {'turn_id': 3, 'stream_id': 'stream_3_2d904439', 'text_length': 5, 'text_preview': 'Rome.'}
2026-09-13 12:31:17 [INFO] tts.state.change {'old_state': 'READY', 'new_state': 'SYNTHESIZING'}
2026-09-13 12:31:17 [INFO] tts.request {'request_id': 'tts_-1_4', 'turn_id': -1, 'text_length': 5, 'text_preview': 'Rome.', 'sequence_id': 4}
2026-09-13 12:31:17 [INFO] tts.speak.start {'text': 'Rome.', 'word_count': 1}
2026-09-13 12:31:17 [INFO] ai.stream.done {'turn_id': 3, 'request_id': '6f882f2043c2', 'stream_id': 'stream_3_dcdbbab9', 'elapsed_seconds': 0.036, 'response_length': 5}
2026-09-13 12:31:17 [INFO] latency.model {'ms': 35.5, 'turn_id': 3, 'request_id': '6f882f2043c2'}
2026-09-13 12:31:17 [INFO] ai.stream.end {'turn_id': 3, 'session_id': 3, 'request_id': '6f882f2043c2', 'stream_id': 'stream_3_2d904439'}
2026-09-13 12:31:18 [INFO] voice.listening.stop
2026-09-13 12:31:19 [INFO] tts.speak.done {'text': 'Rome.'}
2026-09-13 12:31:19 [INFO] tts.state.change {'old_state': 'SYNTHESIZING', 'new_state': 'READY'}
2026-09-13 12:31:19 [INFO] latency.ai.total {'ms': 1784.5}
2026-09-13 12:31:19 [INFO] latency.overall {'ms': 1784.6}
2026-09-13 12:31:19 [INFO] chat.message.final {'turn_id': 3, 'length': 5, 'text': 'Rome.'}
2026-09-13 12:31:19 [INFO] ui.chat.render {'turn_id': 3, 'role': 'assistant', 'text': 'Rome.'}
2026-09-13 12:31:19 [INFO] conversation.turn.end {'response': 'Rome.'}
2026-09-13 12:31:40 [INFO] module.enabled {'module': 'Voice'}
2026-09-13 12:31:40 [INFO] voice.listening.start
2026-09-13 12:31:41 [INFO] voice.speech.start {'session_id': 4}
2026-09-13 12:31:42 [INFO] voice.listening.stop
2026-09-13 12:31:47 [INFO] module.enabled {'module': 'Voice'}
2026-09-13 12:31:47 [INFO] voice.listening.start
2026-09-13 12:31:47 [INFO] voice.speech.start {'session_id': 5}
2026-09-13 12:31:49 [INFO] voice.speech.end {'session_id': 5}
2026-09-13 12:31:49 [INFO] voice.stt.final {'text': "What's your favorite color?", 'confidence': 0.5835503472222222, 'latency_ms': 106.8, 'inference_ms': 106.8, 'session_id': 5, 'diagnostics': {'sample_rate': 16000, 'channels': 1, 'audio_duration_ms': 1560.0, 'audio_rms': 0.064676, 'model': 'base.en', 'device': 'cuda', 'queue_ms': 0.0, 'inference_ms': 106.8, 'total_stt_ms': 106.8, 'num_chunks': 52, 'total_samples': 24960}}
2026-09-13 12:31:49 [INFO] conversation.turn.start {'text': "What's your favorite color?", 'is_interruption': False, 'turn_id': 4, 'session_id': 5, 'request_id': '1a3a5bc7beec'}
2026-09-13 12:31:49 [INFO] ai.stream.start {'turn_id': 4, 'session_id': 5, 'request_id': '1a3a5bc7beec', 'stream_id': 'stream_4_b9859893'}
2026-09-13 12:31:49 [INFO] latency.stt {'ms': 106.8}
2026-09-13 12:31:49 [INFO] chat.message.start {'turn_id': 4, 'request_id': '1a3a5bc7beec', 'role': 'assistant'}
2026-09-13 12:31:49 [INFO] ai.request {'turn_id': 4, 'request_id': '1a3a5bc7beec', 'stream_id': 'stream_4_2dcc240d', 'user_text': "What's your favorite color?", 'prompt_length': 27, 'model': 'llama3.2:1b', 'provider': 'ollama', 'conversation_history_length': 8, 'system_prompt': 'You are SAINT, a helpful AI assistant. Be concise. Respond naturally. If the user interrupts you, ad'}
2026-09-13 12:31:49 [INFO] latency.ai.first_token {'ms': 18.9}
2026-09-13 12:31:49 [INFO] tts.request {'turn_id': 4, 'stream_id': 'stream_4_b9859893', 'text_length': 5, 'text_preview': 'Blue.'}
2026-09-13 12:31:49 [INFO] tts.state.change {'old_state': 'READY', 'new_state': 'SYNTHESIZING'}
2026-09-13 12:31:49 [INFO] tts.request {'request_id': 'tts_-1_5', 'turn_id': -1, 'text_length': 5, 'text_preview': 'Blue.', 'sequence_id': 5}
2026-09-13 12:31:49 [INFO] tts.speak.start {'text': 'Blue.', 'word_count': 1}
2026-09-13 12:31:49 [INFO] ai.stream.done {'turn_id': 4, 'request_id': '1a3a5bc7beec', 'stream_id': 'stream_4_2dcc240d', 'elapsed_seconds': 0.031, 'response_length': 5}
2026-09-13 12:31:49 [INFO] latency.model {'ms': 30.5, 'turn_id': 4, 'request_id': '1a3a5bc7beec'}
2026-09-13 12:31:49 [INFO] ai.stream.end {'turn_id': 4, 'session_id': 5, 'request_id': '1a3a5bc7beec', 'stream_id': 'stream_4_b9859893'}
2026-09-13 12:31:51 [INFO] voice.listening.stop
2026-09-13 12:31:51 [INFO] tts.speak.done {'text': 'Blue.'}
2026-09-13 12:31:51 [INFO] tts.state.change {'old_state': 'SYNTHESIZING', 'new_state': 'READY'}
2026-09-13 12:31:51 [INFO] latency.ai.total {'ms': 1730.4}
2026-09-13 12:31:51 [INFO] latency.overall {'ms': 1730.4}
2026-09-13 12:31:51 [INFO] chat.message.final {'turn_id': 4, 'length': 5, 'text': 'Blue.'}
2026-09-13 12:31:51 [INFO] ui.chat.render {'turn_id': 4, 'role': 'assistant', 'text': 'Blue.'}
2026-09-13 12:31:51 [INFO] conversation.turn.end {'response': 'Blue.'}
2026-09-13 12:32:07 [INFO] module.enabled {'module': 'Voice'}
2026-09-13 12:32:07 [INFO] voice.listening.start
2026-09-13 12:32:08 [INFO] voice.speech.start {'session_id': 6}
2026-09-13 12:32:11 [INFO] voice.listening.stop
2026-09-13 12:32:20 [INFO] module.enabled {'module': 'Voice'}
2026-09-13 12:32:20 [INFO] voice.listening.start
2026-09-13 12:32:21 [INFO] voice.speech.start {'session_id': 7}
2026-09-13 12:32:24 [INFO] voice.speech.end {'session_id': 7}
2026-09-13 12:32:24 [INFO] voice.stt.final {'text': "Extra speech is working, but it's kind of slow.", 'confidence': 0.5533854166666667, 'latency_ms': 153.2, 'inference_ms': 153.1, 'session_id': 7, 'diagnostics': {'sample_rate': 16000, 'channels': 1, 'audio_duration_ms': 2790.0, 'audio_rms': 0.153803, 'model': 'base.en', 'device': 'cuda', 'queue_ms': 0.0, 'inference_ms': 153.1, 'total_stt_ms': 153.2, 'num_chunks': 93, 'total_samples': 44640}}
2026-09-13 12:32:24 [INFO] conversation.turn.start {'text': "Extra speech is working, but it's kind of slow.", 'is_interruption': False, 'turn_id': 5, 'session_id': 7, 'request_id': '0426c5c678d0'}
2026-09-13 12:32:24 [INFO] ai.stream.start {'turn_id': 5, 'session_id': 7, 'request_id': '0426c5c678d0', 'stream_id': 'stream_5_e978a167'}
2026-09-13 12:32:24 [INFO] latency.stt {'ms': 153.2}
2026-09-13 12:32:24 [INFO] chat.message.start {'turn_id': 5, 'request_id': '0426c5c678d0', 'role': 'assistant'}
2026-09-13 12:32:24 [INFO] ai.request {'turn_id': 5, 'request_id': '0426c5c678d0', 'stream_id': 'stream_5_d45a6dc2', 'user_text': "Extra speech is working, but it's kind of slow.", 'prompt_length': 47, 'model': 'llama3.2:1b', 'provider': 'ollama', 'conversation_history_length': 10, 'system_prompt': 'You are SAINT, a helpful AI assistant. Be concise. Respond naturally. If the user interrupts you, ad'}
2026-09-13 12:32:24 [INFO] latency.ai.first_token {'ms': 18.5}
2026-09-13 12:32:24 [INFO] tts.request {'turn_id': 5, 'stream_id': 'stream_5_e978a167', 'text_length': 31, 'text_preview': "I'm processing the information."}
2026-09-13 12:32:24 [INFO] tts.state.change {'old_state': 'READY', 'new_state': 'SYNTHESIZING'}
2026-09-13 12:32:24 [INFO] tts.request {'request_id': 'tts_-1_6', 'turn_id': -1, 'text_length': 31, 'text_preview': "I'm processing the information.", 'sequence_id': 6}
2026-09-13 12:32:24 [INFO] tts.speak.start {'text': "I'm processing the information.", 'word_count': 4}
2026-09-13 12:32:24 [INFO] ai.stream.done {'turn_id': 5, 'request_id': '0426c5c678d0', 'stream_id': 'stream_5_d45a6dc2', 'elapsed_seconds': 0.048, 'response_length': 31}
2026-09-13 12:32:24 [INFO] latency.model {'ms': 48.2, 'turn_id': 5, 'request_id': '0426c5c678d0'}
2026-09-13 12:32:24 [INFO] ai.stream.end {'turn_id': 5, 'session_id': 7, 'request_id': '0426c5c678d0', 'stream_id': 'stream_5_e978a167'}
2026-09-13 12:32:24 [INFO] voice.listening.stop
2026-09-13 12:32:31 [INFO] tts.speak.done {'text': "I'm processing the information."}
2026-09-13 12:32:31 [INFO] tts.state.change {'old_state': 'SYNTHESIZING', 'new_state': 'READY'}
2026-09-13 12:32:31 [INFO] latency.ai.total {'ms': 7153.7}
2026-09-13 12:32:31 [INFO] latency.overall {'ms': 7153.7}
2026-09-13 12:32:31 [INFO] chat.message.final {'turn_id': 5, 'length': 31, 'text': "I'm processing the information."}
2026-09-13 12:32:31 [INFO] ui.chat.render {'turn_id': 5, 'role': 'assistant', 'text': "I'm processing the information."}
2026-09-13 12:32:31 [INFO] conversation.turn.end {'response': "I'm processing the information."}
2026-09-13 12:41:31 [INFO] module.loaded {'module': 'AI'}
2026-09-13 12:41:31 [INFO] module.enabled {'module': 'AI'}
2026-09-13 12:41:31 [INFO] module.loaded {'module': 'Voice'}
2026-09-13 12:41:31 [INFO] module.enabled {'module': 'Voice'}
2026-09-13 12:41:32 [INFO] ui.updated {'page': 'Dashboard'}
2026-09-13 12:41:32 [INFO] app.started
2026-09-13 12:41:33 [INFO] module.enabled {'module': 'Voice'}
2026-09-13 12:41:33 [INFO] voice.listening.start
2026-09-13 12:41:33 [INFO] tts.state.change {'old_state': 'UNINITIALIZED', 'new_state': 'LOADING'}
2026-09-13 12:41:35 [INFO] voice.speech.start {'session_id': 1}
2026-09-13 12:41:36 [INFO] voice.speech.end {'session_id': 1}
2026-09-13 12:41:36 [INFO] voice.stt.final {'text': 'Hey, is this working?', 'confidence': 0.5603298611111112, 'latency_ms': 105.4, 'inference_ms': 105.4, 'session_id': 1, 'diagnostics': {'sample_rate': 16000, 'channels': 1, 'audio_duration_ms': 900.0, 'audio_rms': 0.059964, 'model': 'base.en', 'device': 'cuda', 'queue_ms': 0.0, 'inference_ms': 105.4, 'total_stt_ms': 105.4, 'num_chunks': 30, 'total_samples': 14400}}
2026-09-13 12:41:36 [INFO] conversation.turn.start {'text': 'Hey, is this working?', 'is_interruption': False, 'turn_id': 1, 'session_id': 1, 'request_id': 'b799dd5a50a6'}
2026-09-13 12:41:36 [INFO] ai.stream.start {'turn_id': 1, 'session_id': 1, 'request_id': 'b799dd5a50a6', 'stream_id': 'stream_1_ec35b548'}
2026-09-13 12:41:36 [INFO] latency.stt {'ms': 105.4}
2026-09-13 12:41:36 [INFO] chat.message.start {'turn_id': 1, 'request_id': 'b799dd5a50a6', 'role': 'assistant'}
2026-09-13 12:41:36 [INFO] ai.provider.test {'provider': 'ollama', 'model': 'llama3.2:1b', 'connected': True, 'details': {'connected': True, 'provider': 'ollama', 'version': '0.34.0'}}
2026-09-13 12:41:36 [INFO] ai.request {'turn_id': 1, 'request_id': 'b799dd5a50a6', 'stream_id': 'stream_1_c71bcc9e', 'user_text': 'Hey, is this working?', 'prompt_length': 21, 'model': 'llama3.2:1b', 'provider': 'ollama', 'conversation_history_length': 2, 'system_prompt': 'You are SAINT, a helpful AI assistant. Be concise. Respond naturally. If the user interrupts you, ad'}
2026-09-13 12:41:36 [INFO] latency.ai.first_token {'ms': 23.1}
2026-09-13 12:41:36 [INFO] tts.request {'turn_id': 1, 'stream_id': 'stream_1_ec35b548', 'text_length': 19, 'text_preview': "I'm up and running."}
2026-09-13 12:41:36 [INFO] tts.request {'turn_id': 1, 'stream_id': 'stream_1_ec35b548', 'text_length': 20, 'text_preview': "What's on your mind?"}
2026-09-13 12:41:36 [INFO] ai.stream.done {'turn_id': 1, 'request_id': 'b799dd5a50a6', 'stream_id': 'stream_1_c71bcc9e', 'elapsed_seconds': 0.134, 'response_length': 40}
2026-09-13 12:41:36 [INFO] latency.model {'ms': 134.2, 'turn_id': 1, 'request_id': 'b799dd5a50a6'}
2026-09-13 12:41:36 [INFO] ai.stream.end {'turn_id': 1, 'session_id': 1, 'request_id': 'b799dd5a50a6', 'stream_id': 'stream_1_ec35b548'}
2026-09-13 12:41:36 [INFO] voice.listening.stop
2026-09-13 12:41:42 [INFO] tts.state.change {'old_state': 'LOADING', 'new_state': 'READY'}
2026-09-13 12:41:42 [INFO] tts.speak.start {'text': '.', 'word_count': 1}
2026-09-13 12:41:42 [INFO] tts.state.change {'old_state': 'READY', 'new_state': 'SYNTHESIZING'}
2026-09-13 12:41:42 [INFO] tts.request {'request_id': 'tts_-1_1', 'turn_id': -1, 'text_length': 19, 'text_preview': "I'm up and running.", 'sequence_id': 1}
2026-09-13 12:41:42 [INFO] tts.speak.start {'text': "I'm up and running.", 'word_count': 4}
2026-09-13 12:41:43 [INFO] tts.speak.done {'text': '.'}
2026-09-13 12:41:43 [INFO] tts.warmup.complete {'warmup_ms': 1030.2, 'engine': 'kokoro'}
2026-09-13 12:41:49 [INFO] tts.speak.done {'text': "I'm up and running."}
2026-09-13 12:41:49 [INFO] tts.state.change {'old_state': 'SYNTHESIZING', 'new_state': 'READY'}
2026-09-13 12:41:49 [INFO] tts.state.change {'old_state': 'READY', 'new_state': 'SYNTHESIZING'}
2026-09-13 12:41:49 [INFO] tts.request {'request_id': 'tts_-1_2', 'turn_id': -1, 'text_length': 20, 'text_preview': "What's on your mind?", 'sequence_id': 2}
2026-09-13 12:41:49 [INFO] tts.speak.start {'text': "What's on your mind?", 'word_count': 4}
2026-09-13 12:41:56 [INFO] tts.speak.done {'text': "What's on your mind?"}
2026-09-13 12:41:56 [INFO] tts.state.change {'old_state': 'SYNTHESIZING', 'new_state': 'READY'}
2026-09-13 12:41:56 [INFO] latency.ai.total {'ms': 19806.0}
2026-09-13 12:41:56 [INFO] latency.overall {'ms': 19806.0}
2026-09-13 12:41:56 [INFO] chat.message.final {'turn_id': 1, 'length': 40, 'text': "I'm up and running. What's on your mind?"}
2026-09-13 12:41:56 [INFO] ui.chat.render {'turn_id': 1, 'role': 'assistant', 'text': "I'm up and running. What's on your mind?"}
2026-09-13 12:41:56 [INFO] conversation.turn.end {'response': "I'm up and running. What's on your mind?"}
2026-09-13 12:45:29 [INFO] module.loaded {'module': 'AI'}
2026-09-13 12:45:29 [INFO] module.enabled {'module': 'AI'}
2026-09-13 12:45:29 [INFO] module.loaded {'module': 'Voice'}
2026-09-13 12:45:29 [INFO] module.enabled {'module': 'Voice'}
2026-09-13 12:45:29 [INFO] ui.updated {'page': 'Dashboard'}
2026-09-13 12:45:29 [INFO] app.started
2026-09-13 12:45:34 [INFO] module.enabled {'module': 'Voice'}
2026-09-13 12:45:34 [INFO] voice.listening.start
2026-09-13 12:45:34 [INFO] tts.state.change {'old_state': 'UNINITIALIZED', 'new_state': 'LOADING'}
2026-09-13 12:45:34 [INFO] tts.state.change {'old_state': 'LOADING', 'new_state': 'ERROR'}
2026-09-13 12:45:34 [INFO] tts.error {'error': "TTS initialization failed: expected 'except' or 'finally' block (tts.py, line 158)", 'phase': 'initialization'}
2026-09-13 12:45:35 [INFO] voice.speech.start {'session_id': 1}
2026-09-13 12:45:36 [INFO] voice.speech.end {'session_id': 1}
2026-09-13 12:45:36 [INFO] voice.stt.final {'text': 'Hello, is this working?', 'confidence': 0.5390625, 'latency_ms': 128.8, 'inference_ms': 128.8, 'session_id': 1, 'diagnostics': {'sample_rate': 16000, 'channels': 1, 'audio_duration_ms': 1110.0, 'audio_rms': 0.071408, 'model': 'base.en', 'device': 'cuda', 'queue_ms': 0.0, 'inference_ms': 128.8, 'total_stt_ms': 128.8, 'num_chunks': 37, 'total_samples': 17760}}
2026-09-13 12:45:36 [INFO] conversation.turn.start {'text': 'Hello, is this working?', 'is_interruption': False, 'turn_id': 1, 'session_id': 1, 'request_id': 'd26a728478b3'}
2026-09-13 12:45:36 [INFO] ai.stream.start {'turn_id': 1, 'session_id': 1, 'request_id': 'd26a728478b3', 'stream_id': 'stream_1_00a7f971'}
2026-09-13 12:45:36 [INFO] latency.stt {'ms': 128.8}
2026-09-13 12:45:36 [INFO] chat.message.start {'turn_id': 1, 'request_id': 'd26a728478b3', 'role': 'assistant'}
2026-09-13 12:45:36 [INFO] ai.provider.test {'provider': 'ollama', 'model': 'llama3.2:1b', 'connected': True, 'details': {'connected': True, 'provider': 'ollama', 'version': '0.34.0'}}
2026-09-13 12:45:36 [INFO] ai.request {'turn_id': 1, 'request_id': 'd26a728478b3', 'stream_id': 'stream_1_08b2c59e', 'user_text': 'Hello, is this working?', 'prompt_length': 23, 'model': 'llama3.2:1b', 'provider': 'ollama', 'conversation_history_length': 2, 'system_prompt': 'You are SAINT, a helpful AI assistant. Be concise. Respond naturally. If the user interrupts you, ad'}
2026-09-13 12:45:36 [INFO] latency.ai.first_token {'ms': 19.9}
2026-09-13 12:45:36 [INFO] tts.request {'turn_id': 1, 'stream_id': 'stream_1_00a7f971', 'text_length': 4, 'text_preview': 'Yes,'}
2026-09-13 12:45:36 [INFO] tts.request {'turn_id': 1, 'stream_id': 'stream_1_00a7f971', 'text_length': 13, 'text_preview': "it's working."}
2026-09-13 12:45:36 [INFO] tts.request {'turn_id': 1, 'stream_id': 'stream_1_00a7f971', 'text_length': 29, 'text_preview': "I'm Saint, your AI assistant."}
2026-09-13 12:45:36 [INFO] tts.request {'turn_id': 1, 'stream_id': 'stream_1_00a7f971', 'text_length': 20, 'text_preview': "What's on your mind?"}
2026-09-13 12:45:36 [INFO] ai.stream.done {'turn_id': 1, 'request_id': 'd26a728478b3', 'stream_id': 'stream_1_08b2c59e', 'elapsed_seconds': 0.108, 'response_length': 69}
2026-09-13 12:45:36 [INFO] latency.model {'ms': 107.5, 'turn_id': 1, 'request_id': 'd26a728478b3'}
2026-09-13 12:45:36 [INFO] ai.stream.end {'turn_id': 1, 'session_id': 1, 'request_id': 'd26a728478b3', 'stream_id': 'stream_1_00a7f971'}
2026-09-13 12:45:36 [INFO] latency.ai.total {'ms': 111.5}
2026-09-13 12:45:36 [INFO] latency.overall {'ms': 111.5}
2026-09-13 12:45:36 [INFO] chat.message.final {'turn_id': 1, 'length': 69, 'text': "Yes, it's working. I'm Saint, your AI assistant. What's on your mind?"}
2026-09-13 12:45:36 [INFO] ui.chat.render {'turn_id': 1, 'role': 'assistant', 'text': "Yes, it's working. I'm Saint, your AI assistant. What's on your mind?"}
2026-09-13 12:45:36 [INFO] conversation.turn.end {'response': "Yes, it's working. I'm Saint, your AI assistant. What's on your mind?"}
2026-09-13 12:45:39 [INFO] voice.speech.start {'session_id': 2}
2026-09-13 12:45:40 [INFO] voice.speech.end {'session_id': 2}
2026-09-13 12:45:40 [INFO] voice.stt.final {'text': "Yes, it's working.", 'confidence': 0.5499131944444444, 'latency_ms': 104.0, 'inference_ms': 104.0, 'session_id': 2, 'diagnostics': {'sample_rate': 16000, 'channels': 1, 'audio_duration_ms': 900.0, 'audio_rms': 0.033126, 'model': 'base.en', 'device': 'cuda', 'queue_ms': 0.0, 'inference_ms': 104.0, 'total_stt_ms': 104.0, 'num_chunks': 30, 'total_samples': 14400}}
2026-09-13 12:45:40 [INFO] conversation.turn.start {'text': "Yes, it's working.", 'is_interruption': False, 'turn_id': 2, 'session_id': 2, 'request_id': '6e806c0e4280'}
2026-09-13 12:45:40 [INFO] ai.stream.start {'turn_id': 2, 'session_id': 2, 'request_id': '6e806c0e4280', 'stream_id': 'stream_2_b51eb5d4'}
2026-09-13 12:45:40 [INFO] latency.stt {'ms': 104.0}
2026-09-13 12:45:40 [INFO] chat.message.start {'turn_id': 2, 'request_id': '6e806c0e4280', 'role': 'assistant'}
2026-09-13 12:45:40 [INFO] ai.request {'turn_id': 2, 'request_id': '6e806c0e4280', 'stream_id': 'stream_2_7b72fcac', 'user_text': "Yes, it's working.", 'prompt_length': 18, 'model': 'llama3.2:1b', 'provider': 'ollama', 'conversation_history_length': 4, 'system_prompt': 'You are SAINT, a helpful AI assistant. Be concise. Respond naturally. If the user interrupts you, ad'}
2026-09-13 12:45:40 [INFO] latency.ai.first_token {'ms': 18.5}
2026-09-13 12:45:40 [INFO] tts.request {'turn_id': 2, 'stream_id': 'stream_2_b51eb5d4', 'text_length': 27, 'text_preview': 'What do you need help with?'}
2026-09-13 12:45:40 [INFO] ai.stream.done {'turn_id': 2, 'request_id': '6e806c0e4280', 'stream_id': 'stream_2_7b72fcac', 'elapsed_seconds': 0.051, 'response_length': 27}
2026-09-13 12:45:40 [INFO] latency.model {'ms': 51.0, 'turn_id': 2, 'request_id': '6e806c0e4280'}
2026-09-13 12:45:40 [INFO] ai.stream.end {'turn_id': 2, 'session_id': 2, 'request_id': '6e806c0e4280', 'stream_id': 'stream_2_b51eb5d4'}
2026-09-13 12:45:40 [INFO] latency.ai.total {'ms': 52.9}
2026-09-13 12:45:40 [INFO] latency.overall {'ms': 52.9}
2026-09-13 12:45:40 [INFO] chat.message.final {'turn_id': 2, 'length': 27, 'text': 'What do you need help with?'}
2026-09-13 12:45:40 [INFO] ui.chat.render {'turn_id': 2, 'role': 'assistant', 'text': 'What do you need help with?'}
2026-09-13 12:45:40 [INFO] conversation.turn.end {'response': 'What do you need help with?'}
2026-09-13 12:45:41 [INFO] voice.speech.start {'session_id': 3}
2026-09-13 12:45:41 [INFO] voice.stt.skip {'session_id': 3, 'reason': 'insufficient_speech', 'speech_frames': 7, 'total_frames': 13, 'speech_ratio': 0.538, 'rms': 0.015812}
2026-09-13 12:45:41 [INFO] voice.listening.stop
2026-09-13 12:45:55 [INFO] module.loaded {'module': 'AI'}
2026-09-13 12:45:55 [INFO] module.enabled {'module': 'AI'}
2026-09-13 12:45:55 [INFO] module.loaded {'module': 'Voice'}
2026-09-13 12:45:55 [INFO] module.enabled {'module': 'Voice'}
2026-09-13 12:45:56 [INFO] ui.updated {'page': 'Dashboard'}
2026-09-13 12:45:56 [INFO] app.started
2026-09-13 12:45:57 [INFO] module.enabled {'module': 'Voice'}
2026-09-13 12:45:57 [INFO] voice.listening.start
2026-09-13 12:45:57 [INFO] tts.state.change {'old_state': 'UNINITIALIZED', 'new_state': 'LOADING'}
2026-09-13 12:45:57 [INFO] tts.state.change {'old_state': 'LOADING', 'new_state': 'ERROR'}
2026-09-13 12:45:57 [INFO] tts.error {'error': "TTS initialization failed: expected 'except' or 'finally' block (tts.py, line 158)", 'phase': 'initialization'}
2026-09-13 12:45:58 [INFO] voice.speech.start {'session_id': 1}
2026-09-13 12:45:59 [INFO] voice.speech.end {'session_id': 1}
2026-09-13 12:45:59 [INFO] voice.stt.final {'text': "It's tough.", 'confidence': 0.0, 'latency_ms': 387.3, 'inference_ms': 387.3, 'session_id': 1, 'diagnostics': {'sample_rate': 16000, 'channels': 1, 'audio_duration_ms': 660.0, 'audio_rms': 0.056105, 'model': 'base.en', 'device': 'cuda', 'queue_ms': 0.0, 'inference_ms': 387.3, 'total_stt_ms': 387.3, 'num_chunks': 22, 'total_samples': 10560}}
2026-09-13 12:45:59 [INFO] conversation.turn.start {'text': "It's tough.", 'is_interruption': False, 'turn_id': 1, 'session_id': 1, 'request_id': 'ea67a81bb436'}
2026-09-13 12:45:59 [INFO] ai.stream.start {'turn_id': 1, 'session_id': 1, 'request_id': 'ea67a81bb436', 'stream_id': 'stream_1_9b70655a'}
2026-09-13 12:45:59 [INFO] latency.stt {'ms': 387.3}
2026-09-13 12:45:59 [INFO] voice.speech.start {'session_id': 2}
2026-09-13 12:45:59 [INFO] chat.message.start {'turn_id': 1, 'request_id': 'ea67a81bb436', 'role': 'assistant'}
2026-09-13 12:45:59 [INFO] ai.provider.test {'provider': 'ollama', 'model': 'llama3.2:1b', 'connected': True, 'details': {'connected': True, 'provider': 'ollama', 'version': '0.34.0'}}
2026-09-13 12:45:59 [INFO] ai.request {'turn_id': 1, 'request_id': 'ea67a81bb436', 'stream_id': 'stream_1_a887ad0d', 'user_text': "It's tough.", 'prompt_length': 11, 'model': 'llama3.2:1b', 'provider': 'ollama', 'conversation_history_length': 2, 'system_prompt': 'You are SAINT, a helpful AI assistant. Be concise. Respond naturally. If the user interrupts you, ad'}
2026-09-13 12:45:59 [INFO] latency.ai.first_token {'ms': 20.5}
2026-09-13 12:45:59 [INFO] tts.request {'turn_id': 1, 'stream_id': 'stream_1_9b70655a', 'text_length': 29, 'text_preview': "What's going on that's tough?"}
2026-09-13 12:45:59 [INFO] ai.stream.done {'turn_id': 1, 'request_id': 'ea67a81bb436', 'stream_id': 'stream_1_a887ad0d', 'elapsed_seconds': 0.055, 'response_length': 29}
2026-09-13 12:45:59 [INFO] latency.model {'ms': 54.7, 'turn_id': 1, 'request_id': 'ea67a81bb436'}
2026-09-13 12:45:59 [INFO] ai.stream.end {'turn_id': 1, 'session_id': 1, 'request_id': 'ea67a81bb436', 'stream_id': 'stream_1_9b70655a'}
2026-09-13 12:45:59 [INFO] latency.ai.total {'ms': 59.0}
2026-09-13 12:45:59 [INFO] latency.overall {'ms': 59.0}
2026-09-13 12:45:59 [INFO] chat.message.final {'turn_id': 1, 'length': 29, 'text': "What's going on that's tough?"}
2026-09-13 12:45:59 [INFO] ui.chat.render {'turn_id': 1, 'role': 'assistant', 'text': "What's going on that's tough?"}
2026-09-13 12:45:59 [INFO] conversation.turn.end {'response': "What's going on that's tough?"}
2026-09-13 12:46:00 [INFO] voice.listening.stop
2026-09-13 12:50:44 [INFO] module.loaded {'module': 'AI'}
2026-09-13 12:50:44 [INFO] module.enabled {'module': 'AI'}
2026-09-13 12:50:44 [INFO] module.loaded {'module': 'Voice'}
2026-09-13 12:50:44 [INFO] module.enabled {'module': 'Voice'}
2026-09-13 12:50:45 [INFO] ui.updated {'page': 'Dashboard'}
2026-09-13 12:50:45 [INFO] app.started
2026-09-13 12:50:47 [INFO] module.enabled {'module': 'Voice'}
2026-09-13 12:50:47 [INFO] voice.listening.start
2026-09-13 12:50:47 [INFO] tts.state.change {'old_state': 'UNINITIALIZED', 'new_state': 'LOADING'}
2026-09-13 12:50:47 [INFO] tts.state.change {'old_state': 'LOADING', 'new_state': 'ERROR'}
2026-09-13 12:50:47 [INFO] tts.error {'error': "TTS initialization failed: expected 'except' or 'finally' block (tts.py, line 158)", 'phase': 'initialization'}
2026-09-13 12:50:47 [INFO] voice.speech.start {'session_id': 1}
2026-09-13 12:50:51 [INFO] voice.listening.stop
2026-09-13 12:52:47 [INFO] module.loaded {'module': 'AI'}
2026-09-13 12:52:47 [INFO] module.enabled {'module': 'AI'}
2026-09-13 12:52:47 [INFO] module.loaded {'module': 'Voice'}
2026-09-13 12:52:47 [INFO] module.enabled {'module': 'Voice'}
2026-09-13 12:52:47 [INFO] ui.updated {'page': 'Dashboard'}
2026-09-13 12:52:47 [INFO] app.started
2026-09-13 12:52:49 [INFO] module.enabled {'module': 'Voice'}
2026-09-13 12:52:49 [INFO] voice.listening.start
2026-09-13 12:52:49 [INFO] tts.state.change {'old_state': 'UNINITIALIZED', 'new_state': 'LOADING'}
2026-09-13 12:52:49 [INFO] tts.state.change {'old_state': 'LOADING', 'new_state': 'ERROR'}
2026-09-13 12:52:49 [INFO] tts.error {'error': "TTS initialization failed: expected 'except' or 'finally' block (tts.py, line 159)", 'phase': 'initialization'}
2026-09-13 12:52:49 [INFO] voice.speech.start {'session_id': 1}
2026-09-13 12:52:50 [INFO] voice.listening.stop
2026-09-13 13:16:43 [INFO] module.loaded {'module': 'AI'}
2026-09-13 13:16:43 [INFO] module.enabled {'module': 'AI'}
2026-09-13 13:16:43 [INFO] module.loaded {'module': 'Voice'}
2026-09-13 13:16:43 [INFO] module.enabled {'module': 'Voice'}
2026-09-13 13:16:43 [INFO] ui.updated {'page': 'Dashboard'}
2026-09-13 13:16:43 [INFO] app.started
2026-09-13 13:16:51 [INFO] module.loaded {'module': 'AI'}
2026-09-13 13:16:51 [INFO] module.enabled {'module': 'AI'}
2026-09-13 13:16:51 [INFO] module.loaded {'module': 'Voice'}
2026-09-13 13:16:51 [INFO] module.enabled {'module': 'Voice'}
2026-09-13 13:16:52 [INFO] ui.updated {'page': 'Dashboard'}
2026-09-13 13:16:52 [INFO] app.started
2026-09-13 13:16:53 [INFO] ui.updated {'page': 'Settings'}
2026-09-13 13:16:59 [INFO] ui.updated {'page': 'Dashboard'}
2026-09-13 13:17:01 [INFO] module.enabled {'module': 'Voice'}
2026-09-13 13:17:01 [INFO] voice.listening.start
2026-09-13 13:17:01 [INFO] tts.state.change {'old_state': 'UNINITIALIZED', 'new_state': 'LOADING'}
2026-09-13 13:17:02 [INFO] voice.speech.start {'session_id': 1}
2026-09-13 13:17:03 [INFO] voice.speech.end {'session_id': 1}
2026-09-13 13:17:03 [INFO] voice.stt.final {'text': 'Hello, is this working?', 'confidence': 0.5199652777777778, 'latency_ms': 114.8, 'inference_ms': 114.7, 'session_id': 1, 'diagnostics': {'sample_rate': 16000, 'channels': 1, 'audio_duration_ms': 1230.0, 'audio_rms': 0.044815, 'model': 'base.en', 'device': 'cuda', 'queue_ms': 0.0, 'inference_ms': 114.7, 'total_stt_ms': 114.8, 'num_chunks': 41, 'total_samples': 19680}}
2026-09-13 13:17:03 [INFO] conversation.turn.start {'text': 'Hello, is this working?', 'is_interruption': False, 'turn_id': 1, 'session_id': 1, 'request_id': '00d16bc813a9'}
2026-09-13 13:17:03 [INFO] ai.stream.start {'turn_id': 1, 'session_id': 1, 'request_id': '00d16bc813a9', 'stream_id': 'stream_1_5c22ff54'}
2026-09-13 13:17:03 [INFO] latency.stt {'ms': 114.8}
2026-09-13 13:17:03 [INFO] chat.message.start {'turn_id': 1, 'request_id': '00d16bc813a9', 'role': 'assistant'}
2026-09-13 13:17:03 [INFO] ai.provider.test {'provider': 'ollama', 'model': 'llama3.2:1b', 'connected': True, 'details': {'connected': True, 'provider': 'ollama', 'version': '0.34.0'}}
2026-09-13 13:17:03 [INFO] ai.request {'turn_id': 1, 'request_id': '00d16bc813a9', 'stream_id': 'stream_1_65f2eb9f', 'user_text': 'Hello, is this working?', 'prompt_length': 23, 'model': 'llama3.2:1b', 'provider': 'ollama', 'conversation_history_length': 2, 'system_prompt': 'You are SAINT, a helpful AI assistant. Be concise. Respond naturally. If the user interrupts you, ad'}
2026-09-13 13:17:03 [INFO] latency.ai.first_token {'ms': 21.3}
2026-09-13 13:17:03 [INFO] voice.listening.stop
2026-09-13 13:17:03 [INFO] tts.request {'turn_id': 1, 'stream_id': 'stream_1_5c22ff54', 'text_length': 17, 'text_preview': "I'm working fine."}
2026-09-13 13:17:03 [INFO] tts.request {'turn_id': 1, 'stream_id': 'stream_1_5c22ff54', 'text_length': 24, 'text_preview': "I'm ready to assist you."}
2026-09-13 13:17:03 [INFO] ai.stream.done {'turn_id': 1, 'request_id': '00d16bc813a9', 'stream_id': 'stream_1_65f2eb9f', 'elapsed_seconds': 0.074, 'response_length': 42}
2026-09-13 13:17:03 [INFO] latency.model {'ms': 74.2, 'turn_id': 1, 'request_id': '00d16bc813a9'}
2026-09-13 13:17:03 [INFO] ai.stream.end {'turn_id': 1, 'session_id': 1, 'request_id': '00d16bc813a9', 'stream_id': 'stream_1_5c22ff54'}
2026-09-13 13:17:08 [INFO] tts.state.change {'old_state': 'LOADING', 'new_state': 'ERROR'}
2026-09-13 13:17:08 [INFO] tts.error {'error': 'TTS initialization failed: Could not load Kokoro TTS pipeline: CUDA requested but not available', 'phase': 'initialization'}
2026-09-13 13:17:08 [INFO] latency.ai.total {'ms': 5415.1}
2026-09-13 13:17:08 [INFO] latency.overall {'ms': 5415.3}
2026-09-13 13:17:08 [INFO] chat.message.final {'turn_id': 1, 'length': 42, 'text': "I'm working fine. I'm ready to assist you."}
2026-09-13 13:17:08 [INFO] ui.chat.render {'turn_id': 1, 'role': 'assistant', 'text': "I'm working fine. I'm ready to assist you."}
2026-09-13 13:17:08 [INFO] conversation.turn.end {'response': "I'm working fine. I'm ready to assist you."}
2026-09-13 13:17:20 [INFO] module.enabled {'module': 'Voice'}
2026-09-13 13:17:20 [INFO] voice.listening.start
2026-09-13 13:17:21 [INFO] voice.speech.start {'session_id': 2}
2026-09-13 13:17:23 [INFO] voice.listening.stop
2026-09-13 13:17:31 [INFO] module.enabled {'module': 'Voice'}
2026-09-13 13:17:31 [INFO] voice.listening.start
2026-09-13 13:17:32 [INFO] voice.speech.start {'session_id': 3}
2026-09-13 13:17:34 [INFO] voice.speech.end {'session_id': 3}
2026-09-13 13:17:34 [INFO] voice.stt.final {'text': 'Are you sure text-to-speech is working?', 'confidence': 0.6138392793280738, 'latency_ms': 143.9, 'inference_ms': 143.9, 'session_id': 3, 'diagnostics': {'sample_rate': 16000, 'channels': 1, 'audio_duration_ms': 2190.0, 'audio_rms': 0.05844, 'model': 'base.en', 'device': 'cuda', 'queue_ms': 0.0, 'inference_ms': 143.9, 'total_stt_ms': 143.9, 'num_chunks': 73, 'total_samples': 35040}}
2026-09-13 13:17:34 [INFO] conversation.turn.start {'text': 'Are you sure text-to-speech is working?', 'is_interruption': False, 'turn_id': 2, 'session_id': 3, 'request_id': 'd6bb3bd2b842'}
2026-09-13 13:17:34 [INFO] ai.stream.start {'turn_id': 2, 'session_id': 3, 'request_id': 'd6bb3bd2b842', 'stream_id': 'stream_2_7f800f59'}
2026-09-13 13:17:34 [INFO] latency.stt {'ms': 143.9}
2026-09-13 13:17:34 [INFO] chat.message.start {'turn_id': 2, 'request_id': 'd6bb3bd2b842', 'role': 'assistant'}
2026-09-13 13:17:34 [INFO] ai.request {'turn_id': 2, 'request_id': 'd6bb3bd2b842', 'stream_id': 'stream_2_acf05428', 'user_text': 'Are you sure text-to-speech is working?', 'prompt_length': 39, 'model': 'llama3.2:1b', 'provider': 'ollama', 'conversation_history_length': 4, 'system_prompt': 'You are SAINT, a helpful AI assistant. Be concise. Respond naturally. If the user interrupts you, ad'}
2026-09-13 13:17:34 [INFO] latency.ai.first_token {'ms': 17.8}
2026-09-13 13:17:34 [INFO] ai.stream.done {'turn_id': 2, 'request_id': 'd6bb3bd2b842', 'stream_id': 'stream_2_acf05428', 'elapsed_seconds': 0.032, 'response_length': 7}
2026-09-13 13:17:34 [INFO] latency.model {'ms': 32.4, 'turn_id': 2, 'request_id': 'd6bb3bd2b842'}
2026-09-13 13:17:34 [INFO] ai.stream.end {'turn_id': 2, 'session_id': 3, 'request_id': 'd6bb3bd2b842', 'stream_id': 'stream_2_7f800f59'}
2026-09-13 13:17:34 [INFO] tts.request {'turn_id': 2, 'stream_id': 'stream_2_7f800f59', 'text_length': 7, 'text_preview': '*pause*'}
2026-09-13 13:17:34 [INFO] latency.ai.total {'ms': 45.2}
2026-09-13 13:17:34 [INFO] latency.overall {'ms': 45.2}
2026-09-13 13:17:34 [INFO] chat.message.final {'turn_id': 2, 'length': 7, 'text': '*pause*'}
2026-09-13 13:17:34 [INFO] ui.chat.render {'turn_id': 2, 'role': 'assistant', 'text': '*pause*'}
2026-09-13 13:17:34 [INFO] conversation.turn.end {'response': '*pause*'}
2026-09-13 13:17:35 [INFO] voice.speech.start {'session_id': 4}
2026-09-13 13:17:35 [INFO] voice.stt.skip {'session_id': 4, 'reason': 'insufficient_speech', 'speech_frames': 3, 'total_frames': 9, 'speech_ratio': 0.333, 'rms': 0.009038}
2026-09-13 13:17:35 [INFO] voice.speech.start {'session_id': 5}
2026-09-13 13:17:35 [INFO] voice.listening.stop
2026-09-13 13:17:43 [INFO] module.loaded {'module': 'AI'}
2026-09-13 13:17:43 [INFO] module.enabled {'module': 'AI'}
2026-09-13 13:17:43 [INFO] module.loaded {'module': 'Voice'}
2026-09-13 13:17:43 [INFO] module.enabled {'module': 'Voice'}
2026-09-13 13:17:44 [INFO] ui.updated {'page': 'Dashboard'}
2026-09-13 13:17:44 [INFO] app.started
2026-09-13 13:17:45 [INFO] module.enabled {'module': 'Voice'}
2026-09-13 13:17:45 [INFO] voice.listening.start
2026-09-13 13:17:45 [INFO] tts.state.change {'old_state': 'UNINITIALIZED', 'new_state': 'LOADING'}
2026-09-13 13:17:45 [INFO] voice.speech.start {'session_id': 1}
2026-09-13 13:17:45 [INFO] voice.stt.skip {'session_id': 1, 'reason': 'insufficient_speech', 'speech_frames': 2, 'total_frames': 8, 'speech_ratio': 0.25, 'rms': 0.01927}
2026-09-13 13:17:46 [INFO] voice.speech.start {'session_id': 2}
2026-09-13 13:17:48 [INFO] voice.listening.stop
2026-09-13 13:17:48 [INFO] voice.speech.end {'session_id': 2}
2026-09-13 13:17:48 [INFO] voice.stt.final {'text': 'Hello is Texas Beachworking.', 'confidence': 0.40104166666666663, 'latency_ms': 130.3, 'inference_ms': 130.3, 'session_id': 2, 'diagnostics': {'sample_rate': 16000, 'channels': 1, 'audio_duration_ms': 2160.0, 'audio_rms': 0.102277, 'model': 'base.en', 'device': 'cuda', 'queue_ms': 0.0, 'inference_ms': 130.3, 'total_stt_ms': 130.3, 'num_chunks': 72, 'total_samples': 34560}}
2026-09-13 13:17:48 [INFO] conversation.turn.start {'text': 'Hello is Texas Beachworking.', 'is_interruption': False, 'turn_id': 1, 'session_id': 2, 'request_id': 'ab6e61f8eab8'}
2026-09-13 13:17:48 [INFO] ai.stream.start {'turn_id': 1, 'session_id': 2, 'request_id': 'ab6e61f8eab8', 'stream_id': 'stream_1_5034d818'}
2026-09-13 13:17:48 [INFO] latency.stt {'ms': 130.3}
2026-09-13 13:17:48 [INFO] chat.message.start {'turn_id': 1, 'request_id': 'ab6e61f8eab8', 'role': 'assistant'}
2026-09-13 13:17:48 [INFO] ai.provider.test {'provider': 'ollama', 'model': 'llama3.2:1b', 'connected': True, 'details': {'connected': True, 'provider': 'ollama', 'version': '0.34.0'}}
2026-09-13 13:17:48 [INFO] ai.request {'turn_id': 1, 'request_id': 'ab6e61f8eab8', 'stream_id': 'stream_1_ff5eb5de', 'user_text': 'Hello is Texas Beachworking.', 'prompt_length': 28, 'model': 'llama3.2:1b', 'provider': 'ollama', 'conversation_history_length': 2, 'system_prompt': 'You are SAINT, a helpful AI assistant. Be concise. Respond naturally. If the user interrupts you, ad'}
2026-09-13 13:17:48 [INFO] latency.ai.first_token {'ms': 23.1}
2026-09-13 13:17:48 [INFO] tts.request {'turn_id': 1, 'stream_id': 'stream_1_5034d818', 'text_length': 45, 'text_preview': 'Texas Beach is a popular tourist destination.'}
2026-09-13 13:17:48 [INFO] tts.request {'turn_id': 1, 'stream_id': 'stream_1_5034d818', 'text_length': 37, 'text_preview': 'What would you like to know about it?'}
2026-09-13 13:17:48 [INFO] ai.stream.done {'turn_id': 1, 'request_id': 'ab6e61f8eab8', 'stream_id': 'stream_1_ff5eb5de', 'elapsed_seconds': 0.095, 'response_length': 83}
2026-09-13 13:17:48 [INFO] latency.model {'ms': 95.3, 'turn_id': 1, 'request_id': 'ab6e61f8eab8'}
2026-09-13 13:17:48 [INFO] ai.stream.end {'turn_id': 1, 'session_id': 2, 'request_id': 'ab6e61f8eab8', 'stream_id': 'stream_1_5034d818'}
2026-09-13 13:17:52 [INFO] tts.state.change {'old_state': 'LOADING', 'new_state': 'ERROR'}
2026-09-13 13:17:52 [INFO] tts.error {'error': 'TTS initialization failed: Could not load Kokoro TTS pipeline: CUDA requested but not available', 'phase': 'initialization'}
2026-09-13 13:17:52 [INFO] latency.ai.total {'ms': 4071.0}
2026-09-13 13:17:52 [INFO] latency.overall {'ms': 4071.1}
2026-09-13 13:17:52 [INFO] chat.message.final {'turn_id': 1, 'length': 83, 'text': 'Texas Beach is a popular tourist destination. What would you like to know about it?'}
2026-09-13 13:17:52 [INFO] ui.chat.render {'turn_id': 1, 'role': 'assistant', 'text': 'Texas Beach is a popular tourist destination. What would you like to know about it?'}
2026-09-13 13:17:52 [INFO] conversation.turn.end {'response': 'Texas Beach is a popular tourist destination. What would you like to know about it?'}
2026-09-13 13:18:02 [INFO] module.loaded {'module': 'AI'}
2026-09-13 13:18:02 [INFO] module.enabled {'module': 'AI'}
2026-09-13 13:18:02 [INFO] module.loaded {'module': 'Voice'}
2026-09-13 13:18:02 [INFO] module.enabled {'module': 'Voice'}
2026-09-13 13:18:02 [INFO] ui.updated {'page': 'Dashboard'}
2026-09-13 13:18:02 [INFO] app.started
2026-09-13 13:18:04 [INFO] module.enabled {'module': 'Voice'}
2026-09-13 13:18:04 [INFO] voice.listening.start
2026-09-13 13:18:04 [INFO] tts.state.change {'old_state': 'UNINITIALIZED', 'new_state': 'LOADING'}
2026-09-13 13:18:05 [INFO] voice.speech.start {'session_id': 1}
2026-09-13 13:18:07 [INFO] voice.speech.end {'session_id': 1}
2026-09-13 13:18:07 [INFO] voice.stt.final {'text': 'Hello, is text-to-speech working.', 'confidence': 0.4972956547370324, 'latency_ms': 142.7, 'inference_ms': 142.7, 'session_id': 1, 'diagnostics': {'sample_rate': 16000, 'channels': 1, 'audio_duration_ms': 2280.0, 'audio_rms': 0.059606, 'model': 'base.en', 'device': 'cuda', 'queue_ms': 0.0, 'inference_ms': 142.7, 'total_stt_ms': 142.7, 'num_chunks': 76, 'total_samples': 36480}}
2026-09-13 13:18:07 [INFO] conversation.turn.start {'text': 'Hello, is text-to-speech working.', 'is_interruption': False, 'turn_id': 1, 'session_id': 1, 'request_id': '7bef9da400df'}
2026-09-13 13:18:07 [INFO] ai.stream.start {'turn_id': 1, 'session_id': 1, 'request_id': '7bef9da400df', 'stream_id': 'stream_1_52e9ff1c'}
2026-09-13 13:18:07 [INFO] latency.stt {'ms': 142.7}
2026-09-13 13:18:07 [INFO] chat.message.start {'turn_id': 1, 'request_id': '7bef9da400df', 'role': 'assistant'}
2026-09-13 13:18:07 [INFO] ai.provider.test {'provider': 'ollama', 'model': 'llama3.2:1b', 'connected': True, 'details': {'connected': True, 'provider': 'ollama', 'version': '0.34.0'}}
2026-09-13 13:18:07 [INFO] ai.request {'turn_id': 1, 'request_id': '7bef9da400df', 'stream_id': 'stream_1_5d3b5bde', 'user_text': 'Hello, is text-to-speech working.', 'prompt_length': 33, 'model': 'llama3.2:1b', 'provider': 'ollama', 'conversation_history_length': 2, 'system_prompt': 'You are SAINT, a helpful AI assistant. Be concise. Respond naturally. If the user interrupts you, ad'}
2026-09-13 13:18:07 [INFO] latency.ai.first_token {'ms': 20.8}
2026-09-13 13:18:07 [INFO] tts.request {'turn_id': 1, 'stream_id': 'stream_1_52e9ff1c', 'text_length': 17, 'text_preview': "I'm working fine,"}
2026-09-13 13:18:07 [INFO] tts.request {'turn_id': 1, 'stream_id': 'stream_1_52e9ff1c', 'text_length': 18, 'text_preview': 'thanks for asking.'}
2026-09-13 13:18:07 [INFO] ai.stream.done {'turn_id': 1, 'request_id': '7bef9da400df', 'stream_id': 'stream_1_5d3b5bde', 'elapsed_seconds': 0.061, 'response_length': 36}
2026-09-13 13:18:07 [INFO] latency.model {'ms': 61.4, 'turn_id': 1, 'request_id': '7bef9da400df'}
2026-09-13 13:18:07 [INFO] ai.stream.end {'turn_id': 1, 'session_id': 1, 'request_id': '7bef9da400df', 'stream_id': 'stream_1_52e9ff1c'}
2026-09-13 13:18:08 [INFO] voice.listening.stop
2026-09-13 13:18:11 [INFO] tts.state.change {'old_state': 'LOADING', 'new_state': 'ERROR'}
2026-09-13 13:18:11 [INFO] tts.error {'error': 'TTS initialization failed: Could not load Kokoro TTS pipeline: CUDA requested but not available', 'phase': 'initialization'}
2026-09-13 13:18:11 [INFO] latency.ai.total {'ms': 3560.3}
2026-09-13 13:18:11 [INFO] latency.overall {'ms': 3560.3}
2026-09-13 13:18:11 [INFO] chat.message.final {'turn_id': 1, 'length': 36, 'text': "I'm working fine, thanks for asking."}
2026-09-13 13:18:11 [INFO] ui.chat.render {'turn_id': 1, 'role': 'assistant', 'text': "I'm working fine, thanks for asking."}
2026-09-13 13:18:11 [INFO] conversation.turn.end {'response': "I'm working fine, thanks for asking."}
2026-09-13 13:18:30 [INFO] ui.updated {'page': 'Settings'}
2026-09-13 13:18:36 [INFO] settings.changed
2026-09-13 13:18:38 [INFO] ui.updated {'page': 'Dashboard'}
2026-09-13 13:18:39 [INFO] module.enabled {'module': 'Voice'}
2026-09-13 13:18:39 [INFO] voice.listening.start
2026-09-13 13:18:40 [INFO] voice.speech.start {'session_id': 2}
2026-09-13 13:18:44 [INFO] voice.listening.stop
2026-09-13 13:18:44 [INFO] voice.speech.end {'session_id': 2}
2026-09-13 13:18:44 [INFO] voice.stt.final {'text': "Alright, I've switched to CPU text-to-speech, is it working?", 'confidence': 0.6412109330296516, 'latency_ms': 190.9, 'inference_ms': 190.9, 'session_id': 2, 'diagnostics': {'sample_rate': 16000, 'channels': 1, 'audio_duration_ms': 3570.0, 'audio_rms': 0.061364, 'model': 'base.en', 'device': 'cuda', 'queue_ms': 0.0, 'inference_ms': 190.9, 'total_stt_ms': 190.9, 'num_chunks': 119, 'total_samples': 57120}}
2026-09-13 13:18:44 [INFO] conversation.turn.start {'text': "Alright, I've switched to CPU text-to-speech, is it working?", 'is_interruption': False, 'turn_id': 2, 'session_id': 2, 'request_id': 'af32d362c894'}
2026-09-13 13:18:44 [INFO] ai.stream.start {'turn_id': 2, 'session_id': 2, 'request_id': 'af32d362c894', 'stream_id': 'stream_2_67d53360'}
2026-09-13 13:18:44 [INFO] latency.stt {'ms': 190.9}
2026-09-13 13:18:44 [INFO] chat.message.start {'turn_id': 2, 'request_id': 'af32d362c894', 'role': 'assistant'}
2026-09-13 13:18:44 [INFO] ai.request {'turn_id': 2, 'request_id': 'af32d362c894', 'stream_id': 'stream_2_172e1ab4', 'user_text': "Alright, I've switched to CPU text-to-speech, is it working?", 'prompt_length': 60, 'model': 'llama3.2:1b', 'provider': 'ollama', 'conversation_history_length': 4, 'system_prompt': 'You are SAINT, a helpful AI assistant. Be concise. Respond naturally. If the user interrupts you, ad'}
2026-09-13 13:18:44 [INFO] latency.ai.first_token {'ms': 19.6}
2026-09-13 13:18:44 [INFO] tts.request {'turn_id': 2, 'stream_id': 'stream_2_67d53360', 'text_length': 61, 'text_preview': 'CPU-based TTS might not be as smooth as dedicated GPU-based T'}
2026-09-13 13:18:44 [INFO] ai.stream.done {'turn_id': 2, 'request_id': 'af32d362c894', 'stream_id': 'stream_2_172e1ab4', 'elapsed_seconds': 0.095, 'response_length': 64}
2026-09-13 13:18:44 [INFO] latency.model {'ms': 94.6, 'turn_id': 2, 'request_id': 'af32d362c894'}
2026-09-13 13:18:44 [INFO] ai.stream.end {'turn_id': 2, 'session_id': 2, 'request_id': 'af32d362c894', 'stream_id': 'stream_2_67d53360'}
2026-09-13 13:18:44 [INFO] tts.request {'turn_id': 2, 'stream_id': 'stream_2_67d53360', 'text_length': 3, 'text_preview': 'TS.'}
2026-09-13 13:18:44 [INFO] latency.ai.total {'ms': 107.1}
2026-09-13 13:18:44 [INFO] latency.overall {'ms': 107.1}
2026-09-13 13:18:44 [INFO] chat.message.final {'turn_id': 2, 'length': 64, 'text': 'CPU-based TTS might not be as smooth as dedicated GPU-based TTS.'}
2026-09-13 13:18:44 [INFO] ui.chat.render {'turn_id': 2, 'role': 'assistant', 'text': 'CPU-based TTS might not be as smooth as dedicated GPU-based TTS.'}
2026-09-13 13:18:44 [INFO] conversation.turn.end {'response': 'CPU-based TTS might not be as smooth as dedicated GPU-based TTS.'}
2026-09-13 13:27:41 [INFO] module.loaded {'module': 'AI'}
2026-09-13 13:27:41 [INFO] module.enabled {'module': 'AI'}
2026-09-13 13:27:41 [INFO] module.loaded {'module': 'Voice'}
2026-09-13 13:27:41 [INFO] module.enabled {'module': 'Voice'}
2026-09-13 13:27:42 [INFO] ui.updated {'page': 'Dashboard'}
2026-09-13 13:27:42 [INFO] app.started
2026-09-13 13:27:46 [INFO] module.enabled {'module': 'Voice'}
2026-09-13 13:27:46 [INFO] voice.listening.start
2026-09-13 13:27:46 [INFO] tts.state.change {'old_state': 'UNINITIALIZED', 'new_state': 'LOADING'}
2026-09-13 13:27:46 [INFO] tts.state.change {'old_state': 'LOADING', 'new_state': 'ERROR'}
2026-09-13 13:27:46 [INFO] tts.error {'error': 'TTS initialization failed: invalid syntax. Perhaps you forgot a comma? (tts.py, line 322)', 'phase': 'initialization'}
2026-09-13 13:27:47 [INFO] voice.listening.stop
2026-09-13 13:32:22 [INFO] module.loaded {'module': 'AI'}
2026-09-13 13:32:22 [INFO] module.enabled {'module': 'AI'}
2026-09-13 13:32:22 [INFO] module.loaded {'module': 'Voice'}
2026-09-13 13:32:22 [INFO] module.enabled {'module': 'Voice'}
2026-09-13 13:32:23 [INFO] ui.updated {'page': 'Dashboard'}
2026-09-13 13:32:23 [INFO] app.started
2026-09-13 13:32:25 [INFO] ui.updated {'page': 'Settings'}
2026-09-13 13:32:32 [INFO] settings.changed
2026-09-13 13:32:33 [INFO] ui.updated {'page': 'Dashboard'}
2026-09-13 13:32:34 [INFO] module.enabled {'module': 'Voice'}
2026-09-13 13:32:34 [INFO] voice.listening.start
2026-09-13 13:32:34 [INFO] tts.state.change {'old_state': 'UNINITIALIZED', 'new_state': 'LOADING'}
2026-09-13 13:32:34 [INFO] voice.listening.stop
2026-09-13 13:32:37 [INFO] module.enabled {'module': 'Voice'}
2026-09-13 13:32:37 [INFO] voice.listening.start
2026-09-13 13:32:39 [INFO] voice.speech.start {'session_id': 1}
2026-09-13 13:32:41 [INFO] voice.listening.stop
2026-09-13 13:32:41 [INFO] voice.speech.end {'session_id': 1}
2026-09-13 13:32:41 [INFO] voice.stt.final {'text': "Hello, it's Texas Beachworking.", 'confidence': 0.5230823755264282, 'latency_ms': 138.2, 'inference_ms': 138.2, 'session_id': 1, 'diagnostics': {'sample_rate': 16000, 'channels': 1, 'audio_duration_ms': 1740.0, 'audio_rms': 0.058653, 'model': 'base.en', 'device': 'cuda', 'queue_ms': 0.0, 'inference_ms': 138.2, 'total_stt_ms': 138.2, 'num_chunks': 58, 'total_samples': 27840}}
2026-09-13 13:32:41 [INFO] conversation.turn.start {'text': "Hello, it's Texas Beachworking.", 'is_interruption': False, 'turn_id': 1, 'session_id': 1, 'request_id': 'cd7bd7897977'}
2026-09-13 13:32:41 [INFO] ai.stream.start {'turn_id': 1, 'session_id': 1, 'request_id': 'cd7bd7897977', 'stream_id': 'stream_1_fb4efd85'}
2026-09-13 13:32:41 [INFO] latency.stt {'ms': 138.2}
2026-09-13 13:32:41 [INFO] chat.message.start {'turn_id': 1, 'request_id': 'cd7bd7897977', 'role': 'assistant'}
2026-09-13 13:32:41 [INFO] ai.provider.test {'provider': 'ollama', 'model': 'llama3.2:1b', 'connected': True, 'details': {'connected': True, 'provider': 'ollama', 'version': '0.34.0'}}
2026-09-13 13:32:41 [INFO] ai.request {'turn_id': 1, 'request_id': 'cd7bd7897977', 'stream_id': 'stream_1_67ee335b', 'user_text': "Hello, it's Texas Beachworking.", 'prompt_length': 31, 'model': 'llama3.2:1b', 'provider': 'ollama', 'conversation_history_length': 2, 'system_prompt': 'You are SAINT, a helpful AI assistant. Be concise. Respond naturally. If the user interrupts you, ad'}
2026-09-13 13:32:41 [INFO] latency.ai.first_token {'ms': 35.1}
2026-09-13 13:32:41 [INFO] tts.request {'turn_id': 1, 'stream_id': 'stream_1_fb4efd85', 'text_length': 31, 'text_preview': '*listens silently for a moment,'}
2026-09-13 13:32:41 [INFO] ai.stream.done {'turn_id': 1, 'request_id': 'cd7bd7897977', 'stream_id': 'stream_1_67ee335b', 'elapsed_seconds': 0.08, 'response_length': 56}
2026-09-13 13:32:41 [INFO] latency.model {'ms': 79.5, 'turn_id': 1, 'request_id': 'cd7bd7897977'}
2026-09-13 13:32:41 [INFO] ai.stream.end {'turn_id': 1, 'session_id': 1, 'request_id': 'cd7bd7897977', 'stream_id': 'stream_1_fb4efd85'}
2026-09-13 13:32:41 [INFO] tts.request {'turn_id': 1, 'stream_id': 'stream_1_fb4efd85', 'text_length': 24, 'text_preview': 'then responds naturally*'}
2026-09-13 13:32:41 [INFO] tts.state.change {'old_state': 'LOADING', 'new_state': 'ERROR'}
2026-09-13 13:32:41 [INFO] tts.error {'error': 'TTS initialization failed: Could not load Kokoro TTS pipeline: CUDA requested but not available', 'phase': 'initialization'}
2026-09-13 13:32:42 [INFO] latency.ai.total {'ms': 939.6}
2026-09-13 13:32:42 [INFO] latency.overall {'ms': 939.6}
2026-09-13 13:32:42 [INFO] chat.message.final {'turn_id': 1, 'length': 56, 'text': '*listens silently for a moment, then responds naturally*'}
2026-09-13 13:32:42 [INFO] ui.chat.render {'turn_id': 1, 'role': 'assistant', 'text': '*listens silently for a moment, then responds naturally*'}
2026-09-13 13:32:42 [INFO] conversation.turn.end {'response': '*listens silently for a moment, then responds naturally*'}
2026-09-13 13:32:48 [INFO] module.enabled {'module': 'Voice'}
2026-09-13 13:32:48 [INFO] voice.listening.start
2026-09-13 13:32:49 [INFO] voice.speech.start {'session_id': 2}
2026-09-13 13:32:50 [INFO] voice.speech.end {'session_id': 2}
2026-09-13 13:32:50 [INFO] voice.stt.final {'text': 'Are you gonna respond?', 'confidence': 0.5649414099752903, 'latency_ms': 106.8, 'inference_ms': 106.8, 'session_id': 2, 'diagnostics': {'sample_rate': 16000, 'channels': 1, 'audio_duration_ms': 1380.0, 'audio_rms': 0.086301, 'model': 'base.en', 'device': 'cuda', 'queue_ms': 0.0, 'inference_ms': 106.8, 'total_stt_ms': 106.8, 'num_chunks': 46, 'total_samples': 22080}}
2026-09-13 13:32:50 [INFO] conversation.turn.start {'text': 'Are you gonna respond?', 'is_interruption': False, 'turn_id': 2, 'session_id': 2, 'request_id': 'b55bb9569332'}
2026-09-13 13:32:50 [INFO] ai.stream.start {'turn_id': 2, 'session_id': 2, 'request_id': 'b55bb9569332', 'stream_id': 'stream_2_21f81bb6'}
2026-09-13 13:32:50 [INFO] latency.stt {'ms': 106.8}
2026-09-13 13:32:50 [INFO] chat.message.start {'turn_id': 2, 'request_id': 'b55bb9569332', 'role': 'assistant'}
2026-09-13 13:32:50 [INFO] ai.request {'turn_id': 2, 'request_id': 'b55bb9569332', 'stream_id': 'stream_2_ab768d29', 'user_text': 'Are you gonna respond?', 'prompt_length': 22, 'model': 'llama3.2:1b', 'provider': 'ollama', 'conversation_history_length': 4, 'system_prompt': 'You are SAINT, a helpful AI assistant. Be concise. Respond naturally. If the user interrupts you, ad'}
2026-09-13 13:32:50 [INFO] latency.ai.first_token {'ms': 19.3}
2026-09-13 13:32:50 [INFO] tts.request {'turn_id': 2, 'stream_id': 'stream_2_21f81bb6', 'text_length': 10, 'text_preview': "I'm Saint,"}
2026-09-13 13:32:50 [INFO] voice.listening.stop
2026-09-13 13:32:50 [INFO] tts.request {'turn_id': 2, 'stream_id': 'stream_2_21f81bb6', 'text_length': 33, 'text_preview': 'your guide on this digital beach.'}
2026-09-13 13:32:50 [INFO] tts.request {'turn_id': 2, 'stream_id': 'stream_2_21f81bb6', 'text_length': 20, 'text_preview': "What's on your mind?"}
2026-09-13 13:32:50 [INFO] ai.stream.done {'turn_id': 2, 'request_id': 'b55bb9569332', 'stream_id': 'stream_2_ab768d29', 'elapsed_seconds': 0.1, 'response_length': 65}
2026-09-13 13:32:50 [INFO] latency.model {'ms': 99.7, 'turn_id': 2, 'request_id': 'b55bb9569332'}
2026-09-13 13:32:50 [INFO] ai.stream.end {'turn_id': 2, 'session_id': 2, 'request_id': 'b55bb9569332', 'stream_id': 'stream_2_21f81bb6'}
2026-09-13 13:32:50 [INFO] latency.ai.total {'ms': 101.7}
2026-09-13 13:32:50 [INFO] latency.overall {'ms': 101.7}
2026-09-13 13:32:50 [INFO] chat.message.final {'turn_id': 2, 'length': 65, 'text': "I'm Saint, your guide on this digital beach. What's on your mind?"}
2026-09-13 13:32:50 [INFO] ui.chat.render {'turn_id': 2, 'role': 'assistant', 'text': "I'm Saint, your guide on this digital beach. What's on your mind?"}
2026-09-13 13:32:50 [INFO] conversation.turn.end {'response': "I'm Saint, your guide on this digital beach. What's on your mind?"}
2026-09-13 13:45:52 [INFO] module.loaded {'module': 'AI'}
2026-09-13 13:45:52 [INFO] module.enabled {'module': 'AI'}
2026-09-13 13:45:52 [INFO] module.loaded {'module': 'Voice'}
2026-09-13 13:45:52 [INFO] module.enabled {'module': 'Voice'}
2026-09-13 13:45:54 [INFO] ui.updated {'page': 'Dashboard'}
2026-09-13 13:45:54 [INFO] app.started
2026-09-13 14:09:20 [INFO] module.loaded {'module': 'AI'}
2026-09-13 14:09:20 [INFO] module.enabled {'module': 'AI'}
2026-09-13 14:09:20 [INFO] module.loaded {'module': 'Voice'}
2026-09-13 14:09:20 [INFO] module.enabled {'module': 'Voice'}
2026-09-13 14:09:21 [INFO] ui.updated {'page': 'Dashboard'}
2026-09-13 14:09:21 [INFO] app.started
2026-09-13 14:09:32 [INFO] module.enabled {'module': 'Voice'}
2026-09-13 14:09:32 [INFO] voice.listening.start
2026-09-13 14:09:32 [INFO] tts.state.change {'old_state': 'UNINITIALIZED', 'new_state': 'LOADING'}
2026-09-13 14:09:33 [INFO] voice.speech.start {'session_id': 1}
2026-09-13 14:09:35 [INFO] voice.speech.end {'session_id': 1}
2026-09-13 14:09:35 [INFO] voice.stt.final {'text': 'Hello, is this working?', 'confidence': 0.5347222222222222, 'latency_ms': 140.3, 'inference_ms': 140.3, 'session_id': 1, 'diagnostics': {'sample_rate': 16000, 'channels': 1, 'audio_duration_ms': 1320.0, 'audio_rms': 0.102697, 'model': 'base.en', 'device': 'cuda', 'queue_ms': 0.0, 'inference_ms': 140.3, 'total_stt_ms': 140.3, 'num_chunks': 44, 'total_samples': 21120}}
2026-09-13 14:09:35 [INFO] conversation.turn.start {'text': 'Hello, is this working?', 'is_interruption': False, 'turn_id': 1, 'session_id': 1, 'request_id': 'e49b572e90bf'}
2026-09-13 14:09:35 [INFO] ai.stream.start {'turn_id': 1, 'session_id': 1, 'request_id': 'e49b572e90bf', 'stream_id': 'stream_1_e1ac8965'}
2026-09-13 14:09:35 [INFO] latency.stt {'ms': 140.3}
2026-09-13 14:09:35 [INFO] chat.message.start {'turn_id': 1, 'request_id': 'e49b572e90bf', 'role': 'assistant'}
2026-09-13 14:09:35 [INFO] ai.provider.test {'provider': 'ollama', 'model': 'llama3.2:1b', 'connected': True, 'details': {'connected': True, 'provider': 'ollama', 'version': '0.34.0'}}
2026-09-13 14:09:35 [INFO] ai.request {'turn_id': 1, 'request_id': 'e49b572e90bf', 'stream_id': 'stream_1_78fae57f', 'user_text': 'Hello, is this working?', 'prompt_length': 23, 'model': 'llama3.2:1b', 'provider': 'ollama', 'conversation_history_length': 2, 'system_prompt': 'You are SAINT, a helpful AI assistant. Be concise. Respond naturally. If the user interrupts you, ad'}
2026-09-13 14:09:35 [INFO] latency.ai.first_token {'ms': 32.3}
2026-09-13 14:09:35 [INFO] tts.request {'turn_id': 1, 'stream_id': 'stream_1_e1ac8965', 'text_length': 21, 'text_preview': "I'm working as usual."}
2026-09-13 14:09:35 [INFO] ai.stream.done {'turn_id': 1, 'request_id': 'e49b572e90bf', 'stream_id': 'stream_1_78fae57f', 'elapsed_seconds': 0.062, 'response_length': 21}
2026-09-13 14:09:35 [INFO] latency.model {'ms': 62.2, 'turn_id': 1, 'request_id': 'e49b572e90bf'}
2026-09-13 14:09:35 [INFO] ai.stream.end {'turn_id': 1, 'session_id': 1, 'request_id': 'e49b572e90bf', 'stream_id': 'stream_1_e1ac8965'}
2026-09-13 14:09:35 [INFO] latency.ai.total {'ms': 68.8}
2026-09-13 14:09:35 [INFO] latency.overall {'ms': 68.9}
2026-09-13 14:09:35 [INFO] chat.message.final {'turn_id': 1, 'length': 21, 'text': "I'm working as usual."}
2026-09-13 14:09:35 [INFO] ui.chat.render {'turn_id': 1, 'role': 'assistant', 'text': "I'm working as usual."}
2026-09-13 14:09:35 [INFO] conversation.turn.end {'response': "I'm working as usual."}
2026-09-13 14:09:35 [INFO] voice.listening.stop
2026-09-13 14:09:40 [INFO] tts.state.change {'old_state': 'LOADING', 'new_state': 'ERROR'}
2026-09-13 14:09:40 [INFO] tts.error {'error': 'TTS initialization failed: Could not load Kokoro TTS pipeline: CUDA requested but not available', 'phase': 'initialization'}
2026-09-13 14:09:45 [INFO] ui.updated {'page': 'Settings'}
2026-09-13 14:09:52 [INFO] settings.changed
2026-09-13 14:09:54 [INFO] ui.updated {'page': 'Dashboard'}
2026-09-13 14:09:55 [INFO] module.enabled {'module': 'Voice'}
2026-09-13 14:09:55 [INFO] voice.listening.start
2026-09-13 14:09:56 [INFO] voice.speech.start {'session_id': 2}
2026-09-13 14:09:57 [INFO] voice.speech.end {'session_id': 2}
2026-09-13 14:09:57 [INFO] voice.stt.final {'text': 'Is this working now?', 'confidence': 0.4711914286017418, 'latency_ms': 120.5, 'inference_ms': 120.5, 'session_id': 2, 'diagnostics': {'sample_rate': 16000, 'channels': 1, 'audio_duration_ms': 1260.0, 'audio_rms': 0.091048, 'model': 'base.en', 'device': 'cuda', 'queue_ms': 0.0, 'inference_ms': 120.5, 'total_stt_ms': 120.5, 'num_chunks': 42, 'total_samples': 20160}}
2026-09-13 14:09:57 [INFO] conversation.turn.start {'text': 'Is this working now?', 'is_interruption': False, 'turn_id': 2, 'session_id': 2, 'request_id': '643a824c23df'}
2026-09-13 14:09:57 [INFO] ai.stream.start {'turn_id': 2, 'session_id': 2, 'request_id': '643a824c23df', 'stream_id': 'stream_2_90836948'}
2026-09-13 14:09:57 [INFO] latency.stt {'ms': 120.5}
2026-09-13 14:09:57 [INFO] chat.message.start {'turn_id': 2, 'request_id': '643a824c23df', 'role': 'assistant'}
2026-09-13 14:09:57 [INFO] ai.request {'turn_id': 2, 'request_id': '643a824c23df', 'stream_id': 'stream_2_61800946', 'user_text': 'Is this working now?', 'prompt_length': 20, 'model': 'llama3.2:1b', 'provider': 'ollama', 'conversation_history_length': 4, 'system_prompt': 'You are SAINT, a helpful AI assistant. Be concise. Respond naturally. If the user interrupts you, ad'}
2026-09-13 14:09:58 [INFO] voice.listening.stop
2026-09-13 14:09:58 [INFO] latency.ai.first_token {'ms': 23.2}
2026-09-13 14:09:58 [INFO] tts.request {'turn_id': 2, 'stream_id': 'stream_2_90836948', 'text_length': 16, 'text_preview': "I'm back online."}
2026-09-13 14:09:58 [INFO] ai.stream.done {'turn_id': 2, 'request_id': '643a824c23df', 'stream_id': 'stream_2_61800946', 'elapsed_seconds': 0.054, 'response_length': 16}
2026-09-13 14:09:58 [INFO] latency.model {'ms': 54.4, 'turn_id': 2, 'request_id': '643a824c23df'}
2026-09-13 14:09:58 [INFO] ai.stream.end {'turn_id': 2, 'session_id': 2, 'request_id': '643a824c23df', 'stream_id': 'stream_2_90836948'}
2026-09-13 14:09:58 [INFO] latency.ai.total {'ms': 56.4}
2026-09-13 14:09:58 [INFO] latency.overall {'ms': 56.4}
2026-09-13 14:09:58 [INFO] chat.message.final {'turn_id': 2, 'length': 16, 'text': "I'm back online."}
2026-09-13 14:09:58 [INFO] ui.chat.render {'turn_id': 2, 'role': 'assistant', 'text': "I'm back online."}
2026-09-13 14:09:58 [INFO] conversation.turn.end {'response': "I'm back online."}
2026-09-13 14:29:46 [INFO] module.loaded {'module': 'AI'}
2026-09-13 14:29:46 [INFO] module.enabled {'module': 'AI'}
2026-09-13 14:29:46 [INFO] module.loaded {'module': 'Voice'}
2026-09-13 14:29:46 [INFO] module.enabled {'module': 'Voice'}
2026-09-13 14:29:47 [INFO] ui.updated {'page': 'Dashboard'}
2026-09-13 14:29:47 [INFO] app.started
2026-09-13 14:29:49 [INFO] ui.updated {'page': 'Module Manager'}
2026-09-13 14:29:51 [INFO] ui.updated {'page': 'Analytics'}
2026-09-13 14:29:55 [INFO] ui.updated {'page': 'Health'}
2026-09-13 14:30:00 [INFO] ui.updated {'page': 'Console'}
2026-09-13 14:30:00 [INFO] ui.updated {'page': 'Settings'}
2026-09-13 14:30:01 [INFO] ui.updated {'page': 'Dashboard'}
2026-09-13 14:30:04 [INFO] ai.stream.start {'stream_id': 'stream_4286_5e44023b', 'turn_id': 4286, 'request_id': 'fe814fe36a5b'}
2026-09-13 14:30:04 [INFO] ai.provider.test {'provider': 'ollama', 'model': 'llama3.2:1b', 'connected': True, 'details': {'connected': True, 'provider': 'ollama', 'version': '0.34.0'}}
2026-09-13 14:30:04 [INFO] ai.request {'turn_id': 4286, 'request_id': 'fe814fe36a5b', 'stream_id': 'stream_4286_5e8ad0f4', 'user_text': 'yo', 'prompt_length': 2, 'model': 'llama3.2:1b', 'provider': 'ollama', 'conversation_history_length': 2, 'system_prompt': 'You are SAINT, a helpful AI assistant. Be concise. Respond naturally. If the user interrupts you, ad'}
2026-09-13 14:30:04 [INFO] ai.stream.done {'turn_id': 4286, 'request_id': 'fe814fe36a5b', 'stream_id': 'stream_4286_5e8ad0f4', 'elapsed_seconds': 0.076, 'response_length': 21}
2026-09-13 14:30:04 [INFO] latency.model {'ms': 76.3, 'turn_id': 4286, 'request_id': 'fe814fe36a5b'}
2026-09-13 14:30:04 [INFO] ai.stream.end {'stream_id': 'stream_4286_5e44023b', 'turn_id': 4286, 'request_id': 'fe814fe36a5b'}
2026-09-13 14:32:02 [INFO] module.loaded {'module': 'AI'}
2026-09-13 14:32:02 [INFO] module.enabled {'module': 'AI'}
2026-09-13 14:32:02 [INFO] module.loaded {'module': 'Voice'}
2026-09-13 14:32:02 [INFO] module.enabled {'module': 'Voice'}
2026-09-13 14:32:03 [INFO] ui.updated {'page': 'Dashboard'}
2026-09-13 14:32:03 [INFO] app.started
